id,src_lang,tgt_lang,source_text,target_text,domain
kentrans_1616,eng_Latn,rag_Latn,ANAKAMUNA NA ANAKANANI (II),ANAKAMUNA NA ANAKANANI (II),general_prose
kentrans_1060,eng_Latn,rag_Latn,Musalaba ni i njira yokhutsia mwigulu.,Musalaba ni njia ya kuelekea mbinguni.,general_prose
kentrans_926,eng_Latn,rag_Latn,"Y li inyumba yanje,","Ndiyo nyumba yangu,",general_prose
kentrans_49,eng_Latn,rag_Latn,Mwisukulu wovo Yivula Kisukulu.,Mjukuu wako akazaa kitukuu,general_prose
kentrans_2521,eng_Latn,rag_Latn,Edenesi mwirova -Libwoni,Mpira mchangana -Kiazi,general_prose
kentrans_667,eng_Latn,rag_Latn,Ya kudzera lve.,Alikufa kwa ajili yako,general_prose
kentrans_1714,eng_Latn,rag_Latn,"Avamwavo veeve vanene avaali muliihe vaasinyika ing'inga vaahulira naavoolanga ndio, navanuleemba.","Ndugu zake wakubwa waliokuwa katika vita hivi walikasirika wakati waliposikia na kuona haya, wakamgombeza.",general_prose
kentrans_1809,eng_Latn,rag_Latn,Mu mihiga jene yigi avayai valange kutula ku mihiga 16 kuduka mihiga 25.,Wavulana walikuwa na umri wa miaka 16 hadi 25 walipokuwa wakipashwa tohara.,general_prose
kentrans_3672,eng_Latn,rag_Latn,Intebe yoyo iveye kutula ku makula na makula.,Kiti chako cha enzi ni tangu kizazi hata kizazi.,general_prose
luhya_multi_52_sw,swh_Latn,rag_Latn,Koo ambazo mnaenda kujinyoa na manyoa ya kondoo.,"""Chikholo nicho mucha khukhwifura ne bufuumbo bwe kamakheese.",Conversational
kentrans_3002,eng_Latn,rag_Latn,Wovo ula,Yule wako,general_prose
kentrans_311,eng_Latn,rag_Latn,Mundu musatsa nakutsa atevangwa ahayivulwa,Mwanaume anapofariki huzikwa alipozaliwa,general_prose
kentrans_2451,eng_Latn,rag_Latn,Mwami Yesu lwa yaali na ziza,Bwana Yesu alipokuwa anaenda,general_prose
luhya_multi_27_en,eng_Latn,rag_Latn,The town elders used to call that person and then speak with him.,'Babemeelesi be lukoba balalaanga omundu oyo mala balomalome naye.,Conversational
kentrans_2490,eng_Latn,rag_Latn,Kwinye avalina vo mwami Yesu,Sisi tuliyo marafiki Wa Nwana Yesu,general_prose
luhya_multi_35_sw,swh_Latn,rag_Latn,Ng'ombe wengi na mifugo wengi.,""" Chikhaafu chingali ne bibiaayo bikali.",Conversational
kentrans_2491,eng_Latn,rag_Latn,Kove valoleki veve,Tu wajumbe wake,general_prose
kentrans_72,eng_Latn,rag_Latn,Nital siatevwa hamugitsi hoho mba.,lakini hakuwa anazikwa nyumbani kwako,general_prose
kentrans_3014,eng_Latn,rag_Latn,Yivuvaa,Anameza kwa mpigo,general_prose
kentrans_3209,eng_Latn,rag_Latn,Avakaana haliki minyolo javo?,Wasichana ………. wapi nyororo zao?,general_prose
kentrans_534,eng_Latn,rag_Latn,Naho mwene yiruka vudiku.,"Fauka ya hayo, mwenye nyumba alitoroka usiku.",general_prose
kentrans_1983,eng_Latn,rag_Latn,Zimbega zyi kivala.,Dira ya dunia.,general_prose
kentrans_1091,eng_Latn,rag_Latn,"Nyasaye; kase u lindanga vyosi,",Kila kiumbe chakutegemea,general_prose
kentrans_438,eng_Latn,rag_Latn,30. Guga naho guku kohenza mukilindwa lwom’mbiri gwo mwisukulu gwikitsangwa mu kilindwa. (Gase valavakula),Babu au nyanya kuangalia kaburini wakati mwili wa mjuku ulikiteremshwa kaburini(kitambo walipofuka),general_prose
kentrans_1599,eng_Latn,rag_Latn,"Kale ligali mumadiku gaavita, Anakamuna na Anakanani vavayaa halala.","Hapo zamani, Anakamuna na Anakanani walitembea kwa pamoja.",general_prose
kentrans_3119,eng_Latn,rag_Latn,Mateeva yaga gavoola ki?,Maswali haya ni ya nini?,general_prose
kentrans_460,eng_Latn,rag_Latn,"Vindu yivi nivikikiri kokolwa, musatsa sianyala koleeta mukali wundi mba.","Kabla ya kutekelezwa kwa hayo, mume huyo hangeruhusiwa kuoa tena.",general_prose
kentrans_2897,eng_Latn,rag_Latn,Engoka yavolera vaana vatigala na vavegwe mugamba kigira yenyanga itsie kuva henzera chokulia cha hamuglova.,Kuku aliwaambia waliosalia kuwa watamyolewa keshoye kwa vile alitaka kwenda kuwataftia chakula cha jioni.,general_prose
kentrans_761,eng_Latn,rag_Latn,Yesu a ku yanza ive.,Yesu anakupenda wewe.,general_prose
luhya_multi_340_sw,swh_Latn,rag_Latn,Milima ikayeyuka mbele yao kilicho kwa kwa Mungu,"5 Vigulu vya degera imbiri wal avekitinya kyavo ki veye mu Yahova,",Conversational
kentrans_3544,eng_Latn,rag_Latn,16 Kandi u vunanyi amino gange netsinzalo u nkuniki ligoke.,"Amenivunja meno yangu kwa changarawe,amenifunika majivu.",general_prose
kentrans_3266,eng_Latn,rag_Latn,"“Kigiraki kalunu wenyanga umwana akuheku chokulia chiche?""",“Kwa nini sasa unataka mototo akugawie chakula chake?”,general_prose
kentrans_2230,eng_Latn,rag_Latn,"Umuviri gugwo goveye hano,",Mwili wako uko hapa,general_prose
kentrans_297,eng_Latn,rag_Latn,Ndeva ndi Maragoli Hills na Maragoli Forest yatsia hayi?,Maragoli forest na Maragoli Hills ilienda wapi?,general_prose
kentrans_1623,eng_Latn,rag_Latn,Yaatsia lidiku lindi niyiimba kuli Anakamuna yimbanga.,Alienda siku nyingine na kuimba kama Anakamuna alikuwa akiimba.,general_prose
kentrans_2130,eng_Latn,rag_Latn,"Naye alaza hambi kuvandu vosi,",Naye atakuja kwa watu woto,general_prose
kentrans_1347,eng_Latn,rag_Latn,"Voola bwangu amang’ana, Yesu yadze lero.","Toa zako habari leo, upesi Yesu yuaja",general_prose
kentrans_1728,eng_Latn,rag_Latn,"Muhiitsi natali netsiimbwa tsinyala kufunyliritsa malusu nukunyagula vwangu, sianyala kwita kinywere mba.","Japo mwindaji hana umbwa shupavu wa kunusa na kukimbia sana, basi hataweza kuua knywere.",general_prose
kentrans_2681,eng_Latn,rag_Latn,Haa ninze Lledi.,Ni mimi Lledi,general_prose
kentrans_1345,eng_Latn,rag_Latn,Kwenya kwidzominya Yesu wa ku letera buyanzi,Tumsifu Yesu Kristo atuleteaye furaha,general_prose
kentrans_2081,eng_Latn,rag_Latn,Vwagira Yesu na Vambwa,Ilifanya Yesu Asulubiwe,general_prose
kentrans_3662,eng_Latn,rag_Latn,Avasoleli vahonga kutsia kukina.,Vijana hawaendi kucheza.,general_prose
kentrans_3288,eng_Latn,rag_Latn,"Na a mu ha a nwe, ma ya mu huuma kunangwa Debora ya singira, na a kandi.",Na akampa akunywe ili Debora asimame na ingine.,general_prose
kentrans_99,eng_Latn,rag_Latn,"Haango mukiliibwa usimiki iliyilinzu mukilibwa halala na kinagozi anoho ilikuvu na titovo,yivi vilakukuungila tsimoni tsi ndaamanu.",Kando ya boma upande miti ambayo itakiinga maovu,general_prose
kentrans_1166,eng_Latn,rag_Latn,Ya Ii muderwa wewe;,Mwana wake wa pekee,general_prose
kentrans_1880,eng_Latn,rag_Latn,Mukumu yirana kukuba mu magina gege ma atovola ku kindu kilala naho viviriku vyatevangi kuli ayanzi ma avolera mwene mulwaye amagina gange gasingiye ku kindu yiki.,Mganga wa kienyeji alikuwa akirejelea kupiga mawe na kuuliza kwa kitu kimoja au viwili alivyoulizia hapo awali na kuuliza aliye na mgonjwa mawe yangu yamesimama kwa kitu hiki.,general_prose
luhya_multi_25_en,eng_Latn,rag_Latn,"At that time I commanded you all that we give to your ancestors Abraham, Isaac and Jacob, you ought to do.","' Siise esio ese namulaka koosi niko khua bakuuka benywe Aburahamu, Isaaka ne Yakobo mukhoyela khukhola.",Conversational
kentrans_167,eng_Latn,rag_Latn,"Kigira kwa lola ingerengani yeye ivugwe,kuzi kumsigamira","Kwa maana tuliiona nyota yake mashariki, nasi tumekuja kumsujudia",general_prose
kentrans_590,eng_Latn,rag_Latn,"Niva mundu yitanga musigu, yatanga kukunzakalitswa, siyi ngiranga munyumba mwavo mba.","Japo mtu alimuua aduli, ilibidi atakaswe kabla ya kuingia kwa nyumba na kujiunga na familia yake",general_prose
kentrans_731,eng_Latn,rag_Latn,Va ta guutwa veve;,Wasioshindwa wake;,general_prose
kentrans_1405,eng_Latn,rag_Latn,“Ubukumi Ku Nyasaye nemirembe Ku ayandu”,"Ametoka enzini, kuja ulimwenguni",general_prose
luhya_multi_50_sw,swh_Latn,rag_Latn,Ambia watoto wenu jinsimlivyo leo.,"""Boolela babaana benywe nga mwakhaba luno.",Conversational
luhya_multi_173_en,eng_Latn,rag_Latn,It is because of the sins of his prophets and the iniquities of his priests.,13 Ga veye kigira ubwoni bwa vaprofeti veve na budamano va vasalisi veve.,Conversational
kentrans_226,eng_Latn,rag_Latn,"Niyoneka mavakola imiima nokutahitsa umutugu nivakamala ma vayika umundu uyu ULUKAYA valanganga MUSWAKILI yatse kukunga MISAMBWA midamano ijagila umundu uyu ULUKAYA ne vivya kumakono, nomwigoti, noku-",Akiharibika walikuwa wakifanya matambiko na kumchinja mfugo na wakishamaliza walikuwa wakimuweka mtu huyu HIRIZI walikuwa wakiita ANAYETOA KAFARA Aje kufukuza MIUNGU miovu iliyosababisha mtu huyo kuhisi maumivu mikononi na shingoni.,general_prose
luhya_multi_246_en,eng_Latn,rag_Latn,"Rejoice and be glad, O daughter of Edom, who dwells in the land of Uz.","21 U yanze, u sangale, o Mukana was Edom umenya mu kivala Kya Uzu.",Conversational
luhya_multi_130_en,eng_Latn,rag_Latn,"He who was seeing cattle or sewing many ropes then tie the sheep of the Israelite, your companions, flowers at the four nearby corners.","""Waaba ne obona ekhaafu namwe “Ruka buusi bukali mala oboe likheese lio Muisiraeli wasio buyenje khu ndulo chine che sisibiimbi.",Conversational
kentrans_3255,eng_Latn,rag_Latn,Lumuli luveeye nuvulavu vukekeke.,Mwenge huwa na mwangaza kidogo,general_prose
kentrans_185,eng_Latn,rag_Latn,A- Vayanza – Vagavo,Avayanza mtoto wa Vagavo,general_prose
kentrans_320,eng_Latn,rag_Latn,Lidudu nilio kandi liamanya ulwe imbula nikubi.,Lidudu(ndege) ndiye anayejua wakati mvua itanyesha.,general_prose
kentrans_607,eng_Latn,rag_Latn,Si Ku nyala kubalidza,Hatuwezi kuhesabu,general_prose
kentrans_951,eng_Latn,rag_Latn,Bwenyanga inze nomwoyo gwange.,Yataka mimi na moyo wangu.,general_prose
kentrans_3447,eng_Latn,rag_Latn,17 Zioni a nyiranga makono hehe si ha veye Kali mlala u mu leminya mwoyo.,Sayuni huinyosha mikono yake na hakuna hata mmoja wa kumfariji.,general_prose
kentrans_3317,eng_Latn,rag_Latn,"Ivyanene navandu; Lirova iya degera, neligulu iya Yahova ya sulunguta kigira inze tonyatonya,ku vetsngulu",Ya wakuu na watu; nchi ilitetema mbingu ya Mungu iliteremka kwa sababu mimi nadondosha kwa wenye nguvu,general_prose
kentrans_265,eng_Latn,rag_Latn,Ulalola amang'ana ge tsing'ereng'ani.,Utaona mambo ya nyota.,general_prose
kentrans_3174,eng_Latn,rag_Latn,Yaavalola nivamukinira vukinu vulahi.,Aliwauliza wakamchezea michezo mjzuri.,general_prose
kentrans_298,eng_Latn,rag_Latn,Nanivwaha wononyia?,Ni nani aliyeharibu?,general_prose
kentrans_3565,eng_Latn,rag_Latn,"37 Ni bwaha u vulanga, ma li va, Ni I va Yahova si ya li laga mba?",Nani awezaye kusema nalo likatendeka kama Bwana hajaamuru?,general_prose
luhya_multi_85_en,eng_Latn,rag_Latn,"""Ndemeye, Ndemeye""","“Ndemeye a ndemeye”,",Conversational
kentrans_969,eng_Latn,rag_Latn,Nda suuvira ive,Nakuamini,general_prose
kentrans_1151,eng_Latn,rag_Latn,"Ndamenya nalwo kase kase,",Huimba wimbo huu siku baada ya siku,general_prose
kentrans_829,eng_Latn,rag_Latn,"Hulira lugano lwefwe, Iwa Va Iwa haari va diva","Sikiliza hadithi, walipokuwa wakiteseka",general_prose
luhya_multi_191_en,eng_Latn,rag_Latn,15. Seeing the nakedness of your father-in-law and mother-in-law.,15. Kolola chahonyo cha navizala wovo.,Conversational
kentrans_1952,eng_Latn,rag_Latn,Mu livola lyetu ling'ana mugoye ne kamba yasitwa kutula ku makambi kovoha vindu.,Kulingana nasi neon kamba hutoka kwa makambi ili kufungia vitu.,general_prose
kentrans_2388,eng_Latn,rag_Latn,Ulanyola ligasizwa,Upate Baraka zake,general_prose
kentrans_389,eng_Latn,rag_Latn,AVAKALI,Wanawake,general_prose
kentrans_3362,eng_Latn,rag_Latn,Kishon.,Kishon,general_prose
kentrans_2424,eng_Latn,rag_Latn,Kukwimirira mu vohonyi.,Atuongoze katika wokovu,general_prose
kentrans_1040,eng_Latn,rag_Latn,"Mbukanga lu na lekha woni,","Nafurahia nilivyowacha dhambi,",general_prose
kentrans_844,eng_Latn,rag_Latn,Ku genya kigira a yanza,Tunashangaa kwa sababu anafurahi,general_prose
kentrans_380,eng_Latn,rag_Latn,Kandi avandu valiava kutsa kale valangwa MISAMBWA.,"Vilevile, watu walioongoza sherehe za matamiko waliitwa Misambwa.",general_prose
kentrans_2372,eng_Latn,rag_Latn,Otovole liva mwoyo,Uchague kuishi,general_prose
kentrans_2129,eng_Latn,rag_Latn,"Hambi mwosi ku yahova Nyasaye,",Njooni nyote kwa Mungu Baba,general_prose
kentrans_842,eng_Latn,rag_Latn,Lwa ku singira imbiri,Tusimamapo mbele,general_prose
kentrans_2948,eng_Latn,rag_Latn,Linani yilio liamanya nilililomba indumba kutula ku kihanga chatigala.,Zimwi hilo liliunda ngoma kutoka kwa mifupa iliyokuwa imebaki.,general_prose
kentrans_839,eng_Latn,rag_Latn,"We haane khu Muyeti yuno, wiche omusigamire","Aliyejitolea kutufia, uje umuabudu",general_prose
kentrans_630,eng_Latn,rag_Latn,"Lwa ya saala, “O u va samehe,","Aliomba, “Oh wasamehe,",general_prose
kentrans_2193,eng_Latn,rag_Latn,"Karunu vamali kwirana inyima, vene,",Sasa wamerudi nyuma wao wenyewe,general_prose
kentrans_1492,eng_Latn,rag_Latn,Inyima wokuvega mkeere yateenya nomukaana.,"Baada ya kunyoa, ajuza pamoja na msichana waliokota kuni.",general_prose
luhya_multi_181_sw,swh_Latn,rag_Latn,"Nimekuwa dhihaka kwa watu wangu wote,wimbo wao mchana kutwa.","14 Ngwiye kihenyahenye KU Avandu vange vosi, lwimbu lwavo mbasu Bei.",Conversational
kentrans_1566,eng_Latn,rag_Latn,Daudi yaayanzwa naise namama weve.,Daudi alipendwa na wazazi wake,general_prose
kentrans_1995,eng_Latn,rag_Latn,Tsitsanga yahoo,Nakuja huko.,general_prose
kentrans_2209,eng_Latn,rag_Latn,Umwingirizi,Mpokee,general_prose
luhya_multi_400_en,eng_Latn,rag_Latn,Ninga child of Zatsa,A - Ninga? -Ninga Zatsa,Conversational
kentrans_3211,eng_Latn,rag_Latn,Linyinya nerinyonyi naho nenyama?,Popo ni ndege au ni mnyama?,general_prose
kentrans_1230,eng_Latn,rag_Latn,Na u la ku linda.,Na uwe mlinzi wetu,general_prose
kentrans_2835,eng_Latn,rag_Latn,Kigira kitabu yiki si keveyena tsipicha tsinyingi.,Kitabu hiki kitawafunza kwa sababu kina picha nyingi.,general_prose
kentrans_794,eng_Latn,rag_Latn,ldza mu mwoyo gwanje;,Alikuja moyoni mwangu;,general_prose
kentrans_3038,eng_Latn,rag_Latn,Guuga agulaa ligulugulu,Babu ananunua mbuni.,general_prose
kentrans_2692,eng_Latn,rag_Latn,Onzere wange ninze Lledi goo,"Onzere,ni mimi Lledi",general_prose
kentrans_1621,eng_Latn,rag_Latn,Navutswa yaamanya vulahi nnya Anakamuna akiri mwoyo.,Lakini alijua kwamba mamake Anakamuna angali hai.,general_prose
luhya_multi_364_en,eng_Latn,rag_Latn,"You have seen the depth of their vengeance, and all their evil plots against me.","60 Ive u Loli kisalya kyavo kyosi, na lisaavira lyavo lyosi Lya vasaviira ku inze.",Conversational
kentrans_442,eng_Latn,rag_Latn,34. Kutsia hanyangi eveeye nutula halukuzu.,Kwenda mahali pa sherehe baadaa ya kutoka palipo matanga,general_prose
kentrans_584,eng_Latn,rag_Latn,Lwene yilwo avandu zana vatigala avanifu nuvu yanzi.,"Pia, wahusika walibaki wakiwa safi na wenye furaha.",general_prose
luhya_multi_339_en,eng_Latn,rag_Latn,Our pursuers are at our necks.,5 avaku londerera vyaveye ku magoti getu.,Conversational
kentrans_233,eng_Latn,rag_Latn,Ivindu vilombe ivya Nyasaye yalomba vyasuvila ku liuva nilio liene vunyali.,Viumbe vyote alivyoviumba Mungu huamini jua ndilo lenye mamlaka.,general_prose
kentrans_479,eng_Latn,rag_Latn,Miyinzi jije jalange kolomba hukusambila.,Kazi yake ilikuwa kutengeneza mahali pa kuchomea.,general_prose
kentrans_1250,eng_Latn,rag_Latn,"Kwimbanga livulwa liyo, Ii landidza hoosi,","Twaimba ujio wake, twatangaza kote kote",general_prose
kentrans_620,eng_Latn,rag_Latn,Wa soma lugano Iwo Musala?,Ulisoma hadithi ya msalaba?,general_prose
kentrans_855,eng_Latn,rag_Latn,Ku la lola mmoni mwimwe;,Tutaona uso wake;,general_prose
kentrans_3677,eng_Latn,rag_Latn,22 Navutswa u kusuye ligali u veye nobutima bunene ku kwinye.,Isipokuwa umetukataa kabisa; Una hasira nyingi sana juu yetu.,general_prose
kentrans_2241,eng_Latn,rag_Latn,"Wakola vulahi niwiganira vwoni,",Yapendeza kwake ulitubu dhambi,general_prose
kentrans_195,eng_Latn,rag_Latn,Avalogooli valange namang'ana ne kindu KUVIDA/KUSALISA/NO KUSWAKILA mumiima javo.,Wamaragoli walikuwa na maneno ya KUTIBU/KUBARIKI NA KUTOA KAFARA katika mila zao.,general_prose
kentrans_705,eng_Latn,rag_Latn,Buyanzi bwavo mwigulu,Furaha yao mbinguni,general_prose
kentrans_3491,eng_Latn,rag_Latn,"Va viki lugukyi ku mitwe gyavo, viviki tsingubo tsya magunia mu virenge vyavo.","Wameweka vumbi juu ya vichwa vyao, Wamejivika miguuni nguo za magunia.",general_prose
kentrans_1996,eng_Latn,rag_Latn,Nuyanza unzingirizi.,Kwa mapenzi yako unikubali,general_prose
kentrans_1933,eng_Latn,rag_Latn,Ku yaga vikala halala ni vakalaga nuvulahi kwenyolere lyeta likuhambanyia.,Kwa hivyo waliketi pamoja na kuamua ni vizuri kujipatia jina la kuwaunganisha.,general_prose
kentrans_237,eng_Latn,rag_Latn,Ivindu vinyingi vikolekanga hasi he Liuva na Liuva nilyo Emoni ya Nyasaye kuvilombe vivye.,Vitu vingi hufanyikavyo chini ya Juan a Jua ndilo Jicho la Mungu kwa viumbe wake,general_prose
kentrans_1474,eng_Latn,rag_Latn,yenyaa yiite enzoka.,Anataka kuua nyoka.,general_prose
kentrans_149,eng_Latn,rag_Latn,Liva lio mwana na nyia w uvulahi novudamanu vutanganila munda.,Kuishi vizuri au vibaya kati ya mama na mtoto huanzia tumboni,general_prose
luhya_multi_11_en,eng_Latn,rag_Latn,Oh! That grandmother suffered and felt pain and more suffering,". O! Leka gave! Leka! Mukeere uyo yilduuda, niyigibula viguma, naakuba kivi naasaalira ligali.",Conversational
kentrans_3596,eng_Latn,rag_Latn,"2 Avana va Zioni avobuguli budinyu, Ava validzwa kulengana nethahabu isiyeku.","Wana w Sayuni ni wenye thamani, Walinganao na dhahabu safi.",general_prose
kentrans_2131,eng_Latn,rag_Latn,"Avamali kwogiza myoyo gyavo,",Waliojitakasa nyoyo zao,general_prose
kentrans_2624,eng_Latn,rag_Latn,Ni vakavola tsingano tsia manani vali vanyala kumaliritsa ne tsinyimbu ma vatsia kogona.,Utambaji wa hadithi ulimaliziwa na nyimbo na baadaye wanaenda kulala.,general_prose
kentrans_3281,eng_Latn,rag_Latn,17 Navutswa Sisera yiruka nevilenge va Nafitali na tsyavana va Zebuloni?,Lakini Sisera akakimbia kwa miguu ya Naftali na za watoto wa Zebuloni?,general_prose
kentrans_3182,eng_Latn,rag_Latn,Line liretaa vuveereri vunene muno mukivala,Jambo hili lilisababisha huzuni nyingi duniani,general_prose
kentrans_572,eng_Latn,rag_Latn,23. Mukali kukuba mundede yo musatsa.,23. Mke kupiga sehemu nyeti za mumewe.,general_prose
kentrans_1550,eng_Latn,rag_Latn,Gwamugiinga nigumuhira mmbulimu.,Jini likambeba likampeleka msituni.,general_prose
kentrans_3234,eng_Latn,rag_Latn,Egengere,Kengele,general_prose
kentrans_1326,eng_Latn,rag_Latn,Makuva malahi ga vayi va voola.,Ujumbe mzuri ya wachungaji,general_prose
kentrans_74,eng_Latn,rag_Latn,Kandi naveye umuyai siyombakilwa hamugitsi vulungi mba,Mvulana huyu hakujengewa kwa boma,general_prose
luhya_multi_376_sw,swh_Latn,rag_Latn,"Bwana ameitupilia mbali madhabahu yake, Amepachukia patakatifu pake.","7 Yahova ya ta ubwali bwibwe, kandi ya ta hatakatifu hehe.",Conversational
luhya_multi_116_en,eng_Latn,rag_Latn,Anyone who sleeps with an animal should be cursed.,"""Omundu yesi yesi okona ne esaang'i alaamwe.""",Conversational
kentrans_3254,eng_Latn,rag_Latn,Eng'ereng'ani niyaaguluka ula ola vulavu.,Nyota akianguka utaona mwangaza,general_prose
luhya_multi_288_en,eng_Latn,rag_Latn,Sleeping in your parents' bed when you are an adult.,31. Kogona muvogono vwa vivuli vovo noveeye mundu uduuki.,Conversational
kentrans_791,eng_Latn,rag_Latn,"Masahi gege ga rhonya,","Damu yake ilimwagika,",general_prose
kentrans_1447,eng_Latn,rag_Latn,Ling'ongoi Eng'ereng'ani eveeye igulu.,Ling’ong’oi nyota iko juu.,general_prose
luhya_multi_61_en,eng_Latn,rag_Latn,"We did what the Almighty of Moses told the people that, all the time our God promised us.","""Khwakhola niko Wele Omunyali Owa Musa aboolela babaandu ali, ""Siise Bioosi Wele wefwe akhulaka.",Conversational
kentrans_758,eng_Latn,rag_Latn,Wa va yanza voosi bei.,Anaye wapenda wote kikamilifu,general_prose
kentrans_1821,eng_Latn,rag_Latn,"Avakevwa vamenyanga halala, valitsanga halala vagendanga halala.","Waliotahiriwa waliishi pamoja, kula na kutembea pamoja.",general_prose
kentrans_4,eng_Latn,rag_Latn,Aki niwandetera ku?,Mbona hukuniletea?,general_prose
luhya_multi_4_sw,swh_Latn,rag_Latn,Indede waone watoto wasaidie na kile ambacho umepata x2,. Indede balole abana baeresiekho siria sia onyorere x2,Conversational
luhya_multi_207_en,eng_Latn,rag_Latn,"Zion spreads out her hands, but there is no one to comfort her.",17 Zioni a nyiranga makono hehe si ha veye Kali mlala u mu leminya mwoyo.,Conversational
kentrans_1539,eng_Latn,rag_Latn,Nimiyinziki jolugembe lukolaa?,Wembe unafanya kazi gani?,general_prose
kentrans_2404,eng_Latn,rag_Latn,Utandeka mu tsisoni,Usinitie katika aibu,general_prose
luhya_multi_270_en,eng_Latn,rag_Latn,"And let him sit alone and be silent, for the Lord has placed it upon him.",28 Yikale yengine nokukiringana kigira u Viki kuye inkuva yiyi.,Conversational
kentrans_3548,eng_Latn,rag_Latn,"20 Mwoyo gwange gu kidzulizanga yago, na gwinama mu inze.","Ninayakumbuka vyema, nayo nafsi yangu imezimia ndani yangu.",general_prose
kentrans_3456,eng_Latn,rag_Latn,Mwoyo gwange gu gwirani mu inze kigira nzebaaye nobululu.,Moyo wangu umegeuka ndani yangu; Maana nimeasi vibaya sana.,general_prose
kentrans_1878,eng_Latn,rag_Latn,Mwana ulwalanga uyu atsitsanga ku we Kegoli?,Mtoto huyu anayeitwa huwa anaenda kwa Kegoli?,general_prose
kentrans_2524,eng_Latn,rag_Latn,Tsing'ombe tsia baba tsigona nemikira ichova - Amabwoni Ngoboo!,"Ng,ombe za baba zinalala mkiwa zikiwa nje -Viazi vitamu",general_prose
luhya_multi_347_en,eng_Latn,rag_Latn,What I see brings sorrow to my soul because of all the women of my city.,"51 Imoni yange I hayahayidzanga mwoyo gwange, kigira avakana vosi velidala lyange.",Conversational
luhya_multi_110_sw,swh_Latn,rag_Latn,"Mtu alikuwa na mvulana anayesumbua asiyetii baba na mama yake, hata wakimrudi.","“Omundu aaba no omusoleeli onaania okharia paapa ne maawe tawe, akhaba ne bamukololosia.",Conversational
kentrans_3639,eng_Latn,rag_Latn,2 Miyandu gyetu gyi girunkannyiywi kutsya ku vageni.,Urithi wetu umegeuka kuwa mali ya wageni.,general_prose
kentrans_353,eng_Latn,rag_Latn,Imbutsa niyagota niyilana yilanila kuvigulu ma kandi Munyanza no mumilitu no muvivanda.,"Upepo ukipotea, urejeapo huanzia milimani na pia katika Ziwa au msituni au kwenye mabonde.",general_prose
kentrans_1659,eng_Latn,rag_Latn,"Muyayi wiiruka niye waali niyiiva, nayasuuviraa musakulu tsana yetegekaa kumulasa","Kijana aliyetoroka ndiye aliyekuwa ameiba, alithania kuwa Yule alitaka kumrusha",general_prose
kentrans_2132,eng_Latn,rag_Latn,Yavo valiva vatovole vu mwami.,Wlio wateule wa Mungu,general_prose
kentrans_3401,eng_Latn,rag_Latn,Virenge vivye.,Miguu yake,general_prose
kentrans_1138,eng_Latn,rag_Latn,"Mbeye no lwimbu mwoyo gwange,",Nina wimbo moyoni wmangu,general_prose
kentrans_2118,eng_Latn,rag_Latn,"Tsimbavasi tsia yahova Nyasaye,",Neema zaka Mungu Baba,general_prose
kentrans_2806,eng_Latn,rag_Latn,Omwana wa mama gona.,Mtoto wa mama lala.,general_prose
kentrans_2345,eng_Latn,rag_Latn,"A la loleka mu malesi,",Ajapo mawinguni,general_prose
kentrans_55,eng_Latn,rag_Latn,Baba ni Baba wovo uwakwivula ligali naho (Dada) Mama (m'maa) Uyu ni mama wovo uwageligali uwakwivula Senge Uyu ni Mbotso Baba wovo.,Baba ni baba yako aliyekuzaa kabisaa ama ( Baba)Mama(m'maa) huyu ni mama yako Wa kweli aliyekuzaa naye shangazi ni dada ya baba yako.,general_prose
kentrans_43,eng_Latn,rag_Latn,Ndavugura uvuyaro wa ndeda,Nitawashtaki kwa Ndeda,general_prose
luhya_multi_100_sw,swh_Latn,rag_Latn,"Jinsi mlivyokuwa watu elfu mia moja hamsini na watu wengine wa kwa mlima wa Sinai mungu mweza wa vyote,mungu wetu alituambia kuwa mmeishi muda mrefu kwa mlima.","“Nga ne mwabeele be babaandu eelefu emia ndala kamakhumi karano ne babaandu babaandi be a sikulu sia Sinai Wele Omunyali Owa babaandu, Wele wefwe akhuboolela efwe 'Mwamenyile siise sileeyi a sikulu.",Conversational
kentrans_1257,eng_Latn,rag_Latn,Nyee mwimba aveve mwidzominye Yesu,Mungu wa waunguMwanga wa mianga,general_prose
kentrans_1744,eng_Latn,rag_Latn,"Iyavanga kidivu chayo numunwa mu tsimbangaywa tslevigulu nokuluginga Iwo mugera munene, inyanza naho kuumbalabala.","Huchimba shimo lake kwa kutumia kidona na kwato za juu kando ya mto mkubwa, ziwa ama kwenye barabara",general_prose
luhya_multi_142_sw,swh_Latn,rag_Latn,Twaomba kwako Oh Bethlehemu,"0, Mwana wa Bethelehemu ku saala ku lve;",Conversational
kentrans_3666,eng_Latn,rag_Latn,O bayaye ku kwinye! kigira ku koli ubwoni.,Ole wetu! Kwa kuwa tumetenda dhambi.,general_prose
kentrans_2760,eng_Latn,rag_Latn,MAONDO GA ANZEEZE,MALENGE YA ANZEEZE,general_prose
kentrans_2749,eng_Latn,rag_Latn,Vayayii woo!,Ni shangwe tele.,general_prose
kentrans_485,eng_Latn,rag_Latn,Yakolanga tsingulu kuduuka m’mbiri gwosi guhia zere.,Alifanya bidii ili kuhakikisha mwili wote umeungua wote.,general_prose
kentrans_1334,eng_Latn,rag_Latn,"Avana mu mwimbire mu Siguku yiyi,",watoto wote tumwimbie hii siku kuu,general_prose
kentrans_3164,eng_Latn,rag_Latn,Majikolo gaveeye kumaduuma getu,Tai wako kwa mahindi yetu.,general_prose
luhya_multi_287_en,eng_Latn,rag_Latn,For people are not cast away by the Lord forever.,31 Kigira Yahova si a la ta mihiga nemihiga.,Conversational
kentrans_1669,eng_Latn,rag_Latn,6. Musakulu uyo yaamanya ndi muyayi wiiva?,Mzee Yule alimjuaje kijana aliyeiba ?,general_prose
kentrans_895,eng_Latn,rag_Latn,Kwinye kwosi kwenya,Sisi sote tunataka,general_prose
luhya_multi_363_sw,swh_Latn,rag_Latn,Mzee Yule alimjuaje kijana aliyeiba ?,6. Musakulu uyo yaamanya ndi muyayi wiiva?,Conversational
kentrans_3309,eng_Latn,rag_Latn,"Tegidze amatu ,O mwinye ava-Hene yahoo va Yahova va E nene;","Tegeni maskio enyi wakuu, watu wa Mungu wakuu",general_prose
luhya_multi_184_en,eng_Latn,rag_Latn,14. Looking at mother-in-law or father-in-law in the throat.,14. Kohenza navizala kumulugu.,Conversational
kentrans_3602,eng_Latn,rag_Latn,5 Ava litsanga vigasu va lekeywi vengine ku Tsinzira tyelidala.,Wale waliokula vitu vya anasa wameachwa peke yao njiani.,general_prose
kentrans_2440,eng_Latn,rag_Latn,Kegero ki cha ive ungererangamu,Ni kipimo gani wanipimia,general_prose
kentrans_1169,eng_Latn,rag_Latn,Mu sigame mu Saale;,Wasujudu wamuabudu,general_prose
kentrans_2365,eng_Latn,rag_Latn,Inze mbeye mutungiri wa yavo,Deni lote nitalipa,general_prose
kentrans_3350,eng_Latn,rag_Latn,"Kigira ki yahova a la gulidza Sisera naye ya kunula ichupa ya amavere,nokumuvika mu mukono gwomukali",Kwa sababu Mungu atauza Sisera naye alifungua chupa ya maziwa na kumwekea kwa mkono wa mwanamke.,general_prose
kentrans_2536,eng_Latn,rag_Latn,"Baba, mama, mwana vafanana - Irisu","Baba ,mama,watoto wanafanana -Nywele",general_prose
luhya_multi_39_sw,swh_Latn,rag_Latn,Ama babake asilaaniwe.,""" namwe raraawe tawe alaamwe.""",Conversational
kentrans_1242,eng_Latn,rag_Latn,"Tsing’ereng’ani tsi henza, tsi manya livulwa,","Nyota juu mbinguni, ishara ya Mwana kuzaliwa",general_prose
luhya_multi_315_sw,swh_Latn,rag_Latn,4. Mwanaume kukaa jikoni.,4. Musatsa kugunza ivwasi.,Conversational
kentrans_1103,eng_Latn,rag_Latn,UDZE MWAMI MUNENE,NJOO MUNGU MKUU,general_prose
kentrans_1942,eng_Latn,rag_Latn,Vamanyanga vasia amadia ma vinika ekenoko kuduka lwa kirula mavatulitsa ni waminaga kuli ovosera vulitu ligali.,Walikuwa wakisiaga ‘amadia’ kisha wanachanganya unga huo kwa maji na kuiwacha igande kisha ikishakuwa chachu walikuwa wakitoa na kupika kam uji.,general_prose
kentrans_1547,eng_Latn,rag_Latn,Yasaalira kuvita.,Akaumia sana,general_prose
luhya_multi_59_sw,swh_Latn,rag_Latn,“Sasa leo nimeamua kulipiza kisasi kutokana na vile uliwafanya watoto wangu.”,“Khalano nyaingaino ndakhaamua khulipsya ngekulo wakholere banabanga.”,Conversational
kentrans_554,eng_Latn,rag_Latn,7. Kogona nu mwiiko.,Kufanya tendo la ndoa na mtu wa ukoo.,general_prose
kentrans_1207,eng_Latn,rag_Latn,Buyanzi bu la va,Furaha twapata,general_prose
luhya_multi_224_en,eng_Latn,rag_Latn,"The children of Zion are precious, comparable to pure gold.","2 Avana va Zioni avobuguli budinyu, Ava validzwa kulengana nethahabu isiyeku.",Conversational
kentrans_1276,eng_Latn,rag_Latn,"Vandu, vandu voosi vimbe.",Na wote na wote wamshangilie.,general_prose
kentrans_2291,eng_Latn,rag_Latn,Kuvudamanu vwamwakora vwosi.,makosa yote muliotenda,general_prose
kentrans_960,eng_Latn,rag_Latn,Nokhulavidza myoyo.,Na kusafisha moyo,general_prose
kentrans_1751,eng_Latn,rag_Latn,Voola viokulia vietsisimindwa tsiritsanga?,Taja vyakula ambavy teleka shukula?,general_prose
luhya_multi_26_en,eng_Latn,rag_Latn,"He will do so when you obey him then what he said will not reach his laws which I give you, it will not be a message of this God by loving him, God.","'Alakhola ario mwaba ne muria o mala niko aloma se kakhole kamalaka kewe niko ndikho muelesia tawe, aba se buli burume bwa Wele luno khulwe khumusiima niye, Wele.",Conversational
kentrans_1554,eng_Latn,rag_Latn,Gwa,Anguka,general_prose
luhya_multi_212_sw,swh_Latn,rag_Latn,"Nikasema nguvu zangu zimepotea, na tumaini langu kwa Bwana.","18 Na Nda vola tsingulu tsyange tsi goti, na lyenya lyange kutwula ku Yahova.",Conversational
kentrans_3100,eng_Latn,rag_Latn,Mama aveeye ne taya,Mama ana taa,general_prose
kentrans_1868,eng_Latn,rag_Latn,Yali yavika amagina amekuyungu ne kesero kilahi cha yakubiranga ku amagina zana yaga,Alikuwa ameweka mawe yaliyoviringwa na ngozi nzuri aliyotumia kugongea hap ohayo mawe.,general_prose
kentrans_3380,eng_Latn,rag_Latn,"Singira, Baraka, u hile avelilanya",Simama Baraka usikie,general_prose
kentrans_1548,eng_Latn,rag_Latn,Mwoyo gwigwe gwaliduha ligali nalwayaheenza yigulu yaalola gunani.,"Moyo wake ukasononeka sana na alipoangalia juu, akaona jinni.",general_prose
luhya_multi_392_sw,swh_Latn,rag_Latn,Naye akasema ukweli mimi nitaenda pamoja nawe,"9 Naye ya vola, Ligali inze nda tsia huuma nengubo",Conversational
kentrans_690,eng_Latn,rag_Latn,"Ya kola tsimbabasi,",Alifanya rehema,general_prose
kentrans_3614,eng_Latn,rag_Latn,11 Yahova udukidzi ubutima bwibwe tsuki ubutima bwibwe bululu.,"Bwana amjawa na hasira, ameimimina hasira yake kali.",general_prose
kentrans_2135,eng_Latn,rag_Latn,"Koveye valina avekivala,",tu marafiki wa ulimwengu,general_prose
kentrans_1404,eng_Latn,rag_Latn,"Vidzominyanga Nyasaye, namakuva amalahi","Amezaliwa mwili, Mwana wa mwanamwali",general_prose
kentrans_1431,eng_Latn,rag_Latn,Vulandaa ahekituunda keveeye.,Nyasi inamea penye kuna tunda.,general_prose
kentrans_1294,eng_Latn,rag_Latn,Mu ta tia mba mu letera,Wakacha sana wachunga,general_prose
kentrans_1201,eng_Latn,rag_Latn,Nokwameha hoosi.,Pote kutawala,general_prose
kentrans_2550,eng_Latn,rag_Latn,Kwagani na senge nagingi amalala - Liisa,Tumekutana na shangazi kama amebeba matawi -Dudu manyoa,general_prose
luhya_multi_205_sw,swh_Latn,rag_Latn,"Umeiweka nafsi yangu mbali na Amani, nikasahau kubarikiwa.","17 U Mali kuvika mwoyo gwange gu ve ihale nemirembe, nziviriye ligasidzwa.",Conversational
kentrans_733,eng_Latn,rag_Latn,Vidzominye Yesu.,Wamsifu Yesu.,general_prose
kentrans_1887,eng_Latn,rag_Latn,Na niyakutsanga ma vavola agandi galondeye mu go mukumu yali nakiri kolóla.,Na iwapo angekufa walikuwa wakisema mambo mengingine yalikuwepo ambayo hayakutatuliwa na mganga wa kienyeji.,general_prose
kentrans_3494,eng_Latn,rag_Latn,"Likudumani lyange li tsukeywi ku kivala, kigira ubwoneku bwomukana wavandu vange.",Ini langu linamiminwa juu ya nchi Kwa uharibifu wa binti ya watu wangu.,general_prose
luhya_multi_296_en,eng_Latn,rag_Latn,To deny someone their rights before the Most High.,35 Ku kyaminya ubulungi bwomundu imbiri womumoni mwa uyu uveye igulu ligali.,Conversational
kentrans_363,eng_Latn,rag_Latn,Na Nyasaye siyenya umundu amanye agaviswa ku mba.,Naye mungu hataki mtu ajue yaliyofichwa hapo juu.,general_prose
luhya_multi_397_sw,swh_Latn,rag_Latn,Watu hawa ni wa tabia zipi?,9. Aviguliri nivandu valuganoki?,Conversational
kentrans_942,eng_Latn,rag_Latn,Burhugi bwange ni vindu vutswa.,Mali yangu ni bure.,general_prose
kentrans_1988,eng_Latn,rag_Latn,Isavalu yi imadyoli.,Kusini magharibi.,general_prose
kentrans_858,eng_Latn,rag_Latn,Wina wenyanga kuhonya vandu,Ni nani anayetaka kusaidia watu,general_prose
kentrans_436,eng_Latn,rag_Latn,28. Mukali kulia engoko. (Niyalitsanga kuduuka atsia wavo koleeta eng'ombe naho imbuli).,Mwanamke kumla kuku (akimla ilibidi aende kwao kuleta ng’ombe na mbuzi),general_prose
kentrans_3298,eng_Latn,rag_Latn,"Tsihiri, kuduka ku mugera gwa tsinyanyiru tsitsye",Makabila kufika kwa mito ya vikulio vyake,general_prose
kentrans_3556,eng_Latn,rag_Latn,28 Yikale yengine nokukiringana kigira u Viki kuye inkuva yiyi.,"Na akae peke yake awe kimya, kwa maana Bwana ameiweka juu yake.",general_prose
kentrans_21,eng_Latn,rag_Latn,A vagavo,Wa vagavo,general_prose
kentrans_776,eng_Latn,rag_Latn,Khwigalikhira ubwoni bwange,Yeye ataosha dhambi zangu,general_prose
kentrans_1231,eng_Latn,rag_Latn,"U ku kunike voosidza,",Tufunike sisi sote,general_prose
kentrans_2251,eng_Latn,rag_Latn,"Mulalia vilahi vyekivala yiki,",Mutakula vyote vitamu vya dunia,general_prose
kentrans_53,eng_Latn,rag_Latn,Na kizienzzie chicho chivula kifudula moni.,Na kilembwe kilembekezwa chako kikazaa kilembwe kilembwe kilembekezwa,general_prose
kentrans_724,eng_Latn,rag_Latn,Yesu ya khudzera bwoni bwa vandu,Yesu alifia dhambi za watu,general_prose
luhya_multi_37_en,eng_Latn,rag_Latn,Therefore choose three other cities to flee to.,” Kwako murobore chingoba chichiindi chitaru che khukhwilukhilamo.,Conversational
luhya_multi_362_sw,swh_Latn,rag_Latn,Nyanya huyu alikuwa vpi baada ya kitendo hicho?,6. Mukeere uyo yaamanya naavandi?,Conversational
kentrans_3212,eng_Latn,rag_Latn,Nimanyonyiki gakunyala kuha lunyaasi?,Ni dege wepi tunaoweza kupatia dawa?,general_prose
kentrans_3129,eng_Latn,rag_Latn,Vagumiyi mafa muugi,Wameshika miba yenye makali.,general_prose
kentrans_1390,eng_Latn,rag_Latn,Na si nda tia kindu mba,Wala sitaogopa mabaya,general_prose
kentrans_2134,eng_Latn,rag_Latn,"Kigira kusalanga novudamanu,",Sababu tumejaa dhambi sisi waombaji,general_prose
kentrans_1685,eng_Latn,rag_Latn,Liihe liali niriveeye lirulu ligali nivakubanga isaango enene,Vita vilikuwa vimechacha kati yao hadi wakaunda,general_prose
kentrans_918,eng_Latn,rag_Latn,Ku ta leka kandi mba:,Tusiwache tena:,general_prose
luhya_multi_348_en,eng_Latn,rag_Latn,Those who were my enemies without reason have hunted me like a bird.,"52 Va himanga inze kuli linyonyi li himangwa, Ava veye avasigu vange bukira kivuni.",Conversational
kentrans_1237,eng_Latn,rag_Latn,"Igulu mu ubwerefu, Voosi va yanzanga,","Juu mbinguni, wote wanafurahia",general_prose
kentrans_3344,eng_Latn,rag_Latn,"7 Na inze nda ku sundira, ha mugera Jaeli mukali wa Heberi Mukeni;gwa Kishon, Sisera,munene welihe kigira ha li nemirembe hagati ha lya Jabin, halala na magari gege nobu-Jabin mwami wa Hazoru,nenyumba nyingi bwavandu veve;nan da mu ya Heberi Mukeni.","Na mimi nakusongezea, nakumshtua Jaeli mke wa Heberi Mukeni; ya kishon, Sisera, mkubwa wa vita kwa sabasbu hakukuwa na amani kati ya Jabin pamoja na magari yake labda Jabin mkuu wa Hazuru, na nyumba nyingi za watu wake; nilmpa Heberi Mukeni.",general_prose
kentrans_1215,eng_Latn,rag_Latn,Ku madzi na vyosi,Juu ya maji na vyote,general_prose
kentrans_3175,eng_Latn,rag_Latn,Muluuti oyo yavoola vasoomi vaamukolera vulahi,Afisa huyo alisema wanafunzi walimchezea vizuri.,general_prose
luhya_multi_304_sw,swh_Latn,rag_Latn,Mwanadamu yeyote aliye hai aweza kulalamika wakati anapoadhibiwa kwa ajili ya dhambi zake?,"39 Kigira ki mundu u veye mwoyo amonyanga, umundu ku lihebwa mageli ku ubwoni bwibwe?",Conversational
kentrans_901,eng_Latn,rag_Latn,Va kupidzwa muno.,Alisumbuliwa sana.,general_prose
kentrans_2815,eng_Latn,rag_Latn,ENGOKO YANGE.,KUKU WANGU,general_prose
luhya_multi_28_sw,swh_Latn,rag_Latn,"Siku ya leo,mwende tu hivyo.Msipinde hata kidogo.",'Endaalo yino mucha se khulaukhakho tawe.,Conversational
luhya_multi_344_sw,swh_Latn,rag_Latn,5. Kumchapa mjukuu au mkaza mwana.,5. Kukuya mwisukulu naho navizala.,Conversational
luhya_multi_169_en,eng_Latn,rag_Latn,"They ask their mothers, Where is grain and wine?","12 Va tevanga avana vavo, ubuswage be iwaini vi veye haliha?",Conversational
luhya_multi_302_en,eng_Latn,rag_Latn,Is it not from the mouth of the Most High that both calamities and good things come?,38 Mu munwa gwa uyu uveye igulu ligali si ha twulanga amadamano Nobulahi?,Conversational
kentrans_357,eng_Latn,rag_Latn,Kandi unyala kulola tsinyumba na vandu nivagenda ku.,Tena unaweza kuona nyumba na watu wanaotembea juu yake.,general_prose
kentrans_2448,eng_Latn,rag_Latn,Inze ndamusuvira mu vindu vyosi,Ninamwamini katika kila hali,general_prose
kentrans_3194,eng_Latn,rag_Latn,Litunda liveeye lirahi.,Tunda ni zuri.,general_prose
kentrans_145,eng_Latn,rag_Latn,"Umwana naveye muinda ya mama weve, vanyanganitsanga muinda ya mama wewe ligali.","Mtoto akiwa tumboni mwa mama yake ,alikuwa akisumbua mle tumboni mwa mama yake sana",general_prose
luhya_multi_276_sw,swh_Latn,rag_Latn,Tumekuwa yatima waliofiwa na baba.,3 Kuveye avabisandu ava ta lii na vadada.,Conversational
kentrans_1055,eng_Latn,rag_Latn,"Ligali mu mwoyo gwanje ndukhe Khusangala,",Kwa kweli moyoni mwangu niweze kufurahia,general_prose
kentrans_3582,eng_Latn,rag_Latn,"54 Amadzi ga viti igulu womutwe gwange, Nda vola, mmali kuheridzwa.","maji yalifunika juu ya kichwa changu, nami nikafikiri nilikuwa karibu kukatiliwa.",general_prose
kentrans_1595,eng_Latn,rag_Latn,8. Kigiraki aviguliri vaakutsa?,Kwa nini watu hawa walikufa?,general_prose
kentrans_764,eng_Latn,rag_Latn,Tsimbabasi nunuildi.,Rehema leo hii.,general_prose
kentrans_1964,eng_Latn,rag_Latn,Vakolanga ndyo kuduka avayai vosi ve tsingulu valwana.,Walifanya hivyo hadi wavulana wote wenye nguvu wapigane.,general_prose
kentrans_2399,eng_Latn,rag_Latn,Inze ndasuvira muhonyi Yesu,Mimi namwamini Mwokozi Yesu,general_prose
kentrans_2609,eng_Latn,rag_Latn,"Mwana alira ""Ngaa, Ngaa,"" mu mulitu - Imbatsi","Mtoto analia “Ng,aa, Ngaa” msituni -Shoka",general_prose
kentrans_2679,eng_Latn,rag_Latn,Woo-ohoo! Ninze Lledi,Woo-ohoo ni mimi lledi.,general_prose
luhya_multi_247_sw,swh_Latn,rag_Latn,Wamesikia kwamba nkipiga kite hakuna hata mmoja wa kunifariji.,21 va huliye nkenyanga si ha veye nomundu Kali mulala wokuneminya mwoyo.,Conversational
kentrans_552,eng_Latn,rag_Latn,5. Kukuya mwisukulu naho navizala.,5. Kumchapa mjukuu au mkaza mwana.,general_prose
kentrans_701,eng_Latn,rag_Latn,Bugono bwibwe mwigulu,Malazi yake mbinguni,general_prose
kentrans_248,eng_Latn,rag_Latn,Naye umundu mukali sia nyala kuhelitsa umwana natagani no mundu musatsa mba.,Naye mwanamke hawezi kushika mimba bila kujamiana na mwanamume.,general_prose
kentrans_1732,eng_Latn,rag_Latn,Mulisooma liviti kuhuliye kuli muyayi wa Jese yeenya kugwa muguuti mulahi.,"Katika somo lililotangulia, tumesikia jinsi Jese alitamani kuwa mshindi mwema.",general_prose
luhya_multi_270_sw,swh_Latn,rag_Latn,"Na akae peke yake awe kimya, kwa maana Bwana ameiweka juu yake.",28 Yikale yengine nokukiringana kigira u Viki kuye inkuva yiyi.,Conversational
kentrans_3273,eng_Latn,rag_Latn,Vamenya ne mirembe nu vusangali.,Pamoja wanaishi kwa amani na upendo.,general_prose
kentrans_83,eng_Latn,rag_Latn,Na nakutsi siatevwangwa hamugitsi vulungi mba nitali hambete naho indangu,Na akifa hakuzikwa kwa boma bali kando au nyuma,general_prose
kentrans_2921,eng_Latn,rag_Latn,Eveliayatula hayali niyibami nanyagula na gumira kanyonyi yako,Evelia aliondoka alipokuwa amejificha akakimbia na kushika Yule ndege,general_prose
luhya_multi_225_en,eng_Latn,rag_Latn,"Because the leaders led in Israel, there they spread the message because the people gave themselves good and pleasing deeds","2 Kigira avanene avimiri mi Israeli, Ha zaa va la landidza amakuva",Conversational
kentrans_3072,eng_Latn,rag_Latn,Ahaana,Anapeana,general_prose
kentrans_1953,eng_Latn,rag_Latn,Naho kindu chosi kitumika kovoha kukiranganga mugoye.,Au chochote kile kitumikacho kufunga tunakiita kamba.,general_prose
luhya_multi_197_en,eng_Latn,rag_Latn,"The anger of the Lord has scattered them, he will regard them no more.",16 Livihirirwa Lya Yahova li va sundi ihale si alavahenza Kandi mba.,Conversational
kentrans_994,eng_Latn,rag_Latn,TSIMBABASI,REHEMA,general_prose
kentrans_1076,eng_Latn,rag_Latn,"Tsingelosi voosi, va Ku sigamira,",Wakusujudia malaika nao,general_prose
luhya_multi_318_en,eng_Latn,rag_Latn,"Let us examine our ways and test them, and let us return to the Lord.","40 Gendi ku liguule nokugeridza Tsinzira tsyetu, nokwirana ku Yahova Kandi.",Conversational
kentrans_754,eng_Latn,rag_Latn,Yesu yadza na a venya,Yesu alikuja na kuwatafuta.,general_prose
kentrans_488,eng_Latn,rag_Latn,“Nyumba yayi nyumbila”.,"""Nyasi zimemea karibu na nyumba"".",general_prose
kentrans_1741,eng_Latn,rag_Latn,"Mumadiku gavandu vaatanga kugwa vakristayo, wali vudinyu ligali muvivala vinyingi.","Wakati watu wengi walianza kuwa wakristo ,nchi nyingi zilikuwa na shida",general_prose
kentrans_1301,eng_Latn,rag_Latn,Ngiki kilolero.,Ilivyoandikwa:,general_prose
kentrans_2626,eng_Latn,rag_Latn,Akima mwana.,Akanyima mtoto.,general_prose
kentrans_1654,eng_Latn,rag_Latn,"Mavosi vaaduuka, nayavavoolera kuli yaali naaveye ihale mamulala kuvo naavugula tsisiringi vudiku.",kasha wote wakaja akawaeleza jinsi alivyokuwa mbalimmoja wao alichukua pesa usiku,general_prose
kentrans_594,eng_Latn,rag_Latn,"Lwa wita mundu yatsanga, musakulu yamwaganira vwangu nu vwanga mumugitsi namuviida.","Alipowasili mwuaji, mzee alikutana naye bustani mwake kwa haraka na kumutakasa",general_prose
kentrans_3321,eng_Latn,rag_Latn,Kutwula Makiru avamehanga va,Kutoka makiru maliwali wa.,general_prose
kentrans_193,eng_Latn,rag_Latn,"vamanye imiima janga umukana, kase miima nijiveeye yo imivi kandi avana i vulwa mu valala vavi ma ilieta lyoneka.","Wajue mila za kina msichana, maanake mila zikiwepo mbaya pia watoto wakizaliwa miongoni mwao wabaya huleta uharibifu.",general_prose
luhya_multi_385_sw,swh_Latn,rag_Latn,"Na Baraka walipotoka kukutana na Siseri, na akamwambia bibi huyo, wewe kama unasema ubadilike uingie ,mkuu uende pamoja nami, hapo yu mimi kwangu, ubadilike uingie kwangu nitaenda lakini wewe kama utaogopa kitu","8 Na Baraka twula kuvugana na Sisera, naya mu ya volera mukali uyo, Ive nu u va nu volera, U girunkane, wingire, mwami utsia halala ninze, hene yahoo inze wange, u girunkane wingire ahange;ndatsia;navutswa ive nu u va nu uu ta tia kindu.",Conversational
kentrans_1465,eng_Latn,rag_Latn,Kalunu kulolaa enzoka mulisoma yiri.,Leo tunaona nyoka katika kusoma huku.,general_prose
kentrans_338,eng_Latn,rag_Latn,"Mwasiomela umwana uyu vudinyu vwene, ma nyima mwahelitsa umwana uundi, niyivulwa maaviluka, avetsa mwana wekilage ikivi kyene mukivala.","Mkiomboleza mtoto huyu sana ubaya wake ni kuwa mtoto atakayezaliwa baada yake, huzaliwa, hukua na huwa na kiburi sana duniani.",general_prose
kentrans_3107,eng_Latn,rag_Latn,Likolove lireta luvuva,Ndege analete sufi,general_prose
kentrans_1640,eng_Latn,rag_Latn,Ni vaaha avaali nuvulina?,Ni kina name waliokuwa marafiki?,general_prose
kentrans_2800,eng_Latn,rag_Latn,Ndavaha livuyu liange.,Niliwapa yai langu.,general_prose
kentrans_2781,eng_Latn,rag_Latn,Muleri nasuye kohe mama.,Mlezi akikataa tupee mama,general_prose
kentrans_1467,eng_Latn,rag_Latn,Enzoka nekinduki?,Nyoka ni nini?,general_prose
kentrans_806,eng_Latn,rag_Latn,Yenyanga inze nunu.,"Anitaka kila mara,",general_prose
kentrans_2346,eng_Latn,rag_Latn,Avoni vosi vatenganga;,Wenye dhambi wote wababaika,general_prose
kentrans_799,eng_Latn,rag_Latn,Yivuiwa kuli avana vetu: Inze ng’enyanga kigira,Alizaliwa kama watoto wetu: Mimi nashangaa kwa sababu,general_prose
kentrans_1460,eng_Latn,rag_Latn,Eng'ereng'ani niyaguluka ulalola vulavu.,Nyota akianguka utaona mwangaza.,general_prose
kentrans_3629,eng_Latn,rag_Latn,Kiheri kyetu kiveye himbi amadiku getu ga dukidzi livalidza lyago kigira keheri kyetu kiduki.,"Mwisho wetu umekaribia, siku zetu zimetimia maana mwisho wetu umefika.",general_prose
kentrans_2295,eng_Latn,rag_Latn,Nyasaye alasamiha vwosi.,Mungu atawasamehe,general_prose
kentrans_1459,eng_Latn,rag_Latn,Amang'ong'oi yaga gahimanga madeede.,Wadudu hawa huwinda nzige.,general_prose
kentrans_2297,eng_Latn,rag_Latn,"Niva ulaleka lilago lyilye,",Japo utaasi sheria zake,general_prose
kentrans_3628,eng_Latn,rag_Latn,18 Va himanga tsinduvatiru tsyetu sikunyala kugenda ku tsinzira tsyetu.,Wanatuvizia hatua zetu hata hatuwezi kwenda katika njia zetu.,general_prose
kentrans_6,eng_Latn,rag_Latn,Kindiki chakunyaga?,Ni nini kilikunyang'anya?,general_prose
kentrans_2016,eng_Latn,rag_Latn,Mbuli kugelizwa kuvita kegero,Nisijaribiwe na maovu,general_prose
kentrans_2417,eng_Latn,rag_Latn,Nutiyama mahyolo gogo gosi,Usipokiri dhambi zako zote,general_prose
kentrans_1540,eng_Latn,rag_Latn,Lugembe luveeye navuguliki?,Wembe huuzwa kwa bei gani,general_prose
kentrans_2401,eng_Latn,rag_Latn,Nondanga mwami wange,Namwandama bwana wangu,general_prose
kentrans_2949,eng_Latn,rag_Latn,Vuli hamugolova muleri walivwa ne linani yimbanga ndi:,Kila jioni mulezi aliyekulwa na zimwi alikuwa akiimba hivi:,general_prose
luhya_multi_374_en,eng_Latn,rag_Latn,"And I bring you closer, I will show you Jael wife of Heber the Kenite; of Kishon, Sisera, the great one of war because there was no peace between Jabin together with his chariots except Jabin the chief of Hazor, and many houses of his people; I gave to Heber the Kenite.","7 Na inze nda ku sundira, ha mugera Jaeli mukali wa Heberi Mukeni;gwa Kishon, Sisera,munene welihe kigira ha li nemirembe hagati ha lya Jabin, halala na magari gege nobu-Jabin mwami wa Hazoru,nenyumba nyingi bwavandu veve;nan da mu ya Heberi Mukeni.",Conversational
kentrans_2046,eng_Latn,rag_Latn,"Kumsalaba Yesu yavambwa,",Msalabani Yesu alisulubiwa,general_prose
kentrans_40,eng_Latn,rag_Latn,Kandi dione,Tena Dione,general_prose
kentrans_2019,eng_Latn,rag_Latn,Kutakutsa imioyo jitu mba x2,Tusife mioyo,general_prose
kentrans_3400,eng_Latn,rag_Latn,"7 Avameha va gota mu Israeli, Va | Va nyagula kwingira mwivona ha gota,","7 maliwali walikoma katika Israeli,walikimbia kuingia wakapotea",general_prose
kentrans_2836,eng_Latn,rag_Latn,Oyo ukitumikila ahenze tsipicha tsindi tsinyala kutumikilwa.,Anayekitumia atafute pia picha zingine zinzoweza kutumiwa,general_prose
luhya_multi_147_sw,swh_Latn,rag_Latn,"Alivyo kwangu ni kama dubu aoteaye, kama samba mafichoni.","10 A veye KU inze kuli iduba I gonekanga, kuli king'ang'a mu lyevisa.",Conversational
kentrans_450,eng_Latn,rag_Latn,42. Mukali kuvugula muhizu gwu musatsa.,Mke kuchukua [ ] ya mwanaume,general_prose
kentrans_1803,eng_Latn,rag_Latn,Natsia kutsia himbi mihiga jine ndi yenyekanga kalunu ave muleri wo mwana,Akifikisha miaka mine hivi alifaa kuwa mlezi. O: Hali Kanyingi mwana mukana yaleranga mwana olonda omulonda. Mara nyingi mtoto msichana aliwalea ndugu wanaomfuata kwa uzao wao.O: Hali Kanyingi umwiko yaatsanga kusava muleri vamanya vahaana mwana mukana we muhiga sita naho saba atsia Kolerera mwiko. Mtu wa jamii yake alipokuja kuomba mlezi alipewa msichana wa miaka sita au saba.O: Muyinzi gwo muleri gwalange Hiyo ndiyo ilikuwa kazi ya mlezi.,general_prose
kentrans_1857,eng_Latn,rag_Latn,Si genyekanga mundu yingiri ku lusatsa nakiri kokevwa dave.,Haikufaa mtu aingie katika utu uzima kabla ya kupashwa tohara.,general_prose
kentrans_956,eng_Latn,rag_Latn,Nokhuburhulidza.,Na kuziondoa.,general_prose
luhya_multi_161_en,eng_Latn,rag_Latn,They ravage women in Zion.,11 Vononnya vakali netsingulu muzioni.,Conversational
kentrans_1667,eng_Latn,rag_Latn,4. Yaamala wayatsia madiku ganga?,Alijua akaenda siku ngapi ?,general_prose
kentrans_2807,eng_Latn,rag_Latn,"Mama natsiye kuvaya, aletanga iliengu.",Mama atarudi na ndizi akitoka matembezi.,general_prose
kentrans_3149,eng_Latn,rag_Latn,Yee gaveeye malahi.,"Ndio, mambo haya ni sawa.",general_prose
kentrans_628,eng_Latn,rag_Latn,Wa soma ku gengata ya mafwa!,Ulisoma kuhusu kata ya miba!,general_prose
kentrans_508,eng_Latn,rag_Latn,Litulitsa amasu lialondana nu vulitu vwo mundu wakuza.,Kunyolewa kwa nywele kulitegemea umuhimu wa aliyeaga.,general_prose
kentrans_2428,eng_Latn,rag_Latn,Yahova alamusosiza.,Mungu humurehemesha,general_prose
kentrans_372,eng_Latn,rag_Latn,Mkali yivula naho ahelitsa natula mu mweli mayivula avana kuli mweli kandi gwivula Tsing’ereng’ani.,Mwanamke huzaa ama kupata mimba akisha ona hedhi kasha huzaa watoto jinsi vile mwezi hujaa nyota.,general_prose
kentrans_1343,eng_Latn,rag_Latn,"Amang’ana gemirembe, Yesu wivuliywi.","Ujumbe wa amani, na kuza;iwa kwa Yesu",general_prose
kentrans_1358,eng_Latn,rag_Latn,Ya li muyai wewe wembiri,Kifungua mimba mwana wa kiume,general_prose
luhya_multi_341_sw,swh_Latn,rag_Latn,Amejenga nyumba juu yangu na kunizungusha kwa uchungu na uchovu.,"5 Wombaki KU inze, nokunkumbiridza nendulwe neliluha.",Conversational
kentrans_1123,eng_Latn,rag_Latn,A ve bobuyanzi bwosi Mwinye ni mulonda Yesu Mu la nyoola vya mwa daka,Ni furaha ilo je sote kumfuata Yesu atulishe tushibishwe,general_prose
kentrans_3410,eng_Latn,rag_Latn,"3 Yuda u tsiye mu lyadikidzwa kigira lidambidzwa , Kandi kigira ubutugwa bunene;","3 Yuda amehamishwa kwa sababu ya kuonewa, tena kwa sababu ya utumwa",general_prose
kentrans_2454,eng_Latn,rag_Latn,Ni kulinda amalago ga yakuha,Tukishika amri alizotupatia,general_prose
kentrans_1436,eng_Latn,rag_Latn,Endohi eveeye kuligondi.,Kupe yuko kwenye kondoo,general_prose
kentrans_183,eng_Latn,rag_Latn,Mangure? Manguure Ngwegwe,Mamgure?Mangure mtoto wa Ngwegwe,general_prose
kentrans_685,eng_Latn,rag_Latn,Kwa honywa na ki kwinye’?,Tuliponywa na nini sisi?,general_prose
kentrans_3493,eng_Latn,rag_Latn,"11 Tsimoni tsyange tsi luhi kigira maliga, mwoyo gwange gu kaliki.","Macho yangu yamechoka kwa machozi, Moyo wangu umetaabika.",general_prose
kentrans_1591,eng_Latn,rag_Latn,4. Mukeere uyo yilvisa haliki?,Nyanya huyo alikuwa akijificha wapi?,general_prose
kentrans_2299,eng_Latn,rag_Latn,Alakwita nindi kivavi chiche.,Utapata mauti kwa silaha yake,general_prose
kentrans_2588,eng_Latn,rag_Latn,Kigulu change kivuya mwoki - Amavi,Mlima wangu unatoa moshi -Mavi,general_prose
kentrans_2954,eng_Latn,rag_Latn,Lero lera lulala,Leo lea mara moja.,general_prose
kentrans_660,eng_Latn,rag_Latn,Ku menya halala naye.,Niishi pamoja naye,general_prose
kentrans_1849,eng_Latn,rag_Latn,Havundu halala avana vayai vakiri kuduka mu luyai vagonanga mu nyumba ndala na vakana nitali si vasanganga vogono dave.,Mahali pengine wavulana kabla ya kubaleghe walikuwa wakiishi katika chumb kimoja na wasichana lakini hawakutumia kitanda kimoja.,general_prose
kentrans_1701,eng_Latn,rag_Latn,"Umundu naanyooleka umwita, Mwami alamuha vutugi vunyingi kandi alamuha mukaana weeve.","Akipatikana mtu atakayemuua, Kiongozi atampa mali nyingi na bintiye.",general_prose
luhya_multi_192_sw,swh_Latn,rag_Latn,Bwana amewafanya mashujaa wangu si kitu kati yangu.,15. Yahova u tungaminyi avaluviriri vange vosi hagati hange.,Conversational
kentrans_1359,eng_Latn,rag_Latn,Ya gona he tsing’ombe tsi lira Ku,"Kalazwa porini, zizini mwa ng’ombe",general_prose
kentrans_1461,eng_Latn,rag_Latn,Lumuli luveeye nuvulavu vukekeke.,Mdudu anayetoa mwanga huwa na mwanga wa kadri.,general_prose
kentrans_2649,eng_Latn,rag_Latn,Kuba magulu.,Piga magoti,general_prose
kentrans_822,eng_Latn,rag_Latn,Roho amenye ninze.,"Roho aishi nami,",general_prose
kentrans_1070,eng_Latn,rag_Latn,"Nyasaye Yahova, Umutakatifu,","Baba, mwana, Roho, Mungu mwenye enzi",general_prose
kentrans_892,eng_Latn,rag_Latn,"Mutungiri wetu,","Aliyetulipia deni,",general_prose
kentrans_792,eng_Latn,rag_Latn,ya Shitabu shi voola ndi.,Maandiko yanasema.,general_prose
luhya_multi_140_en,eng_Latn,rag_Latn,(I know that you have cattle.,(manyile ndi muli ne chikhaafu),Conversational
kentrans_38,eng_Latn,rag_Latn,Magungu vayayi,Ndege jameni,general_prose
kentrans_2013,eng_Latn,rag_Latn,Magelitsu na manyingi muno x2,Majaribio ni mengi mno.,general_prose
kentrans_1191,eng_Latn,rag_Latn,Inyingi ya khukhudzera,Alipotufia kwa pendo,general_prose
luhya_multi_229_en,eng_Latn,rag_Latn,"The Lord has swallowed up all the dwellings of Jacob, and has not pitied.","2 Yahova u miri ubumenyo bwosi bwa yakobo, na si ya li netsimbavasi mba.",Conversational
luhya_multi_289_en,eng_Latn,rag_Latn,He has made me sit in darkness like the dead of long ago.,"6 U nzikalidzi ha veye nekisundi, kuli avakudzuzu KU inyinga intambi.",Conversational
kentrans_640,eng_Latn,rag_Latn,MUSALABA GWA YESU,Msalaba wa Yesu,general_prose
kentrans_301,eng_Latn,rag_Latn,Sanditsa umukali Kenya.,Namshukuru Bi. Kenya.,general_prose
luhya_multi_240_sw,swh_Latn,rag_Latn,"Naye akamwambia ,niende na Kedesh pamoja na Baraka","20 Naye ya mbolera, ive u tsia Kedesh halala na Baraka.",Conversational
kentrans_3181,eng_Latn,rag_Latn,Vaavugula mirimi nemitugu javo,"Walichukua mashamba na mifugo wao,",general_prose
luhya_multi_268_sw,swh_Latn,rag_Latn,Ni vyema mtu kuchukua nira bado angali kijana.,27 Nobulahi umundu aginge inira mu bwana buke bwibwe.,Conversational
kentrans_3225,eng_Latn,rag_Latn,Inyala kugonera mavuyu madiku ganga?,Anaweza lalia mayayi siku ngapi?,general_prose
kentrans_1917,eng_Latn,rag_Latn,Gali amalago amanene go mundu yali avule kusiira ku dave.,Hii ilikuwa ni amri kuu ambayo mtu hangeepuka.,general_prose
kentrans_3650,eng_Latn,rag_Latn,8 Avatumekiri vamehanga ku kwinye.,Watumwa wanatutawala.,general_prose
luhya_multi_253_en,eng_Latn,rag_Latn,You have invited as on a day of appointed feast my terrors on every side.,"22 U langi, kuli mu lidiku lyelivugana, vyokutihidza vyange vi veye tsimbega tsyosi.",Conversational
kentrans_2976,eng_Latn,rag_Latn,Liiru lirala.,Goti moja.,general_prose
luhya_multi_319_en,eng_Latn,rag_Latn,To cut an axe in front of your house while talking and arguing,40. Kotema imbatsi muchamugitsi chinyumba yoyo nomoloma nolembana. i,Conversational
kentrans_2150,eng_Latn,rag_Latn,"Ihiri yo vwoni yeyo elolekanga,",Jamii ya dhambi yatambulika,general_prose
kentrans_2391,eng_Latn,rag_Latn,Ilahonyia ive na vana vovo,Wewe na watoto mpate uponyaji,general_prose
luhya_multi_311_en,eng_Latn,rag_Latn,"He has bent his bow like an enemy, with his right hand set like a foe.","4 U nyiye ubuta bwibwe kuli musigu, u singiye nomukono gwigwe mulungi kuli Mudamdidzi.",Conversational
kentrans_732,eng_Latn,rag_Latn,A tsuuva vandu netsingulu;,"Anawarai watu kwa nguvu,",general_prose
kentrans_3638,eng_Latn,rag_Latn,Widzulitse o Yahova vya duka ku kwinye. Henza ulole linyegwa lyetu,Ee Bwana kumbuka yaliyotupata. Utazame na uone aibu yetu.,general_prose
kentrans_2600,eng_Latn,rag_Latn,Unwe umunyu na uleke inyama - Mukonye,Kunywa supu acha nyama -Muwa,general_prose
kentrans_930,eng_Latn,rag_Latn,"Nda khupa shivi muno Shigira bwoni bwobwo,","Niliteseka sana kwa ajili ya dhambi zako,",general_prose
kentrans_3533,eng_Latn,rag_Latn,"5 Wombaki KU inze, nokunkumbiridza nendulwe neliluha.",Amejenga nyumba juu yangu na kunizungusha kwa uchungu na uchovu.,general_prose
kentrans_3426,eng_Latn,rag_Latn,"Henza, O Yahova, lidambidzwa lyange ; kigira musigu yekuminyi.","“Tazama, Ee Bwana, teso langu, kwa maana adui ameshinda.”",general_prose
kentrans_2957,eng_Latn,rag_Latn,Lira liiroli lirere,Lile limeona kipaza sauti,general_prose
luhya_multi_257_sw,swh_Latn,rag_Latn,"Ni mpya kila asubuhi, uaminifu wako ni mkuu.","23 Tsi veye tsimpya mugamba nomugamba, busuuvirifu bubwo but blveye bunene.",Conversational
luhya_multi_325_en,eng_Latn,rag_Latn,You have covered yourself with a cloud so that no prayer can get through.,"44 Wekuniki nelilesi, lisaala lyetu li vule kuvita.",Conversational
kentrans_1514,eng_Latn,rag_Latn,Lugembe,Wembe,general_prose
luhya_multi_16_sw,swh_Latn,rag_Latn,Zamadi yayatokayo kwenye ng’ombe huwa tunatumia kutengenezea nyumba hadi zionekane vizuri,. T. Hata zamadi hiyo ukibeba kisha upeleke kwenye shamba yanaweza kutoa mazao bora.,Conversational
kentrans_159,eng_Latn,rag_Latn,Nambola ndi inzi,Mimi nasema hivi,general_prose
kentrans_1914,eng_Latn,rag_Latn,Musalisi yamanya asingira ho avola mundu wosi mudamano navita yaha aladiva.,Mtakasaji angesimama hapo na kutangaza kwamba mtu yeyote muovu akipita hapo atakufa.,general_prose
kentrans_253,eng_Latn,rag_Latn,TSING’ERENG’ANI:,NYOTA,general_prose
kentrans_935,eng_Latn,rag_Latn,Nda lerha bunanuli,Nimeleta ukombozi,general_prose
kentrans_2465,eng_Latn,rag_Latn,Vingilizwa nu inyumba ya vageni,Wakalakiwa kwa nyumba ya wageni,general_prose
kentrans_790,eng_Latn,rag_Latn,"Yadza, hano khukhudza",Akaja kutufia,general_prose
kentrans_289,eng_Latn,rag_Latn,Ninze mundu wo kutanga ukuvola agaviswa yaga.,Mimi ndiye wa kwanza kusema haya yaliyofichwa.,general_prose
kentrans_3306,eng_Latn,rag_Latn,"Hova, Mu gasidze Yahova",Mungu abariki Mungu,general_prose
kentrans_181,eng_Latn,rag_Latn,Dada wovo ni vwaha? Atondee,Dadako ni nani? Atondee,general_prose
kentrans_1662,eng_Latn,rag_Latn,Musakulu uyo yaavugula tsisiringi nuvusaangali.,Yule mzee alizichukua zile pesa akiwa na furaha mno,general_prose
luhya_multi_74_en,eng_Latn,rag_Latn,You will be cursed in everything that he is giving you to be yours.,"""Mulalaamwa mu buli siindu nisio alikho amuelesia khuuba sisienywe.",Conversational
kentrans_2795,eng_Latn,rag_Latn,Na vahuli sivakamba vutswa.,Sikupewa wimbi bila kugharamia.,general_prose
kentrans_801,eng_Latn,rag_Latn,"Yenyanga inze nunu,","Anitaka kila mara,",general_prose
kentrans_432,eng_Latn,rag_Latn,Avana si vatunganga ifisi dave,Wanafunzi hawakulipa karo.,general_prose
luhya_multi_346_en,eng_Latn,rag_Latn,until the Lord looks down from heaven and sees.,"50 kuduka Yahova yumike, nokulola kutwula migulu ha a veye.",Conversational
kentrans_1581,eng_Latn,rag_Latn,Aviguliri yavo vosi vagotera museko-nivaluha ligali.,Waliotekeleza unyama huo walicheka sana,general_prose
luhya_multi_175_sw,swh_Latn,rag_Latn,"Aliweka mifupani mwangu moto kutoka juu mbinguni, nao umenishinda.","13 Ya vika muliru mu vigumba vyange ku twula migulu, nagwo vi guuta.",Conversational
luhya_multi_372_sw,swh_Latn,rag_Latn,"7 maliwali walikoma katika Israeli,walikimbia kuingia wakapotea","7 Avameha va gota mu Israeli, Va | Va nyagula kwingira mwivona ha gota,",Conversational
kentrans_2457,eng_Latn,rag_Latn,Yazanga kuvugula livugana,Yuaja kuchukua waumini,general_prose
kentrans_3545,eng_Latn,rag_Latn,"17 U Mali kuvika mwoyo gwange gu ve ihale nemirembe, nziviriye ligasidzwa.","Umeiweka nafsi yangu mbali na Amani, nikasahau kubarikiwa.",general_prose
luhya_multi_127_sw,swh_Latn,rag_Latn,Amenichoma kwa mishale ya podo lake.,13 U ndasi nemibano gye imodia yeye mu kikenge kyange.,Conversational
kentrans_950,eng_Latn,rag_Latn,"Buyanzi bwebwe bu virha ndina,","Furaha yake ni kubwa,",general_prose
kentrans_1783,eng_Latn,rag_Latn,Ulundi nivalolonga afwananga leve vamanya valanga lyeta zana.,Wangeona anafanana mtu Fulani,general_prose
kentrans_1531,eng_Latn,rag_Latn,Michi ja masahhi,Mzizi ya damu,general_prose
kentrans_295,eng_Latn,rag_Latn,Avalogoli vatsitsa ku kigulu kyavo ekeveye ivihiga ukutsia ukusala makandi vatsitsa ivinditsi ukuteva Nyasaye avahe ovogeeri makandi ulwa vatsa kola umuluka gwavo gugasitswi.,Wamaragoli walikuwa wakienda katika mlima wao ulioko Vihiga kuomba na tena walienda kuomba Mungu awape hekima na pia watakapofanya tambiko lao tambiko hilo libarikiwe.,general_prose
kentrans_2168,eng_Latn,rag_Latn,"Yahova Nyasaye aveye na kwinye,",Mungu Baba yuko nasi,general_prose
luhya_multi_61_sw,swh_Latn,rag_Latn,"Tukafanya ambayo mweza wa Musa aliwaambia watu kuwa, muda wote mungu wetu alituahidi.","""Khwakhola niko Wele Omunyali Owa Musa aboolela babaandu ali, ""Siise Bioosi Wele wefwe akhulaka.",Conversational
luhya_multi_69_en,eng_Latn,rag_Latn,There is no one who loves himself or helps himself.,“Mbao omundu oweyasiima namwe khukhwiyeeta.,Conversational
kentrans_3019,eng_Latn,rag_Latn,aliraa,Analia,general_prose
kentrans_546,eng_Latn,rag_Latn,Vatumi kiranga ling’ana “mujiru” kuli:,Walitumia neon “Mwiko” kama:,general_prose
luhya_multi_39_en,eng_Latn,rag_Latn,Or his father be cursed,""" namwe raraawe tawe alaamwe.""",Conversational
kentrans_3522,eng_Latn,rag_Latn,Musalisi nomuprofeti VA livirirwa mu hatakatifu ha Yahova?,Je! Kuhani na nabii wauawe Katika patakatifu pa Bwana?,general_prose
luhya_multi_327_en,eng_Latn,rag_Latn,You have made us scum and refuse among the nations.,45 U koli kuva kuli amandu na vindu vya tebwa hagati ha avandu.,Conversational
kentrans_1722,eng_Latn,rag_Latn,Ulamutivulirandi?,Utamjibu aje?,general_prose
kentrans_1162,eng_Latn,rag_Latn,Khu yanze miyinzi gye,Kazi zake tupende,general_prose
kentrans_862,eng_Latn,rag_Latn,"Mwami Yesu a yanzi vandu,","Mwokozi Yesu anapenda watu,",general_prose
luhya_multi_28_en,eng_Latn,rag_Latn,"Today, just go like that. Don't turn even a little.",'Endaalo yino mucha se khulaukhakho tawe.,Conversational
kentrans_82,eng_Latn,rag_Latn,Siyahimitswanga mba kandi yumbakilwa haluvega anaho hakivanda,Hakupewa uongozi na pia kujengewa kando au karibu na mto,general_prose
kentrans_120,eng_Latn,rag_Latn,Unyala kwamiha umukali weve vulahi na avana.,Awezae kutawala mkewe vizuri na hata watoto,general_prose
kentrans_300,eng_Latn,rag_Latn,Henza mu tsipicha yitsi ulole kuli Mt. Kilimanjaro ninzikaye ku kigulu kyene yiki ikya Kilimanjaro umanye sie ifana mainze kandi ulalola ulangwa Professor Wangari Maathai ku igasi yakolanga Tanzania.,Angalia kwenye picha uone vile mlima Kilimanjaro nikiwa nimeketi juu yake ujue unavyofanana na vile aitwaye Professor Wangari Maathai kazi anayofanya Tanzania.,general_prose
kentrans_670,eng_Latn,rag_Latn,Si ku nyala kwesosidza,Hatuwezi kujipuzisha,general_prose
kentrans_888,eng_Latn,rag_Latn,Tsimbibagi titsye.,Rehema zake.,general_prose
kentrans_558,eng_Latn,rag_Latn,11. Musatsa kweya munyumba mukali weve naveeyeho. !,11. Mwanaume kufagia nyumba wakati mukewe yuko.,general_prose
luhya_multi_143_en,eng_Latn,rag_Latn,Side issues,1 tsya haluvega.,Conversational
kentrans_2001,eng_Latn,rag_Latn,Inze maliye miyinzi gyange,Nimemaliza mambo yangu hapa duniani.,general_prose
luhya_multi_245_sw,swh_Latn,rag_Latn,"Ee Bwana, utugeuze kwako, nasi tutageuka;","21 U ku kirunkannye ku ive, o Yahova na kula girunkannywa.",Conversational
kentrans_3681,eng_Latn,rag_Latn,"Lwa yali natsitsanga, yalola luhangaywa.",Alipokuwa akirudi aliona pango.,general_prose
kentrans_3061,eng_Latn,rag_Latn,Alolaa kaana nekiduuda kirala,Anaonal mtoto akidunda sawasawa,general_prose
kentrans_416,eng_Latn,rag_Latn,Miyinzi ja vana jalange kwaya no kolera si yalange ho mundu wali alete mwana avule kwaya naho kolera áhonge ni yikaye ndi vu asomanga dave,Kazi ya watoto ilikuwa kuchunga mifugo na kulea.Hakuna yule angekubali kuleta mwanawe aje akae tu kwa kuwa anasoma ilhali hajachunga wala kulea,general_prose
kentrans_1777,eng_Latn,rag_Latn,Musango gwo kulanga avana vayai lyeta gwalange musango munene.,Mwiko wa kuwaita watoto wavulana ulikuwa ukiitwa mwiko mkubwa,general_prose
kentrans_113,eng_Latn,rag_Latn,Umundeleva umulahi utali umboku naho umulema.,Dereva mzuri asyekuwa kipofu au mulemavu.,general_prose
luhya_multi_215_en,eng_Latn,rag_Latn,"Father using household materials to build for his child, (a child can build using materials from his father's house)","18. Dada kutumikira misala jinyumba yu mwana weve kwumba kira yeye, (Navutswa mwana anyala kutumikira misala jitula kunyumba ya dada weve kwumbakira yeye.)",Conversational
luhya_multi_324_en,eng_Latn,rag_Latn,A woman cutting special grass for thatching houses,43.Mukali kwihila evembe.,Conversational
kentrans_1661,eng_Latn,rag_Latn,Inyima hake vaalola naatuliye netsisiringi!,Badae walimuona akirudi na pesa,general_prose
kentrans_1421,eng_Latn,rag_Latn,Induvatiru indavu neindahi erolekaa ndi?!,Wayo nyeupe ni nzuri na inaonekana aje?,general_prose
kentrans_139,eng_Latn,rag_Latn,Nutanyoye ilieta vulahi ilidukana naye dave amanya yilana uwayatula (akutsa) maatsia kuvola uwatuli ndi uwamwanduma nindahi mba.,Asipopata jina nzuri kulingana na yeye mwenyewe yeye hurudi alikotoka( hufariki) alafu anaenda kusema kuwa walikomtuma si kuzuri,general_prose
kentrans_199,eng_Latn,rag_Latn,Umundu uyu nowokuvika ku mwana amakono yani ukumbida uvwanga nokumbaka maguta agekivuni agali nigavugililwa mu miluka javo javalogooli.,Mtu huyo ni wa kumwekea mtoto mikono yaani kumbariki na kumpaka mafuta ya maana yaliyokubaliwa katika matambiko yao ya wamaragoli.,general_prose
luhya_multi_31_sw,swh_Latn,rag_Latn,Nimetoa kipande kutoka kwa nuymba yangu ndipo niingie kwa nchi ambayo ni takatifu.,'Narusiisie sitonyi ndi nengile mu sibala nisio sitakatifu khukhwama munju mwase.,Conversational
kentrans_2476,eng_Latn,rag_Latn,Kovolerane makuva gege,Tusemezane ujumbe wake,general_prose
kentrans_1092,eng_Latn,rag_Latn,Tsimoni tsitsyo tsi molidza mba;,Watumulika kwa macho yako,general_prose
luhya_multi_44_en,eng_Latn,rag_Latn,"Two people, moreover orphans, do not take his brother if they lived together.",“Babaandu babili lundi bafuubi okhabukla wandaaye ne bamenya alala.,Conversational
kentrans_3046,eng_Latn,rag_Latn,Nuuna,Nyonya,general_prose
kentrans_458,eng_Latn,rag_Latn,LIHIRA CHIRIRI CHO MUKALI WAVO,TAMBIKO LA KUFIKA KWA KINA MKE ALIYEAGA,general_prose
luhya_multi_160_en,eng_Latn,rag_Latn,"He has turned aside my ways and torn me to pieces, and made me desolate.","11 U girunkanyi Tsinzira tsyange nokuntandulanya, na u nkoli kuva hatswa.",Conversational
kentrans_3567,eng_Latn,rag_Latn,"39 Kigira ki mundu u veye mwoyo amonyanga, umundu ku lihebwa mageli ku ubwoni bwibwe?",Mwanadamu yeyote aliye hai aweza kulalamika wakati anapoadhibiwa kwa ajili ya dhambi zake?,general_prose
luhya_multi_134_sw,swh_Latn,rag_Latn,Mungu mweza wa vyote alisikia kurudi wakatuletea sisi kisha tukalalamika tunataka matunda ambayo watapata huko.,"""Wele Omunyali Owa Bioosi aulila Khukobola bakhureerera efwe mala khukhwelung'unya khwenywe mala khu matuunda niko banyoolayo.",Conversational
kentrans_2951,eng_Latn,rag_Latn,"kwenyanga muleri-ndemu nderema,","tunataka mulezi-ndemu nderema,",general_prose
kentrans_742,eng_Latn,rag_Latn,"Ni lyeta lilye Iya ku yanza,","Ni jina lake tulipendalo,",general_prose
kentrans_2883,eng_Latn,rag_Latn,Chasingila hambeta ho muliango niketeva:,Alisimama kando ya mlango na kuuliza:,general_prose
luhya_multi_53_sw,swh_Latn,rag_Latn,"""Miji hii yote iliyomo kwenye ukoo wa Manase ilizungukwa na ukuta mrefu.","""Chingoba chino choosi mu kholo eya Manase chaba chabotookhelelwa ne lisiisi lileeyi",Conversational
luhya_multi_124_sw,swh_Latn,rag_Latn,"Hakuna ukoo nyingine hata kama una nguvu nyingi huwasha moto kwa mlima wa Sinai,ulio na mungu hamkuwahi ona sanamu yoyote.","""Se eliio ekholo ekiindi yakhaba ne eli ye kamaani kamakali rira mu mulilo khu sikulu sia Sinai, eli ne wele ooli mwabonakho efwaani yosi yosi tawe.",Conversational
kentrans_2583,eng_Latn,rag_Latn,Mbeye mulala na nzivulitsa - Tsinzuki,Mimi ni mmoja na nazalisha -Nyuki,general_prose
kentrans_545,eng_Latn,rag_Latn,Ni jindi jaliho kwigitsa.,Nyingine ilikuwa kufundisha.,general_prose
kentrans_2408,eng_Latn,rag_Latn,UTAVISA UVWONI,USIFICHE DHAMBI,general_prose
kentrans_1798,eng_Latn,rag_Latn,Kutula ku limoola yili mwana ya manyanga mwene atanga lisingirira ku visaala maatanga litambagira.,Mtoto alianza kusimama kwa vitu au kutambaa baada ya kuongea.O: Mu litambagira mwana yamanya atanga lyega komoloma. Kunalitsa mwana Baada ya kutambaa mtoto alizoea kuongea sasa.,general_prose
kentrans_1929,eng_Latn,rag_Latn,Yiyi ni inzira indala yamanyianga liyanzana lya vandu vakale vali ni vayanzana na kandi kuli valiranga halála.,Hii ni njia iliyoonyesha kupendana kwa watu wa kale waliopendana na pia jinsi walikula pamoja.,general_prose
luhya_multi_95_en,eng_Latn,rag_Latn,"If you build a new house, build so that he hears what happened then he will obey.","“Ne wombakha enju embia, khupila alaulila sisiekholeekhe mala alaria.",Conversational
kentrans_1042,eng_Latn,rag_Latn,"Khumusalaba khu gananga,","Msalabani niliitwa,",general_prose
kentrans_2133,eng_Latn,rag_Latn,"Kusalanga navuza sikonyola mba,",Tunaomba lakini hatuwezi kamwe,general_prose
kentrans_2303,eng_Latn,rag_Latn,Na mulekane nuvudamanu vwosi.,Na Kujitenga nao uovu,general_prose
kentrans_1188,eng_Latn,rag_Latn,Li lerha ubuyanzi.,furaha kwalo twapata,general_prose
kentrans_647,eng_Latn,rag_Latn,"Nda ka dinye ku musalaba,",Nitaushikilia msalaba,general_prose
kentrans_197,eng_Latn,rag_Latn,KUVIDA,KUPAKWA DAWA,general_prose
kentrans_2772,eng_Latn,rag_Latn,Ndoolo!mbombera umwana.,Lala toto lala,general_prose
kentrans_603,eng_Latn,rag_Latn,"Ya ku Yanza, dodo, Mwene",Hakika alitupenda,general_prose
kentrans_2986,eng_Latn,rag_Latn,(Lu)deru lulala,Sinia moja,general_prose
kentrans_1677,eng_Latn,rag_Latn,Mukeere Uyo yaali novoveereri ligali kigira siyaalolaa muyayi mulahi ulimuhira mba.,Mama huyo alikuwa na huzuni kwa kuwa hakuona mvulana mzuriwa kumuoa mwanawe,general_prose
kentrans_2340,eng_Latn,rag_Latn,Amasahi go Mwami Yesu,Damu yake Bwana Yesu,general_prose
kentrans_1199,eng_Latn,rag_Latn,Vahambe mu kivi,Wafungwa wa dhambi,general_prose
luhya_multi_323_sw,swh_Latn,rag_Latn,Umejifunika mwenyewe kwa hasira na kutufuatilia; umetuchinja bila huruma.,"43 U kuniki nobutima bubwo nokulonderera, wiiti, si u veye netsimbavasi.",Conversational
kentrans_3579,eng_Latn,rag_Latn,"51 Imoni yange I hayahayidzanga mwoyo gwange, kigira avakana vosi velidala lyange.",Lile ninaloliona huniletea huzuni nafsini kwa sababu ya wanawake wote wa mji wangu.,general_prose
kentrans_906,eng_Latn,rag_Latn,Inze ni nta diva mba:,Ili nisiteseke:,general_prose
kentrans_332,eng_Latn,rag_Latn,"Kandi natevwa, atevwe saa sita nitavita.","Tena akizikwa, huzikwa kabla saa sita kuisha.",general_prose
kentrans_762,eng_Latn,rag_Latn,Utiruka Mwami mba;,Usimtoroke Bwana;,general_prose
kentrans_1931,eng_Latn,rag_Latn,Lyeta lyetu “AVALUHYA” nohenzeritsa ulanyola lyatula ku ling'ana ‘LUHYA' avikalaanga ku ‘Luhya' vali avandu vo loleera lulala.,Jina letu “WALUHYA” ukichunguza utapata lilitokana na neno ‘LUHYA’ waliokuwa wakikaa hapo walikuwa watu wa jamii moja.,general_prose
kentrans_3611,eng_Latn,rag_Latn,Kigira va niaye va tumitwa hagati kigira lidaka Lya makuyu gemilimi.,"Maana hao husinyaa, wakichomwa kwa kukosa matunda ya mashamba.",general_prose
luhya_multi_180_sw,swh_Latn,rag_Latn,Na Debora akamwambia,14 Na Debora ya volera,Conversational
kentrans_775,eng_Latn,rag_Latn,Ala khwigulira olwigi,Atatufungulia milango ya mbingu,general_prose
luhya_multi_382_en,eng_Latn,rag_Latn,"Their appearance is blacker than soot, they are not recognized in the streets.","8 Ligondo lyavo li veye limwamu kuvita Amanda, si va manyekananga ku tsinzira.",Conversational
kentrans_1198,eng_Latn,rag_Latn,A Ia duuka Kubobolola,Atafika kuweka huru,general_prose
kentrans_2462,eng_Latn,rag_Latn,Avakana vatano avageri,Wasichana wataono werevu,general_prose
kentrans_3322,eng_Latn,rag_Latn,"Sulunguta,",Teremka,general_prose
kentrans_734,eng_Latn,rag_Latn,Lyeta liIye lidzominywe,Jina lake litukuzwe,general_prose
luhya_multi_1_en,eng_Latn,rag_Latn,We have many parents who sit speaking Kimarachi which makes people complain.,:huri nende bebusi bangi ebehalanga husunga lumarachi likiranga bandu bathia hulalamika.,Conversational
kentrans_2178,eng_Latn,rag_Latn,"Kalunu alisunda ihale kuvo,",Sasa atajitenga nao,general_prose
kentrans_3296,eng_Latn,rag_Latn,"13 Kunangwa kuvugana na ya mu volera, Sisera ya vungidza magari gege gosi Hamba, nda ku mannya mundu wa halala , amagari tsimia tsitano na wenyangaa","Ndiposa washirikiane naye, alimwambia Sisera akaya kusanya magari yake yote njoo, ntakuonyesha mtu pamoja na magari elfu tano kama unataka",general_prose
luhya_multi_238_sw,swh_Latn,rag_Latn,Pumzi ya mianzi ya pua zetu Bwana alikamatwa katika marima yao.,20 Miyika gya umolo getu wa Yahova yamuvaka maguta yagumirwa mu bwongo bwavo.,Conversational
kentrans_1453,eng_Latn,rag_Latn,Niwumika yigulu mukisundi uliiduya kerenge.,Ukiangalia juu gizani utajigonga mguu,general_prose
luhya_multi_336_sw,swh_Latn,rag_Latn,Wale waliokula vitu vya anasa wameachwa peke yao njiani.,5 Ava litsanga vigasu va lekeywi vengine ku Tsinzira tyelidala.,Conversational
kentrans_3515,eng_Latn,rag_Latn,"Ive lidigi lyomukana wa Zioni, amaliga gi doole kuli mugera mbasu nobudiku.","Ee ukuta wa binti Sayuni, Machozi na yachuruzike kama mto Mchana na usiku.",general_prose
kentrans_3644,eng_Latn,rag_Latn,Tsinku tsyetu ku gulidzangwa.,Kuni zetu twauziwa.,general_prose
kentrans_16,eng_Latn,rag_Latn,A mang'ure,Wa Mang'ure,general_prose
kentrans_1772,eng_Latn,rag_Latn,Kutula mu tsimoni tsya vandu ku lwa madiku himbi lisitsa gavolanga atange kutula mu vuchafu vwe livula.,Kutoonekana hadharani kwa karibu juma moja ilikuwa na maana kuwa amalize uchafu wa uzazi kwanza.,general_prose
kentrans_3674,eng_Latn,rag_Latn,Nokukuleka inyinga yiyi intambi?,Na kutuacha kwa muda huu mwingi?,general_prose
kentrans_3295,eng_Latn,rag_Latn,"22 Na, henza lwa mwana wa Abinoam u mali kwanegera Baraka ya londa Sisera, Jaeli ya tsia mkigulu","Nakaangalia, kama mtoto wa Abinoam amemaliza kukwea mlima.Baraka alifuata Siseria,Jaeli akaenda kwa mlima wa Taboru",general_prose
kentrans_2802,eng_Latn,rag_Latn,TSINYIMBU TSIOKOHOBERITSA MWANA.,NYIMBO BEMBELEZI,general_prose
kentrans_222,eng_Latn,rag_Latn,MUSWAKILI,ANAYETOA KAFARA,general_prose
kentrans_3673,eng_Latn,rag_Latn,20 Kigiraki u kwiviranga madiku gosi.,Mona watusahau siku zote?,general_prose
kentrans_3190,eng_Latn,rag_Latn,Ulolaa induvatiru yiyi?,Unaona wayo hii?,general_prose
kentrans_3520,eng_Latn,rag_Latn,"20 Lola, o, Yahova, Henza, Ni bwaha wa u koleye ndiyo!","Tazama, Bwana, uangalie, Ni nani uliyemtenda hayo!",general_prose
kentrans_2063,eng_Latn,rag_Latn,"Vayuda vazama Yesu,",Wayahudi walimsaliti Yesu,general_prose
kentrans_473,eng_Latn,rag_Latn,Kunangwa avandu va hango yaho vamanya vatsia kwenya musambi.,Ndipo wenye boma hilo walikuwa wakimtafuta atakayemchoma.,general_prose
kentrans_44,eng_Latn,rag_Latn,Siguku,Sikukuu,general_prose
kentrans_2830,eng_Latn,rag_Latn,Nzie nzie nzie nzie kumitsa.,Niende niende niende kupanda,general_prose
luhya_multi_148_en,eng_Latn,rag_Latn,The elders of the daughter of Zion sit on the ground and keep silence.,"10 Avakulundu vomukana wa zioni vikaye hasi, va kiringani makiriri.",Conversational
luhya_multi_264_en,eng_Latn,rag_Latn,The Almighty God will make every time you will be above other tribes.,"25""Wele Omunyali Owa Bioosi alakhola buli lwosi mulaba angaaki we chikholo chichiindi.",Conversational
kentrans_132,eng_Latn,rag_Latn,INGULIKWA,KUPEWA JINA,general_prose
kentrans_1602,eng_Latn,rag_Latn,"Anakamuna yavoola, ""Ng'anagana nikuliiye avamama vetu ulusa lulagota.""","Anakamuna akasema, “Nafikiri labda tule mama zetu hamu hii ipotee.”",general_prose
kentrans_1930,eng_Latn,rag_Latn,Yiyi kandi yali niyo inzira yo kumanya ni muka vwaha wamanya kodeka na ni muka vwaha mwimani.,Hii ilikuwa pia njia ya kujua mke wa nani anajua kupika na mke wa nani ni mchoyo.,general_prose
kentrans_2637,eng_Latn,rag_Latn,KALONDO KAFUNYI,UKOKO UMENUKIA,general_prose
luhya_multi_157_sw,swh_Latn,rag_Latn,Mbali na kelele za hao,11 Ilhale Ligali ku lioga iya yava,Conversational
kentrans_3583,eng_Latn,rag_Latn,"55 Ndanira lieta lilyo, O, Yahova, kutwula ha inyumba ya hasi ligali.","Nililiitia jina lako, Ee Bwana, kutoka vina vya shimo.",general_prose
luhya_multi_267_sw,swh_Latn,rag_Latn,Msichana ambaye amepoteza ubikira kabla ya ndoa kwenda unya goni,26. Mukana wavula kwilinda kusingira ku kesero.,Conversational
kentrans_1243,eng_Latn,rag_Latn,"Yimbi, mwidzominye Mwami, vandu va yanzeywi.","Imbeni, sifuni Bwana, wapendwa wa Mungu",general_prose
luhya_multi_244_sw,swh_Latn,rag_Latn,Hata hivyo najikumbusha neno hili na kwa hiyo ninalo tumaini.,"21 Nziyidzulitsa likuva yili, kigira yaga mbeye nelisuvira.",Conversational
kentrans_1007,eng_Latn,rag_Latn,"Ku genya ku tsimbabasi yitsi,","Tunashangazwa na rehema hizi,",general_prose
kentrans_203,eng_Latn,rag_Latn,Kandi umundu mwene uyu yahilangwa haluvega ukumugeridza valole niiva udukani avidi.,Tena mtu huyu alikuwa akipelekwa kando ili kumjaribu waone iwapo anafaa kutibu.,general_prose
kentrans_2837,eng_Latn,rag_Latn,Mwegitsi atange kovolera avasomi kwimba noho kovola vitandawili vyao ku lelo avavolere viveeye mu vihvya.,Mwalimu awaulize wanafunzi kupeana vitendawili wanavyovifahamu ndiposa aweze kuwaongezea vile vipya vilivyo kitabuni.,general_prose
kentrans_228,eng_Latn,rag_Latn,"Niva yali ni yang’aha amanya akomela, niva nivigingi vya mumigaa vimanya vileka, niiva nomundu uwali utivula dave, amanya atanga ilienya nokuva nolusaa lwo mkali.","Iwapo alikuwa amekonda, huwa anaanze kunenepa, iwapo ni mashetani yalikuwa yanamnyonganyonga huwa yanaacha, iwapo ni mtu aliyekuwa hazai, huwa anaanza kuhisi hamu ya kuwa na mwanamke.",general_prose
kentrans_1997,eng_Latn,rag_Latn,Menye halala na ive,Niishi pamoja na wewe bwana,general_prose
kentrans_810,eng_Latn,rag_Latn,"U gingi bwoni bwange,","Amebeba dhambi zangu,",general_prose
kentrans_1666,eng_Latn,rag_Latn,3. Kigiraki yavalanga?,Kwa nini aliwaita ?,general_prose
kentrans_825,eng_Latn,rag_Latn,A la vugula inze,Atanichukua,general_prose
kentrans_870,eng_Latn,rag_Latn,Wina wa kudza ku musalaba’?,Ni nani aliyekufa msalabani?,general_prose
kentrans_1502,eng_Latn,rag_Latn,Mioyo javadu valahi manga madiku gavo gameedeka.,Nyoyo za watu wazuri hufanya siku zao kuongezeka.,general_prose
kentrans_3406,eng_Latn,rag_Latn,"Lya duka ndi lidala kumenya lyeng'ine,lye li lizulira avandu! Lya duka ndi kuva kuli mukunzakali, yili Lya li linene ligali mutsihiri.","Boma lilibaki vipi bila watu, lilikuwa limejaa watu! Lilifikiaje kuwa kama mjane, hili lilikuwa kubwa Zaidi katika koo.",general_prose
kentrans_1020,eng_Latn,rag_Latn,Manyi lyeta Yesu Mwami,Najua jina Yesu Bwana,general_prose
kentrans_579,eng_Latn,rag_Latn,"Niva vandu valembananga, nukusulana vujira kogendelana nu kulia halala, mundu mukulundu yavavikanga halala kuhulira uvudinyu vwavo.","Iwapo watu waligombana, na kususiana hata wasiweze kutembeleana na hata kula pamoja, hawa waliletwa pamoja na mzee wa jamii ili kusuluhisha tofauti zao.",general_prose
luhya_multi_133_en,eng_Latn,rag_Latn,The Almighty God will give blessings to your crops so that you may cease being disobedient and obey all laws.,"""Wele Omunyali Owa Bioosi alabiita chikhabi mu bibiaalwa bienywe namwe mulekhe khuuba barekerefu nende khuria kamalaka koosi.",Conversational
luhya_multi_92_en,eng_Latn,rag_Latn,"And if you swear by God the Most High, do not change your mind.",“Ne wichuba khu Wele Omunyali kambila akhakobola tawe.,Conversational
kentrans_1048,eng_Latn,rag_Latn,Yija kwisevere yo wuyeti.,Alikuja kuniokoa.,general_prose
kentrans_267,eng_Latn,rag_Latn,Yeyo neng'ereng'ani ya Nyasaye eveye munda yo mundu mukali.,Hiyo ni nyota ya Mungu iliyo tumboni mwa mwanamke.,general_prose
kentrans_3152,eng_Latn,rag_Latn,Gaduukan amagera a dalola,……………………………………………,general_prose
kentrans_2055,eng_Latn,rag_Latn,Kumsalaba Yesu yavabwa,Msalabani Yesu alisulubiwa,general_prose
kentrans_2273,eng_Latn,rag_Latn,"Kali uvwoni vwinyu vove vwakangu,",Hata kama zenu dhambi ni kubwa,general_prose
kentrans_909,eng_Latn,rag_Latn,"Naye Mwana wa Nyasaye,","Naye Mwana wa Mungu,",general_prose
kentrans_365,eng_Latn,rag_Latn,Munyanza muveye mu nevindu naho tsinyama kuli tsiveye mu vigulu na tsimeli tsia manywa tsinzila tsia tsitsilamu.,Baharini mna vitu ama wanyama kama wale waliyo milimani na hata meli zimeonyeshwa njia za kupitia.,general_prose
kentrans_800,eng_Latn,rag_Latn,Nyasaye,Mungu,general_prose
kentrans_1064,eng_Latn,rag_Latn,"Khuli yali ni ya nyanza, Ni shiri khummanya.","Jinsi alivyonipenda, hata kabla nimjue.",general_prose
kentrans_1232,eng_Latn,rag_Latn,"Na ku la ku londa,",Tutakufuate wewe,general_prose
kentrans_695,eng_Latn,rag_Latn,YA VIKWA ITAJI YA MAFWA,ALIVISHWA TAJI YA MIBA,general_prose
luhya_multi_80_sw,swh_Latn,rag_Latn,"Mlikuwa mkimtii mungu , mtu yeyote anayepoteza ukweli wa huyu aliye yatima na mjane alaaniwe.","""Mwaaba ne muria Wele ""Omundu yesi yesi otiimia bung'ali Wobwo omukwa omufuubi ne namulekhwa alaamwe.",Conversational
kentrans_3682,eng_Latn,rag_Latn,"Yaganagana ndi nuvulahi yivisi mu, ma ihigili niiva inyama yosi yakatsi kwigama mu.",Aliwaza kuwa ni vyema ajifiche kwenye pango ili amnase mnyama yeyoteambaye angeingia kujikinga mvua pale.,general_prose
kentrans_2869,eng_Latn,rag_Latn,Miyinzi je kamiti mbia nayive noveye Andimi iligina ovoola ndi,Ukiwa kama Andimi unadhani nini kuhusu hii maoni yah ii kamati mpya?,general_prose
kentrans_684,eng_Latn,rag_Latn,"Nobwoni bwa kwononya, Bwa kusinyanga kase, Bwa kusinyanga kase.","Dhambi zilituharibu, zimekuwa zikitusinya, zimekuwa zikitusinya.",general_prose
kentrans_1780,eng_Latn,rag_Latn,Naho ni vwaha witwa mu vulwani na yatotswa ha vundu himbi ahembala eroleki ku mwana eveye.,Ama ni nani aliyeuwawa kwa vita na alidungwa mahali karibu na alama iliyoonekana kwa Yule mtoto,general_prose
luhya_multi_361_en,eng_Latn,rag_Latn,6. Sitting on a chair reserved for grandfather.,6. Kwikala kondeve ya guga wovo.,Conversational
kentrans_1340,eng_Latn,rag_Latn,"Ni Siguku lero, ni Siguku lero,","Ni siku kuu leo, ni siku kuu leo",general_prose
kentrans_2619,eng_Latn,rag_Latn,Yisusu viviri visiye mugera - Tsimoni,Vipepeo viwili yya vuka mto -Macho,general_prose
kentrans_1607,eng_Latn,rag_Latn,"Ku, yaavugula kivaavi naatsooma mama weeve.",Ndipo alipochukua silaha na kumdunga mamake.,general_prose
kentrans_1808,eng_Latn,rag_Latn,Vakevanga inyima we mihiga saba naho ni vavitizi kigira inzala jiva mihiga likomi.,Upashaji tohara ulifanyika baada ya miaka saba au miaka kumi ikiwa kulikuwa na njaa.,general_prose
kentrans_213,eng_Latn,rag_Latn,Musaalisi muyinzi gwigwe no MUVIDI NI MULALA MWELE.,MTU WA KUBARIKI kazi yake na TABIBU NI MOJA.,general_prose
kentrans_971,eng_Latn,rag_Latn,Na nzeganira ubwoni,Natubu dhambi,general_prose
kentrans_1061,eng_Latn,rag_Latn,"Yesu khu musalaba va mukhalajira,","Yesu alihukumiwa msalabani,",general_prose
kentrans_3117,eng_Latn,rag_Latn,Daudi aveeye neritimu,Daudi yuko na mkuki.,general_prose
kentrans_3552,eng_Latn,rag_Latn,"24 Yahova aveye kidieli kyange, mwoyo gwange gu vola, kigira yaga Nda suuvira kuye.","Nimeiambia nafsi yangu, Bwana ni fungu langu, kwa hiyo nitamngojea.",general_prose
kentrans_322,eng_Latn,rag_Latn,"Kindu chakavili ni LIKERE liomukivanda naho ilio mumulimi nililila, kandi umundu mulala amanya kuhulila uvuluhu nuunwa amatsi naho nugamulila kuvunyingi umanye imbula ilakuba.",Jambo la pili ni kuwa chura wa mtoni au wa shambani akilia haiafu mtu ahisi kiu na kunywa maji mengi basi mvua itanyesha.,general_prose
kentrans_3093,eng_Latn,rag_Latn,amaduuma,Mahindi,general_prose
kentrans_1069,eng_Latn,rag_Latn,NYASAYE MUTAKATIFU,MUNGU MTAKATIFU,general_prose
kentrans_3626,eng_Latn,rag_Latn,17 Tsimoni tsyetu kuvuki kulihenza likonywa lyetu Lya vutswa.,Macho yetu yamechoka kwa kutazamia bure msaada wetu.,general_prose
kentrans_109,eng_Latn,rag_Latn,"Uvulavu vwe lilova ukuyanzitsa Avivuli, ihili, ilidala, uvwamihi, na Nyasaye.","Mwanga wa ulimwengu wakufurahisha wazazi, jamii, kijiji, utawala na Mungu.",general_prose
luhya_multi_2_sw,swh_Latn,rag_Latn,UGONJWA WA KORONA,. OBULWAYE BWA KORONA.,Conversational
luhya_multi_82_en,eng_Latn,rag_Latn,The 'MOON' so she can go and conceive.,“MWELI” ku atsie kuhelitsa.,Conversational
luhya_multi_326_en,eng_Latn,rag_Latn,A woman milking a cow,44. Mukali kokela eng'ombe.,Conversational
kentrans_2935,eng_Latn,rag_Latn,Gunani yinwo gwamulia,Zimwi hilo lilimla,general_prose
luhya_multi_179_sw,swh_Latn,rag_Latn,kutoka Efraim walikeremka,14 kutwula mu Efiraimu va sulunguta,Conversational
kentrans_903,eng_Latn,rag_Latn,Aleluya! Umuhonyi,Haleluya! Mwokozi,general_prose
kentrans_1279,eng_Latn,rag_Latn,"Mwami wetu, udzi, Mwami wetu udzi,","Rudisheni sauti, rudisheni sauti",general_prose
kentrans_464,eng_Latn,rag_Latn,LISAMBA LIA VAKUZU,KUCHOMWA KWA WAFU,general_prose
luhya_multi_272_en,eng_Latn,rag_Latn,"And let him bury his face in the dust, perhaps there may still be hope.","29 A vike munwa gwigwe mu lugukyi, Ni I va lisuuviridza liveye ho.",Conversational
kentrans_743,eng_Latn,rag_Latn,Lyeta lilye lyeng’ine;,Jina lake tu;,general_prose
kentrans_1011,eng_Latn,rag_Latn,KU MUSALABA YA KUKUDZIRA,MSALABANI ALIFIA,general_prose
kentrans_827,eng_Latn,rag_Latn,A la vugula inze.,Atanichukua.,general_prose
kentrans_3578,eng_Latn,rag_Latn,"50 kuduka Yahova yumike, nokulola kutwula migulu ha a veye.",hadi Bwana atazame chini kutoka mbinguni na kuona.,general_prose
kentrans_636,eng_Latn,rag_Latn,Wa soma kuli ya henza yaho?,Ulisoma jinsi alivyoangalia hapo?,general_prose
luhya_multi_137_sw,swh_Latn,rag_Latn,"“Wewe una furaha mno, umekula nini?”","""Yive uveeye nuvusangali muno, ukaliiyeki?""",Conversational
kentrans_953,eng_Latn,rag_Latn,Shi ga li masahi,Haikuwa damu,general_prose
kentrans_446,eng_Latn,rag_Latn,38. Kusinyikira no kogondokera mifwa wovo.,Kumkasirikia au kumgombeza mjomba wako,general_prose
kentrans_1466,eng_Latn,rag_Latn,Mundu mti siyenyaa kulola enzoka.,Mtu mwoga hapendi kuona nyoka.,general_prose
luhya_multi_212_en,eng_Latn,rag_Latn,"And I said my strength has perished, and my hope from the Lord.","18 Na Nda vola tsingulu tsyange tsi goti, na lyenya lyange kutwula ku Yahova.",Conversational
kentrans_1959,eng_Latn,rag_Latn,Avayai averolanga vadukani kulwana na vayai volosoma lundi vatsitsanga kutuumba na volosoma lundi vaatsa kutuumba.,Wavulana walioafikiwa kucheza mchezo huu walienda kuucheza kwa jamii nyingine ilhali wale wa jamii tofauti wangekuja pia kupigana kwingine.,general_prose
kentrans_2661,eng_Latn,rag_Latn,"Ndagevolera,ndahira ku nwi",Nilmisihi inichotee maji ninywe,general_prose
kentrans_860,eng_Latn,rag_Latn,Kandi ni wina a yanza voosi?,Tena ni nani anayependa wote?,general_prose
kentrans_1462,eng_Latn,rag_Latn,Namang'ang'a gagenda sigaviri.,Ni maneno yaliyosambaa.,general_prose
luhya_multi_356_en,eng_Latn,rag_Latn,He has violently taken away his dwelling place as if it were a garden; He has destroyed his place of assembly.,"6 U twulizi netsingulu hokumenya hehe, kuli ha zana ha li milimi vutswa wononnyi hokuvugana hehe.",Conversational
luhya_multi_265_en,eng_Latn,rag_Latn,He is waiting for us in heaven,A khulindira mwigulu.,Conversational
kentrans_3337,eng_Latn,rag_Latn,"Kunangwa Baraka ya sulu mukali wa Lapidothu, niye ya kala-nguta kutulwa mu kigulu kya Taboru, gira Israeli inyinga yeyo.","Ndiposa Baraka ya sulu mke wa Lapidothi ndiye aliyeamua kutoka juu mlima wa Taboru,sababu Israeli wakati huo.",general_prose
kentrans_1437,eng_Latn,rag_Latn,Inyaanya Munyolo,Nyanya kwenye nyororo,general_prose
kentrans_3585,eng_Latn,rag_Latn,"57 Wesunda ku inze ku lidiku Lya nda kwanira, na wa mbolera, u ta Tia mba.","Ulikuja karibu nilipokuita, nawe ukasema, “Usiogope.",general_prose
kentrans_1709,eng_Latn,rag_Latn,Kandi yindi nyama yommbulimu yatsa na Nyasaye yamuha tsingulu naaguuta.,Na mnyama mwingine wa mwituni pia alikuja na Mungu akampa nguvu akamshinda mnyama huyo.,general_prose
kentrans_2891,eng_Latn,rag_Latn,Kandi vakonyananga muvudinyu vwosi.,Tena walikuwa wakisaidiana katika shida zote.,general_prose
luhya_multi_138_en,eng_Latn,rag_Latn,(Discussion),(Livoolerana),Conversational
kentrans_2970,eng_Latn,rag_Latn,Uloli baba ula.,Ameona yule baba,general_prose
kentrans_3310,eng_Latn,rag_Latn,"Sulunguta kuduka ha viribwa,",Teremka kufika kwa viribwa,general_prose
luhya_multi_57_en,eng_Latn,rag_Latn,'I will fight with him.',"""Inze ndalwana naye.""",Conversational
kentrans_1009,eng_Latn,rag_Latn,Bwaha wenyanga kubohololwa?,Nani anayetaka kukombolewa?,general_prose
kentrans_2978,eng_Latn,rag_Latn,Luulu alolaa liiru,Luulu anaona goti.,general_prose
kentrans_2508,eng_Latn,rag_Latn,Singiyi hagati he tsinzuki - Lulimi,Nmesimama walipo nyuki -Ulimi,general_prose
kentrans_912,eng_Latn,rag_Latn,Va mmbamba a kudzere,Walimsulubisha atufie,general_prose
kentrans_244,eng_Latn,rag_Latn,"Amativuli gavola ndi, Nyasaye walomba umundu mukali yamulomba vudiku ulwa Adamu yali navaye mutsindolo na umweli gwali nigutuli ma Nyasaye na alomba Hawa mukali wa Adam.","Jibu ndilo hili; Mugu alipomuumba mwanamke, alimuumba usiku wakati Adamu alikuwa amelala nao mwezi ukawa umeandama naye mungu akamuumba Hawa, bibiye Adam.",general_prose
luhya_multi_360_sw,swh_Latn,rag_Latn,Naye alituma mtu akatoroka kwa miguu,6 Naye ya tuma mundu ku-yiruka nevirenge,Conversational
kentrans_2466,eng_Latn,rag_Latn,Avakana vatano vasiru,Nao wasichana watano wajinga,general_prose
kentrans_2334,eng_Latn,rag_Latn,"Kuhonya vosi vadivanga,",Kuponya wote wasiangami,general_prose
kentrans_3179,eng_Latn,rag_Latn,Avalala kuvo sivahonaa,Baadhi yao hawakunusurika.,general_prose
kentrans_1604,eng_Latn,rag_Latn,Anakamuna kavoolera Anakanani vaavukane nanivaduuki yengo waavo syamulala alie mama weeve.,Anakamuna alimwambia Anakanani waagane na wakifika nyumbani kwao kila mmoja wao amle mamake.,general_prose
luhya_multi_153_en,eng_Latn,rag_Latn,"And he stood at the tent door, and Barak gathered together all the people, every man who comes to you, Zebulun and Naphtali went and asked and said to him there at Kedesh; and fourteen thousand people, all the people? Where will you find him there with his foot and Deborah said no, he is not there.","10 Na singire mu kiliango kyelihema, na ga Baraka ya vugannya halala avandula va ku vosi mundu ni yadza ku ive, va zebuloni na Naftali ya tsia nokukuteva, na a vola, A yeye hano Kedesh;navandu tsielfu likumi vane-mundu ku vosi? Hene yahoo u la gira ha virenge vivye:na Debora tivula, Auwa, si a veye ho.",Conversational
kentrans_2244,eng_Latn,rag_Latn,Kuhananga kwaheri kumwoyo gugwo,Ni roho yako tunayoiaga,general_prose
kentrans_1022,eng_Latn,rag_Latn,Si a nyala kundeka inze.,Hawezi kuniacha.,general_prose
kentrans_3162,eng_Latn,rag_Latn,Vugula ligina noho kisaala ulirase,Chukua jiwe au kijiti ulilinge.,general_prose
kentrans_555,eng_Latn,rag_Latn,"8. Koseka musakulu, mukeere naho mundu walwala naho we li gonzo.","Kumcheka mtu mzee, bibi au mtu mgonjwa au aliye na kovu.",general_prose
luhya_multi_140_sw,swh_Latn,rag_Latn,(Ninajua kwamba mumefuga ng'ombe.,(manyile ndi muli ne chikhaafu),Conversational
kentrans_3180,eng_Latn,rag_Latn,Vaatemagaa vasigu vaavo nivaviita ligali,Waliwakata adui wao na kuwaua kabisa.,general_prose
kentrans_420,eng_Latn,rag_Latn,Avana valala vagimirangwa ma viruka vatsia kwivisa mu vulimu,Watoto waliokamatwa walitoroka na kujificha vichakani.,general_prose
kentrans_3203,eng_Latn,rag_Latn,Aveeye mulindi mulahi.,Yeye ni askali mzuri.,general_prose
kentrans_2576,eng_Latn,rag_Latn,Musikali ku muliango - Likafuli,Askari kwa mlango -Kufuli,general_prose
kentrans_252,eng_Latn,rag_Latn,"Sikili ho kali kindu kilala ekekoleka vugila kilala nikitamanyi mba, miima jo mieli nijo jiveye mumundu mkali, navo naviko avanene ligali","Hamna chochote hata kimoja kinachoweza fannyika bila kingingine kujua, tabia ya mwezi ni sawa na ile ya mwanamke, nao mwezi na mwanamke ni wa ukoo wa karibu sana.",general_prose
kentrans_2397,eng_Latn,rag_Latn,Mwoyo gwange suvira,Amini roho yangu,general_prose
kentrans_2627,eng_Latn,rag_Latn,Nu mwana akatsia kusuma.,Mtoto alienda kuchuma.,general_prose
luhya_multi_242_sw,swh_Latn,rag_Latn,Ndipo akapanda pamoja naye hapo Jaeli mke wa Heberi,21 Hene yanegira halala naye yahoo Jaeli mukali wa Heberi ya,Conversational
kentrans_2160,eng_Latn,rag_Latn,"Kigira uvudamanu wwa vakora, avene.",Kwa maovu wayatendao wenyewe,general_prose
kentrans_2900,eng_Latn,rag_Latn,"Lidiku lialondaku, liive liatsa koteva logembe Iwalio.",Siku ilipofika mwewe alifika kuulizia wembe wake.,general_prose
kentrans_1384,eng_Latn,rag_Latn,"Mu mwoyo gwange a menyanga,",Huishi Rohoni Mwangu,general_prose
kentrans_3024,eng_Latn,rag_Latn,Ayuya yayaa yeyo,Ayuya (mtu) ananalisha (mifugo) huko,general_prose
luhya_multi_42_en,eng_Latn,rag_Latn,They have no commitment Aniiogoke,"""Avaveeye Evologovo Aniigoke",Conversational
kentrans_3302,eng_Latn,rag_Latn,24 Na mkono wa bwana Israeli,Na mkono wa wana wa Israeli Ilikuwa na nguru kwa Jabin kiongozi wenu wanao keti kwenye ngozi Kanani kufika alikoteswa wanaotembea kwa Jabim mkuu wa Kanani,general_prose
kentrans_3063,eng_Latn,rag_Latn,Avaana vahanaa magina malahi,Watoto wanapeana mawe mazuri.,general_prose
kentrans_2605,eng_Latn,rag_Latn,VIDANDAWILI O:MATIVULI,VITENDAWILI T: MAJIBU,general_prose
kentrans_1647,eng_Latn,rag_Latn,Lidiku lirala yeenya kutsia ihale mumadaala kulola avalina veeve kuvavoolera vatuge mitugu.,Siku moja akaamua kwenda vijiji vya mbali kuwatembelea rafikize ili kuwahimiz wafuge mifugo.,general_prose
kentrans_1856,eng_Latn,rag_Latn,Mundu kuli mwene uyu yatungizangwa nu mukevi ndi yavita lilago.,Mtu kama huyu alitozwa faini na ngariba kwa kutofuata sharia.,general_prose
kentrans_1265,eng_Latn,rag_Latn,Mudze kalunu kumusigamire.,Neno la baba limekuwa mwili.,general_prose
kentrans_1018,eng_Latn,rag_Latn,"Nilwo Iwa nda nyola bulavu,","Ndipo nilipopata mwanga,",general_prose
kentrans_984,eng_Latn,rag_Latn,Ni wi wa vushira ive?,Ni nani aliyekukubali?,general_prose
kentrans_2753,eng_Latn,rag_Latn,Na undi noho!,Mwingine je!,general_prose
luhya_multi_285_en,eng_Latn,rag_Latn,"And let him offer his cheek to the one who strikes him, and be filled with shame.","30 A Haane ku uyu u mu kuyanga lusaya lwilwe, yizule amanyego.",Conversational
luhya_multi_320_en,eng_Latn,rag_Latn,Let us lift up our hearts and our hands to God in heaven.,41 Gendi ku gingire Nyasaye u veye igulu mwoyo gyetu halala na makono getu.,Conversational
kentrans_1894,eng_Latn,rag_Latn,Inyinga yaduka lwa serikali yenya avandu vatage amaduma lugano lulala ulutali lwa mazugane dave.,Wakati ulifika wakati serikali ilitoa amri watu wapande mahindi sambli moja isiyo ya mchanganyiko.,general_prose
luhya_multi_279_en,eng_Latn,rag_Latn,"Listen, you kings; listen Israel","3 Mu hulire, Omwinye avami; mu lilye mu Israeli,",Conversational
kentrans_673,eng_Latn,rag_Latn,Ku suuvire ive.,Tukuamini wewe,general_prose
kentrans_229,eng_Latn,rag_Latn,"Navutswa ILISWAKILA lialange ililago umundu aswakilwi ivindu vyatsia vivuli kwononyia umundu uyu, aviluki vulahi vugila kuminika ne miima javandu vakutsa kale.","Ila kufanya matambiko, ilikuwa ni lazima mtu afanyiwe tambiko na vitu ambavyo havingemzuru, ili akue bila kufinyika na itikadi za wafu.",general_prose
kentrans_1851,eng_Latn,rag_Latn,"Gakolekanga ndi kigira ise na nyia valange vutswa ne nyumba ndala, vwiyangu si vwalange munyumba ku vana vaviti mihiga likomi dave.","Ilifanyika hivyo kwa sababu baba na mama walikuwa na nyumba moja tu, na hapakuwa na nafasi kwa watoto waliopita miaka kumi na mbili.",general_prose
kentrans_1078,eng_Latn,rag_Latn,Nyasaye Yahova. Umutakatifu.,"Baba, mwana, Roho, sisi tu gizani",general_prose
kentrans_515,eng_Latn,rag_Latn,Naveeye mundu mukali vamanyanga vamuha mulala ku valuhia kolondana nuvuhimbi vwa vamwavo musatsa.,"Iwapo ni mwanamke, alikuwa akipewa mmoja kati ya ndugu zake mumewe aliyeaga.",general_prose
kentrans_2429,eng_Latn,rag_Latn,UZANGA NA KIHANWA KI?,WAILETA ZAWADI GANI?,general_prose
luhya_multi_297_sw,swh_Latn,rag_Latn,Mke kupeleka maji kwenye chungu au kupika ugali kwa meko ya mama mukwe kama bado hajajifungua mtoto wa kiume,35. Mukali kuhila amazi muchasiongo naho kuluga uvuchima ku mahiga ga navizala weve nakikiri kwivula ho mwana muyai.,Conversational
kentrans_586,eng_Latn,rag_Latn,"Vitanga ligondi ma nivakamala konyenya, mundu mukulundu yahutsanga imwiika mu kifu.","Walimchinja kondoo na baada ya kumbambua ngozi, mzee aliyejukumika alipuliza hewa katika utumbo wa ke.",general_prose
kentrans_894,eng_Latn,rag_Latn,Na ku honi nunu.,Na tumepona leo.,general_prose
kentrans_1028,eng_Latn,rag_Latn,Naye ala kidzominywe,Naye atatukuzwa,general_prose
kentrans_1157,eng_Latn,rag_Latn,Netsinyimbu tsindahi;,Kwa nyimbo tamu,general_prose
kentrans_427,eng_Latn,rag_Latn,Avandu vali vakulundu yavo avene vatovolanga kutsia kosoma nivenyanga va manye kosoma ivangeri,Wazee walijitolea kwenda kusoma ili waweze kuisoma bibilia.,general_prose
kentrans_2321,eng_Latn,rag_Latn,Lisuuvira,Imani,general_prose
kentrans_3632,eng_Latn,rag_Latn,20 Miyika gya umolo getu wa Yahova yamuvaka maguta yagumirwa mu bwongo bwavo.,Pumzi ya mianzi ya pua zetu Bwana alikamatwa katika marima yao.,general_prose
kentrans_3326,eng_Latn,rag_Latn,"15 Avanene va iskari va li halala na tsinene tsya li bugura avandu,",15 Na wakuu wa Isakari walikuwa pamoja na vikuu kuchukuwa watu,general_prose
kentrans_1044,eng_Latn,rag_Latn,Esevere yi wonianga mwoyo:,Yeye ndiye huponya moyo:,general_prose
kentrans_2658,eng_Latn,rag_Latn,Ndatsia mukidaho,Nilienda mtoni.,general_prose
kentrans_37,eng_Latn,rag_Latn,Mara ndeda,kwa Ndeda,general_prose
kentrans_3346,eng_Latn,rag_Latn,"8 Na Baraka twula kuvugana na Sisera, naya mu ya volera mukali uyo, Ive nu u va nu volera, U girunkane, wingire, mwami utsia halala ninze, hene yahoo inze wange, u girunkane wingire ahange;ndatsia;navutswa ive nu u va nu uu ta tia kindu.","Na Baraka walipotoka kukutana na Siseri, na akamwambia bibi huyo, wewe kama unasema ubadilike uingie ,mkuu uende pamoja nami, hapo yu mimi kwangu, ubadilike uingie kwangu nitaenda lakini wewe kama utaogopa kitu",general_prose
kentrans_154,eng_Latn,rag_Latn,Na mwana muyai uliva umwivuli naho omuheyi - yivulangwa vutswa niyinyara na manyia uvusatsa vwivwevusingira ma kandi manege naho tsingovole nitsiveye mu tsiosi tsivili.,Na mtoto wa kiume atakaye kuwa mzazi ama mzinzi-alizaliwa akikojoa akionyesha uume wake ukiwa umesimama na makende yote mawili yakiwa ndani,general_prose
luhya_multi_256_en,eng_Latn,rag_Latn,"So God defeated Baraka, arise because today Jabin the Lord of Canaan before God put Sisera in the hand of the children of Israel so that day God did not go ahead","23 kunangwa Nyasaye ya guuta Baraka, Vuka ;kigira ku lidiku yili Jabin mwami wa Kanani imbiri wa Yahova u viki Sisera mmukono avana va Israeli ku lidiku yilyo, gugwo;Yahova si ya tsia imbiri |24 Na mukono gwavana va Israeli",Conversational
kentrans_373,eng_Latn,rag_Latn,Kigulu nikyo inda yo mundu mukali umwana naveye mu.,Mlima ndio tumbo ya mwanamke akiwa mjamzito.,general_prose
kentrans_1882,eng_Latn,rag_Latn,Haundi yalola engoko yene yila niyo yalulanga hango.,Pengine alidhani pengine kuku huyo ndiye aliyekuwa akimwona nyumbani.,general_prose
kentrans_2764,eng_Latn,rag_Latn,Mahondo gayataga nzie nzie.,Malenge aliyoyapanda.,general_prose
kentrans_2333,eng_Latn,rag_Latn,"Yehaanira kumusalaba,",Uliyejitolea msalabani,general_prose
kentrans_3550,eng_Latn,rag_Latn,"22 Ga veye KU tsimbavasi tsya Yahova tsi kiranga Ni KU vula kuheridzwa, kigira tsimbavasi tsitsye si tsi gehanga mba.","Kwa sababu ya upendo mkuu wa Bwana, hatuangamii, kwa kuwa huruma zake hazikomi kamwe.",general_prose
kentrans_46,eng_Latn,rag_Latn,Amakula anaho lwivulu lwo mundu mu lilova linu,Maarika au uzao wa mtu hapa duniani,general_prose
kentrans_2307,eng_Latn,rag_Latn,Vakalagirwi likalaga lyovulungi.,Wapate hukumu ya baraka,general_prose
kentrans_2377,eng_Latn,rag_Latn,Tovola lero Yesu Kristo.,Chagua leo Yesu Kristo,general_prose
luhya_multi_132_en,eng_Latn,rag_Latn,God the Almighty of all will give all people blessings in your cities and fields,“Wele Omunyali Owa Bioosi alabiita babaandu boosi chikhabi chingoba chenywe ne kimikuunda.,Conversational
kentrans_727,eng_Latn,rag_Latn,Ya guurha likhudza lya Shetani.,Alishinda kifo cha shetani,general_prose
luhya_multi_180_en,eng_Latn,rag_Latn,And Deborah told him,14 Na Debora ya volera,Conversational
kentrans_1731,eng_Latn,rag_Latn,Ihiiri yaakubitsanga Avaisiraerl kivi yaali ya Vafi lisitia:,Jamii iliyo waangaisha Waisraeli ilikuwa jamii ya Wafilisti:,general_prose
kentrans_262,eng_Latn,rag_Latn,Tsing'erengani tsio kwigulu tsilwala ma tsikutsa kuli avana va vandu valwalanga ma vakutsa. Noveye vudiku.,Nyata wa angani huugua hadi kufa sawia ilivyo na watoto wa watu ambao huugua na hata kufa,general_prose
luhya_multi_106_en,eng_Latn,rag_Latn,Then the remnants came down,13 Hene yahoo iya sulunguta litigala,Conversational
kentrans_2375,eng_Latn,rag_Latn,Tovole lero liva mwoyo,Chagua leo Kuishi,general_prose
kentrans_812,eng_Latn,rag_Latn,"Inze nyanzanga kigira ya voola,","Nina furaha kwa sababu alisema,",general_prose
luhya_multi_312_en,eng_Latn,rag_Latn,Cleanses,Ga nyala khwogidza,Conversational
kentrans_3040,eng_Latn,rag_Latn,Lola lugaga lula,Ona ile ua,general_prose
kentrans_723,eng_Latn,rag_Latn,Masahi ga rhonya khu musala.,Damu ilimwagika msalabani,general_prose
kentrans_1249,eng_Latn,rag_Latn,"Twulidza bwoni, wingire, Wivulwe mu kwinye:","Ondoa zambi zetu, uingie, uzaliwe ndani yetu",general_prose
luhya_multi_41_sw,swh_Latn,rag_Latn,Hatakuwepo mtu yeyote kwa nyumba uzima wenu wote.,“Akhabao omundu yesi yesi munju bulamu bwenywe bwoosi tawe.,Conversational
kentrans_2797,eng_Latn,rag_Latn,Na tsisaala sitsiaali tsiange,Miti haikuwa yangu.,general_prose
luhya_multi_98_en,eng_Latn,rag_Latn,"When you go to attack a city many to defeat you, do not fear them but start to give his people.","“Nga ne mucha khwibwaakala lukoba bakali khukhila babenywe, mukhabaria, lie khunyoa eelesia babaandu bewe.",Conversational
kentrans_79,eng_Latn,rag_Latn,Mwana we indasimba uyu no mwana womuyai yivula ichova na nyia siyaletwa hango mba,Mtoto aliyezaliwa nyumbani ni Yule ambaye kijana alizaa nje kabla hajaoa,general_prose
kentrans_3421,eng_Latn,rag_Latn,"8 Yerusalemi ya kola ubwoni ligali, kigira yaga u gwiye kuli kindu kidamano.",Yerusalemu ametenda dhambi sana kwa hiyo amekuwa najisi.,general_prose
kentrans_2143,eng_Latn,rag_Latn,"Mwegehizi imbiri wa nyasaye,",Tunyenyekee mbele za Mungu,general_prose
kentrans_2288,eng_Latn,rag_Latn,"Kalunu uvwiyangu voveyeho,",Leo tunayo nafasi,general_prose
kentrans_3050,eng_Latn,rag_Latn,Ula anagiraa ligali,Yule anadaka kweli,general_prose
kentrans_3280,eng_Latn,rag_Latn,"16 Navutswa Ba langa Baraka mwana wa Abinoam ku-raka ya Londerera magari zana, twula Kedesh-nafitali, na a mbolera, nelihe, lilye, kuduka Haroshethu lya Yahova, Nyasaye wa Israeli,si ya Tsihiri; nelihe lyosi lya Sisera lyaya haana munwa,na a vola, Utsie ku yuwa nobwogi bwekivali: Si ha tigala kigulu kya Taboru,na u hile halala nomundu kali mulala.nive avandu tsielfu likumi tsyavana","Lakini waliita Baraka wa Abinoam kutimiza ndio akafuatilia magari yenyewe kutoka Kedeshnafitali,na akaniambia na vita vyake kufika Haroshethu ya Mungu, bwana wa Israeli si makabila ni vita vyote vya Sisera yenye alipeana ruhusa na akasema uende kilibaki kilima cha Taboru na upeleke pamoja na mtu hata mmoja wawe na watu elfu kumi za watoto.",general_prose
kentrans_3371,eng_Latn,rag_Latn,"2 Kigira avanene avimiri mi Israeli, Ha zaa va la landidza amakuva Kigira avandu ave haana avene gevikolwa vyobulungi vya Ya I nobulaliri,",Kkwa sababu wakuu walitangulia katika Israeli hapo wakaeneza ujumbe kwa sababu watu wako wapeane wenyewe matendo mazuri nay a kupendeza,general_prose
luhya_multi_373_sw,swh_Latn,rag_Latn,"Wakuu wake walikuwa safi kuliko theluji, walikuwa weupe kuliko maziwa.","7 Avanene veve va li avesiyeku kuvita likonza, Va li avalavu kuvita maveere.",Conversational
kentrans_2528,eng_Latn,rag_Latn,Eng'ombe yange ni ndagigumiye kutsinziga itsitsaa mba -Ingida,Ngombe wangu nisipomshika kwa pembe hatembei - Baiskeli,general_prose
kentrans_31,eng_Latn,rag_Latn,A nyambura,Wa Nyambura,general_prose
kentrans_1262,eng_Latn,rag_Latn,Lero kudzanga kusantidza ive.,Sifuni Mungu aliye mbinguni,general_prose
kentrans_1303,eng_Latn,rag_Latn,Yivulwa ku vandu;,"Ataonekana,",general_prose
luhya_multi_343_en,eng_Latn,rag_Latn,What did they do to that grandmother?,5. Aviri vaakolaki kuye?,Conversational
kentrans_171,eng_Latn,rag_Latn,Amaloto ga Yosefa gamanyia ndi baba weve Yakobo ni liuva na mama nu mweli na avamwavo Yosefu ne tsingerengani,Ndoto ya Yusufu ilionyesha ya kuwa babake Yakobo ni jua na mamake ni mwezi na nduguze Yusufu ni nyota.,general_prose
luhya_multi_56_en,eng_Latn,rag_Latn,Today I am going to tell you the story of two old men called Kaleefu and Okwaro,“Inyanga ino enzia okhumuupila imbakha akabakofu babili abalaangwa mbu Kaleefu nende Okwaro.,Conversational
kentrans_1205,eng_Latn,rag_Latn,Inyinga yivulwa.,Azaliwapo Bwana,general_prose
kentrans_1712,eng_Latn,rag_Latn,"Daudi yasaala Nyasaye naavoola, ""Nzitsominyaa Yive Kigira waamba tsingulu kwita tsinyama.","Daudi alimwomba Mungu akasema, “Nakusifu Wewe maanake ulinipa nguvu kuwaua wanyama mwitu.",general_prose
luhya_multi_381_en,eng_Latn,rag_Latn,Slaves rule over us.,8 Avatumekiri vamehanga ku kwinye.,Conversational
kentrans_1216,eng_Latn,rag_Latn,"A la meha kuli indidzu,",Kama ninga atawale,general_prose
kentrans_1835,eng_Latn,rag_Latn,Mukana naduka okola miyinzi jo mulimi valombanga vufwuva na vandi vatsia kahonga mu mulimi.,Msichana akifika wa kufanya kazi za shambani walikuwa wakishirikiana na wengine na kwenda shambani mchana kutwa.,general_prose
kentrans_2996,eng_Latn,rag_Latn,Lubada,Chapii.,general_prose
kentrans_3535,eng_Latn,rag_Latn,"7 U viki ku inze lugaga hosi, mbule kutsia kyova, munyororo gwange u gu koli muliduhu.","Amenizungushia ukuta ili nisiweze kutoroka, amenifunga kwa minyororo mizito.",general_prose
kentrans_1099,eng_Latn,rag_Latn,"Nyasaye; wa letera vandu voosi,",Eh Mungu: umemtuma mwanao,general_prose
kentrans_123,eng_Latn,rag_Latn,Ave umusatsa umunifu ligali ulinda umbili gwigwe vulahi.,Awemume nadhifu kabisa anayetunza mwili wake vizuri,general_prose
kentrans_2419,eng_Latn,rag_Latn,Yahova ayazanga veyamanga,Mungu hupenda wanaokiri,general_prose
kentrans_3120,eng_Latn,rag_Latn,Yaaleta maguta ne kibiriti,Alilete mafuta na kiberiti.,general_prose
kentrans_2848,eng_Latn,rag_Latn,Kuhulitsa cho mundu avolanga,Hujenga umakini ya msikilizaji au mwanafunzi,general_prose
kentrans_2582,eng_Latn,rag_Latn,Avaana va Kenya valula - Tsinzuki,Watoto wa Kenya ni wakali -Nyuki,general_prose
luhya_multi_26_sw,swh_Latn,rag_Latn,"Atafanya hivyo mkiwa mnamtii kisha ambayo alisema hayatafika sheria zake ambazo ninawapa, itakuwa si ujumbe wa mungu huu kwa kumpenda yeye, mungu.","'Alakhola ario mwaba ne muria o mala niko aloma se kakhole kamalaka kewe niko ndikho muelesia tawe, aba se buli burume bwa Wele luno khulwe khumusiima niye, Wele.",Conversational
kentrans_1284,eng_Latn,rag_Latn,"Voosi, voosi va msuuvira.","Na kuharibu , na kuharibu dhambi.",general_prose
kentrans_2264,eng_Latn,rag_Latn,"Avavisandu na vakunzakali,",Mayatima na wajane,general_prose
luhya_multi_7_en,eng_Latn,rag_Latn,"To know who won, they let the knocked down one back in so he can also knock him down and then they separate.",. Kumanyia uguteywi vingirizana kandi atuulwe naho naye atuule ma vavukana.,Conversational
kentrans_2731,eng_Latn,rag_Latn,Oh!mama henzaku mweli,Hebu mama tazama mwezi.,general_prose
luhya_multi_101_sw,swh_Latn,rag_Latn,"”Akirudi nyumbani kwao aende apande mboga, nyanya na vitunguu kasha alete kuuza huku anaweza kupata pesa mingi.","“Ningalukha ingo wefwe ndatsia ndaaraka eliani, nende tsinyanya nebituunguo mana ndreera okhukusia ino shindskhanyoola amapesa amanji,",Conversational
luhya_multi_201_en,eng_Latn,rag_Latn,There was peace with Jabin your leader who sits on the skins of Canaan until he was afflicted by those who walk to Jabin chief of Canaan,"17 gwa li netsingulu ku Jabin mwami wa Mwinye avikalanga ku visero Kanani,kuduka iwa va dividza Nomwinye ava gendaga ku jabin mwami wa Kanani.",Conversational
kentrans_251,eng_Latn,rag_Latn,Na vyosindio vitula ivuugwe ma vitsia imadioli wa vigona nivihulitsana ku miyinzi jiavo.,Nazo zote huchomoza mashariki na kutua magharibi amboko hulala zikiafikiana ju ya majukumu yao,general_prose
kentrans_2382,eng_Latn,rag_Latn,Yahova mwene akuvolera,Mungu mwenyewe asema,general_prose
kentrans_3490,eng_Latn,rag_Latn,"10 Avakulundu vomukana wa zioni vikaye hasi, va kiringani makiriri.","Wazee wa msichana wa Sayuni wameketi chini, wamekimya",general_prose
kentrans_3618,eng_Latn,rag_Latn,13 Ga veye kigira ubwoni bwa vaprofeti veve na budamano va vasalisi veve.,Ni kwa sababu ya dhambi za manabii wake na maovu ya makuhani wake.,general_prose
kentrans_716,eng_Latn,rag_Latn,Iye u langwa nunu,Ukiitwa leo,general_prose
kentrans_2870,eng_Latn,rag_Latn,Kokola ki mbula kuladinyiliza nu kuyuminya uluvaamba lwa dada mulogolina mma kalyesa?,Tutafanya nini ili kujenga msingi wa dada mmaragoli na mama Kalyesa?,general_prose
kentrans_1410,eng_Latn,rag_Latn,Mwene ya tovola kuudza nokumenya na vandu:,"Ataka kutuponya, kutuzalisha upya",general_prose
kentrans_1869,eng_Latn,rag_Latn,Mundu wali no vulwaye munyumba niva vulwaye vwakakira.,Iwapo ugonjwa ungemzidia mtu nyumbani.,general_prose
kentrans_3163,eng_Latn,rag_Latn,Nutalirasa liramala maduuma,"Usipomulinga, atamaliza mahindi",general_prose
kentrans_2004,eng_Latn,rag_Latn,Kalunu vufweye vwosi.,Vimekwisha vyotex2,general_prose
kentrans_650,eng_Latn,rag_Latn,Mu lirova lyosidza lero.,Ulimwenguni kote sasa,general_prose
luhya_multi_263_en,eng_Latn,rag_Latn,Entering someone's house while in a hurry to leave.,25. Kwingila munyumba yo mundu nukuvita nduli.,Conversational
luhya_multi_203_sw,swh_Latn,rag_Latn,Lakini Sisera akakimbia kwa miguu ya Naftali na za watoto wa Zebuloni?,17 Navutswa Sisera yiruka nevilenge va Nafitali na tsyavana va Zebuloni?,Conversational
kentrans_2509,eng_Latn,rag_Latn,Vandu vaseka naye avamanyia Miogo -Aminu,Watu wanacheka naye anawaonyesha mihogo -Meno,general_prose
kentrans_755,eng_Latn,rag_Latn,Avadivi kuvamunnya,Waliopotea kuwaonyesha,general_prose
luhya_multi_398_sw,swh_Latn,rag_Latn,9. Mtu mzima kwenda haja ndogo au haja kubwa kwenye malazi.,9. Kwinyala naho kunia m'mbogono noveeye mundu uduuki.,Conversational
kentrans_2981,eng_Latn,rag_Latn,Lola liiru lira liiruli,Ona lile goti linauma.,general_prose
kentrans_2599,eng_Latn,rag_Latn,Yengo ni ihale - Nwigulu,Nyumbani ni mbali -Mbinguni,general_prose
kentrans_2607,eng_Latn,rag_Latn,Mukeere uvuyiyiki mmbwasi -Liengu,Nyanya ni mgonjwa jikoni - Ndizi,general_prose
luhya_multi_197_sw,swh_Latn,rag_Latn,"Hasira ya Bwana imewatenga, yeye hatawaangalia tena.",16 Livihirirwa Lya Yahova li va sundi ihale si alavahenza Kandi mba.,Conversational
kentrans_3691,eng_Latn,rag_Latn,"Lwe kisungura chahurira mwoyo, chatiguka tsimbiru.","Sungura aliposikia sauti ya simba, alitumua mbio.",general_prose
kentrans_1297,eng_Latn,rag_Latn,Ku mwinye na voosi.,Ya kuwapendeza.”,general_prose
luhya_multi_6_sw,swh_Latn,rag_Latn,Ng’ombe pia anafaa apate jinsi anavyokula na wanapokuwa nyumbani wao husumbua sana kwa maana hakuna mahali karibu ambapo pana nyasi ambayo ng’ombe wanafaa kula na washibe.,. Ing’ombe yosi yenyekhana inyole olwa iria nibari ingo kanyasichia muno khubera aumao abundu aambi ari nende obunyasi bwa ing’ombe ikhoyere khuria khuikura.,Conversational
luhya_multi_20_en,eng_Latn,rag_Latn,My river never runs out of water - Death is there,".Kidaho change kigetsa amatsi dave - Kukutsaa, kulitsaa",Conversational
kentrans_2208,eng_Latn,rag_Latn,Koveye novoveleli okoleki,Twahuzunika ametuwacha,general_prose
kentrans_2505,eng_Latn,rag_Latn,Senge ku ndigingu - Injene,Shangazi nmechoka -Uja uzito,general_prose
kentrans_2203,eng_Latn,rag_Latn,Naye alisunda ahimbi ku mwinye.,Naye atawakumbatia,general_prose
kentrans_2909,eng_Latn,rag_Latn,EVELIA NA KANYONYI KEKE,EVELIA NA KIDEGE CHAKE,general_prose
kentrans_2691,eng_Latn,rag_Latn,Ninze ingoyi.,Haa aha!ninze ingoyi makudiegange ku vidego. Haa aha! Ni mimi kichoma nguo,general_prose
kentrans_3554,eng_Latn,rag_Latn,"26 Nobulahi umundu a suuvire, nokulindirira ubuhonyi bwa Yahova nelyekudzira.",Ni vyema kungojea kwa utulivu kwa ajili ya wokovu wa Bwana.,general_prose
kentrans_426,eng_Latn,rag_Latn,Avana vakana valondangwa ku ligali dave.,Watoto wasichana hawakufuatwa sana.,general_prose
kentrans_2280,eng_Latn,rag_Latn,"Mutulizi uvudamanu vwosi,",Nyote mtubu dhanbi zenu,general_prose
kentrans_730,eng_Latn,rag_Latn,"Mukon a li himbi nunu,","Msaidizi yu karibu,",general_prose
luhya_multi_172_sw,swh_Latn,rag_Latn,Vijana huyachukua mawe na kusagia na watoto hujikwaa wakiwa na kuni.,13 Avoseli vaginga lugina na avana vekigitala netsingu.,Conversational
luhya_multi_391_en,eng_Latn,rag_Latn,We get our bread at the risk of our lives.,9 Ku nyolanga vyakulia vyetu kulidambidza livamwoyo lyetu.,Conversational
kentrans_3688,eng_Latn,rag_Latn,“Milembe munyumba yange”,“Amani hapa nyumbani kwangu”,general_prose
kentrans_2511,eng_Latn,rag_Latn,Kitatitsa mugeni - Ologohe,Hakiogopi mgeni -Kichoma nguo,general_prose
kentrans_62,eng_Latn,rag_Latn,Umukwe uyu ni umundu wamuheetsanga uvukwi kigila ni yaaleta mukaana winyu.,Mlipa mahari ni mtu aliyewapa mahari kwa sababu ameoa msichana wenu,general_prose
kentrans_41,eng_Latn,rag_Latn,Nomberi uvukamba vwange nzevohe,Nitengenezee ukamba wangu nijifunge,general_prose
kentrans_221,eng_Latn,rag_Latn,Musaalisi no mbidi vali.nivahevwa oluya kali ukuvita AVAMI kigira nivo avavika amakono kuvana nokuvami kali avasinghe miluka josi.,Tabibu au anayebariki ndiye aliyeruhusiwa kutawaza viongozi maanake ndio walioweka mikono kwa watoto na kwa viongozi na pia walisimamia matambiko yote.,general_prose
kentrans_269,eng_Latn,rag_Latn,Umwana oveye muinda yo mukali nivatamani navivuli vosi vavili yava atula mu.,Mtoto aliye tumboni hutunguliwa iwapo mwanamke anapokosana na wazazi wote wawili.,general_prose
kentrans_15,eng_Latn,rag_Latn,Tonde mang'ure,Tonde mtoto wa Mang'ure,general_prose
kentrans_3151,eng_Latn,rag_Latn,Vaaduuka vulahi na viirana yinu vulahi,Walifika huko na kurudi huku vizuri.,general_prose
kentrans_602,eng_Latn,rag_Latn,Ya kudza kuhonnya.,Amekuja kuponya,general_prose
luhya_multi_286_sw,swh_Latn,rag_Latn,Babu au nyanya kuangalia kaburini wakati mwili wa mjuku ulikiteremshwa kaburini(kitambo walipofuka),30. Guga naho guku kohenza mukilindwa lwom’mbiri gwo mwisukulu gwikitsangwa mu kilindwa. (Gase valavakula),Conversational
kentrans_1971,eng_Latn,rag_Latn,Mulala ahenza undi mu lusoma lundi ma amutovola.,Mmoja anamtafuta mwingine kwenye koo lingine na kumchagua,general_prose
kentrans_2659,eng_Latn,rag_Latn,Ndanyola iduvula matsi,Nikapata iduvula matsi.,general_prose
kentrans_177,eng_Latn,rag_Latn,"Kuli umundu vagana no undi mundu ni venya ku manyana,ku vahambane uvurina vwavo",. Kama mtu anapokutana na mwingine hujuana na kuleta pamoja uhusiano wao,general_prose
kentrans_700,eng_Latn,rag_Latn,Wetsingulu tsyosi,Mwenye nguvu zote,general_prose
kentrans_2503,eng_Latn,rag_Latn,Nindirira vutswa olombe ma mbuguli - Umwivi,Nasubiri tu itengenezwe kisha nachukua -Mwizi,general_prose
kentrans_1775,eng_Latn,rag_Latn,Avaluhya vevugwi halikanyingi valanganga mwana lyeta lyo mundu wavo wamala kukutsa na nivali ni va muyanza.,Waluya wa mashariki mara mingi walimuita mtoto jina la mtu wao aliyekufa na walikuwa wakimpenda,general_prose
kentrans_431,eng_Latn,rag_Latn,Lisoma lya valanganga madiku gano ngumbaru inyinga zana yeyo yirwo lwa lyali ne tsingulu,Somo la wazee linalojulikana siku hizi kama gumbaru lilivuma hapo zamani.,general_prose
kentrans_2971,eng_Latn,rag_Latn,Ulolaa lirala lira,Unaona lile tawi la ndizi lililonyauka,general_prose
kentrans_2589,eng_Latn,rag_Latn,Nuvita hu musakulu aveye kuduka umulasira - Amate na Mavi,Ukipita pale mzee yupo sharti umrushie -Mate na Mavi,general_prose
kentrans_2493,eng_Latn,rag_Latn,Kove valolekizi veve,Tutende yaliyo mema.,general_prose
luhya_multi_241_sw,swh_Latn,rag_Latn,20. Kuonyesha wengine uchi wako.,20. Kutulamila wundi.,Conversational
kentrans_13,eng_Latn,rag_Latn,Umwana tonde,Mtoto wa Tonde,general_prose
kentrans_541,eng_Latn,rag_Latn,Kalunu anyala kwingira munyumba yavo.,"Na hapo, mhusika alikuwa tayari kuingia kwa nyumba yake.",general_prose
kentrans_3568,eng_Latn,rag_Latn,"40 Gendi ku liguule nokugeridza Tsinzira tsyetu, nokwirana ku Yahova Kandi.","Tuzichunguze njia zetu na kuzijaribu, na tumrudie Bwana Mungu.",general_prose
kentrans_2323,eng_Latn,rag_Latn,"Avandu si va tebwa yo,",Watu hawatazikwa,general_prose
kentrans_512,eng_Latn,rag_Latn,kunangwa avandu vahindira vavegwa.,Ndio sasa wakubwa wanyolewe.,general_prose
kentrans_3542,eng_Latn,rag_Latn,"14 Ngwiye kihenyahenye KU Avandu vange vosi, lwimbu lwavo mbasu Bei.","Nimekuwa dhihaka kwa watu wangu wote,wimbo wao mchana kutwa.",general_prose
kentrans_1689,eng_Latn,rag_Latn,Goliathi yaali netsingulu ligali siyaali numundu yena kutsia kulwaana naye.,Hakuna mtu aliyetaka kupigana na Goliathi kwa sababu yaukubwa wake.,general_prose
kentrans_1965,eng_Latn,rag_Latn,"Losoma lwa tuulanga avingi, yilwo lwirananga yengo no lusuma lwe liguyta. Virananga sia mugolova kuduka madiku go mabasu gafwa.",Walioshinda mchezo huo walirudi nyumbani na walioshindwa walirejea nyumbani jioni wakati hakuna jua.,general_prose
luhya_multi_123_sw,swh_Latn,rag_Latn,”Unachojifanyia haifi”,“omwikholela shikufubanga ta”,Conversational
kentrans_2982,eng_Latn,rag_Latn,Lidebe,Debe,general_prose
luhya_multi_51_en,eng_Latn,rag_Latn,Every time you give cattle before the almighty Lord or sheep as they worshipped their god.,"""Buli lwosi ne muaana ekhaafu ebweeni wa Wele Omunyali Owa Bioosi, namwe likheese nga embosio, basaayi Wele wenywe.",Conversational
kentrans_662,eng_Latn,rag_Latn,Kwinye kwosi ku lakuule,Sisi sote tuwachilie,general_prose
luhya_multi_151_en,eng_Latn,rag_Latn,"The enemy has laid hands on all her treasures,",10 Mudamdidzi u nyiye mukono gigwe ku vindu vivye vyosi vyokuyanzidza.,Conversational
kentrans_2826,eng_Latn,rag_Latn,Nzie nzie nzie nzie kumitsa.,Niende niende niende kupanda.,general_prose
kentrans_1853,eng_Latn,rag_Latn,Lwo vukristayo vwatanga mukivala avandu vatanga limenya mu madala na mumadala yimu vombakira avang'elele tuyumba two kogona mu.,Wakati ukristo ulianza duniani watu walianza kuishi katika boma na waliwajengea watoto vyumba vya malazi.,general_prose
luhya_multi_221_en,eng_Latn,rag_Latn,Taking fire from neighbors if you are bereaved.,19. Kutsia kwanzala muliru mu vatende niva ukuziywi.,Conversational
kentrans_2474,eng_Latn,rag_Latn,Hambi valina vo mwami Yesu,Njooni marafiki wake bwana Yesu,general_prose
kentrans_3570,eng_Latn,rag_Latn,"42 Ku site lwako nokwebaala, ive si u sameha mba.",Tumetenda dhambi na kuasi nawe hujasamehe.,general_prose
kentrans_2106,eng_Latn,rag_Latn,"Kunyi kulwananga avene na vene,",Twapigana sisi kwa sisi,general_prose
kentrans_1192,eng_Latn,rag_Latn,"Khu msalaba, khale.",Pale msalabani,general_prose
luhya_multi_46_en,eng_Latn,rag_Latn,Women should not wear men's clothes or men should not wear women's clothing.,"“Babaandu be siikhasi bakhafwara chingubo che babaandu be siseeche tawe, namwe be sisecha bakhafwara chingubo che babaandu be sikhasi tawe.",Conversational
kentrans_28,eng_Latn,rag_Latn,mmbo kaviri,Mmbo mtoto wa Kaviri,general_prose
kentrans_2316,eng_Latn,rag_Latn,Navuza mwizulwi na roho wa nyaseye,Mjazwe roho wa Mungu,general_prose
kentrans_1487,eng_Latn,rag_Latn,Isi womunwa ulalola kederu kukinanwa.,Chini ya mudomo utaona ndevu kwa kidevu,general_prose
kentrans_3511,eng_Latn,rag_Latn,"17 Yahova u koli aga ya saavira , u dukidzi likuva lilye lya ya laga mmaduki ga kale.","Bwana ameyatenda aliyoyakusudia; amelitimiza neno lake, Aliloliamuru siku za kale.",general_prose
kentrans_623,eng_Latn,rag_Latn,Naa masahi gege.,Na damu yake,general_prose
luhya_multi_287_sw,swh_Latn,rag_Latn,Kwa kuwa watu hawakatiliwi mbali na Bwana milele.,31 Kigira Yahova si a la ta mihiga nemihiga.,Conversational
kentrans_2529,eng_Latn,rag_Latn,Ndamugonya yimiriri ku yasula - Litiginyu,Nilimlaza upande wa mbele akakataa -Magoti,general_prose
kentrans_2673,eng_Latn,rag_Latn,Ndamuvolera,Nilimjibu,general_prose
luhya_multi_72_en,eng_Latn,rag_Latn,You have heard how Kaleefu spoke so much about how he would die.,“Muhuliile shinga Kallefu yaboola-boolanga shinga olwalifwa,Conversational
kentrans_255,eng_Latn,rag_Latn,Tsing'ereng'ani tsitulamu mweli.,Nyota hutoka kwa mwezi,general_prose
kentrans_87,eng_Latn,rag_Latn,Umwana uyu amalanga uluhya lwaveye mu kandi agemela avana vandi vakutsa bei manaye atigala yengine,Mtoto huyu humaliza ukoo na pia husababisha vifo vya watoto wengine hadi abaki pekee yake,general_prose
kentrans_661,eng_Latn,rag_Latn,KWINYE KWOSI KU LAKUULE,Sisi sote tuwachilie,general_prose
kentrans_284,eng_Latn,rag_Latn,Kale Eng. eng’ani yingila ku munyumba hamugolova vudiku nivaluga vukima ma avola,Zamani nyota angeingia nyumbani jioni wakipika ugali na kusema.,general_prose
kentrans_1065,eng_Latn,rag_Latn,"Wenyanga khulolana na Yesu mwigulu,","Ukitaka kumwona Yesu mbinguni,",general_prose
kentrans_835,eng_Latn,rag_Latn,A khulindira mwigulu.,Anatusubiri mbinguni.,general_prose
luhya_multi_336_en,eng_Latn,rag_Latn,Those who ate delicacies are desolate in the streets.,5 Ava litsanga vigasu va lekeywi vengine ku Tsinzira tyelidala.,Conversational
kentrans_2728,eng_Latn,rag_Latn,Majira vakovola ku magodo.,Aina nyingine ya maharagwe ilipikwa hivyo bila kuondoa ganda lake.,general_prose
kentrans_3465,eng_Latn,rag_Latn,"Bulahi bwa Israeli ya bwagulula Hadi kutwula migulu, na so yidzulitsa intebe yevirenge vivye my lidiku lyobutima bwibwe.","Ameutupa kutoka mbinguni uzuri wa Israeli, wala hakukumbuka kiti chake cha miguu yake katika siku ya hasira yake.",general_prose
kentrans_3312,eng_Latn,rag_Latn,"12 Vuka, Debora; sig ! Inze ndimbira Yahova lidzomi-a vuka,vuka, wimbe Iwimbu;","Amka, amka, Debora; mimi na mwimbia Mungu namshukuru, amka, amka imba wimbo",general_prose
kentrans_3049,eng_Latn,rag_Latn,Anuunaa,Ananyonya,general_prose
luhya_multi_157_en,eng_Latn,rag_Latn,Far from the noise of those,11 Ilhale Ligali ku lioga iya yava,Conversational
luhya_multi_18_en,eng_Latn,rag_Latn,The elders studied at eight o'clock while the children studied during the day.,. Yavandu vakulundu isaa ya mugolova inyima wa saa nane. Na vana mugamba isaa ya mbasu.,Conversational
kentrans_1826,eng_Latn,rag_Latn,kwikala no mwana ku magulu naho kuhagata nu kumulihitsa ligomia.,Kuketi ukiwa umebeba mtoto au kumpakata huku ukimlisha ndizi.,general_prose
kentrans_1609,eng_Latn,rag_Latn,Manaamutema ligoti nekivaavi.,Na akamkata shingo kwa silaha.,general_prose
kentrans_144,eng_Latn,rag_Latn,Inyinga yiindi mwalanga umwana ilieta litali iliye ma agasa.,Wakati Mwingine mtoto aliitwa jina lisilo lake na anakuwa vizuri .,general_prose
kentrans_3082,eng_Latn,rag_Latn,Lola akaana kaavo kala,Ona kale katoto kao,general_prose
kentrans_89,eng_Latn,rag_Latn,"Uluswa umundu musatsa ugoni no mutugu anaho no musatsa undi, gavola ndi ugwi uluswa,naatuli muhili yeye atsie ihale",Mwanaume anayezini au kulala na mwanaume mwingine anakuwa mtu ambaye hakubaliki katika jamii,general_prose
kentrans_3398,eng_Latn,rag_Latn,1 tsya haluvega.,Za kando hiyo,general_prose
luhya_multi_5_sw,swh_Latn,rag_Latn,Indede eeh! Indede mama. Indede eeeh!,. Indede eeh! Indede mama. Indede eeeh!,Conversational
luhya_multi_91_en,eng_Latn,rag_Latn,"And the Almighty God, your God had told me, 'Tell them not to go with them for ten years in their land. The Almighty God gave the city of Ar to his descendants from his prayers.'","""Ne Wele Omunyali Owa Bioosi , Wele wenywe abele ne amboolela ali, 'Baboolele oli mukhacha nanywe khulwe kimiiko kamakhumi mwebwaakala namwe mwapana tawe kane kino. Se mwatambilekho sisiindu sikila ese sendi ne nanywe tawe. Basiku siosi siosi tawe. benywe balamubunia enywe.' 43 Nono ese 8“Khwako khwachiililila ne lukee namuboolela enywe ne se mwarekeere- ndo khwabira busa khu balebe befwe sia tawe. Ne kakhali, mwalekelesia lilaka be lisaaye lia Esau ba baamenya Edomu lia Wele Omunyali Owa Bioosi. Mwaba ne khwayukha khwalekha kumuyila lilielola mala mwacha mu sibala sie biku- kukwama Elati ne Esioni-geberi mala lu. 44 Nio Baamori ba bamenyanga mu khwalola lubeka lwe mu sichiimi sia sibala sie bikulu esio barura khukhupa- Moabu. 'Wele Omunyali Owa Bioosi na ne nanywe. Bamutimania oli enjukhi amboolela ali, 'Mukhanania babaandu ne mutimania mala banuula khukhwa- ba Moabu, namwe mwapana ne nabo ma Edomu khukhwola e Horima, 45 Ne tawe kabe kario sikila ese se ndamuele enywe mwakobola mala mwalilila siakho enywe kamaloba kabwe kosi kosi. Omunyali Owa Bioosi Naelesia lukoba lwa Ari khu lisaaye lyewe",Conversational
kentrans_3360,eng_Latn,rag_Latn,"Naye ya tsia kuye;tsine angekivya,navandu vosi ava li henza,Sisera ya li na a goni ha zana halala naye, kutwula Haroshethu Iya na a kudzi, -nikivambo kya li mu","Naye akaenda na watu wote wale watakao tizama, Sisera alikuwa amelala hapo pamoja naye kutoka Haroshethu alikuwa amefariki –na kigingi kilikuemo",general_prose
luhya_multi_2_en,eng_Latn,rag_Latn,CORONA DISEASE,. OBULWAYE BWA KORONA.,Conversational
kentrans_3357,eng_Latn,rag_Latn,"12 Na va volera Sisera,Baraka ma ya kudza.","Na akawaambia Sisera ,Baraka amekufa",general_prose
kentrans_2152,eng_Latn,rag_Latn,"Vamali koleka yahova Nyasaye, wavo,",Wameasi wao Mungu baba,general_prose
kentrans_3216,eng_Latn,rag_Latn,Avandu yava venyaa vatindirane.,Watu hawa wanataka kuchokozana.,general_prose
kentrans_2687,eng_Latn,rag_Latn,Haa ninze ingoyi,Haa ni mimi kichoma nguo,general_prose
kentrans_1918,eng_Latn,rag_Latn,Galolekanga kali gali ni gavita amalago ge. dini ya madiku gano.,Huenda masharti haya yalikuwa makali zaidi kuliko masharti ya dini za kisasa.,general_prose
kentrans_2798,eng_Latn,rag_Latn,Tsiali tsia vayi vamba,Nilikuwa nimepewa na wachungaji,general_prose
kentrans_3572,eng_Latn,rag_Latn,"44 Wekuniki nelilesi, lisaala lyetu li vule kuvita.","Unajifunika mwenyewe kwa wingu, ili pasiwe na ombi litakaloweza kupenya.",general_prose
luhya_multi_365_sw,swh_Latn,rag_Latn,"Ee Bwana, umesikia matukano yao, mashauri yao yote mabaya dhidi yangu.","61 Wa hulira amanyego gavo, O Yahova, na lisaavira lyavo Lya vasaviira ku inze.",Conversational
luhya_multi_59_en,eng_Latn,rag_Latn,'Now today I have decided to take revenge for what you did to my children.',“Khalano nyaingaino ndakhaamua khulipsya ngekulo wakholere banabanga.”,Conversational
kentrans_1148,eng_Latn,rag_Latn,"Kuhonya mwoyo gwange,",Moyo wangu kuuponya,general_prose
kentrans_3258,eng_Latn,rag_Latn,Kale ligali yaliho mukeere lieta lilie Ndiegu.,"Hapo zamani za kale, paliishi mama aliyeitwa Ndiegu",general_prose
kentrans_544,eng_Latn,rag_Latn,Mijiru ja Valogooli milala javikangwa kutihitsa amahiolo naho amatava gavuli kokolwa.,Baadhi ya miiko ya Wamaragoli iliwekwa kuogofya watu wasitende maovu.,general_prose
kentrans_3664,eng_Latn,rag_Latn,Uvukino bwetu bu girunkanyi luva lisyoma.,Michezo yetu imegeuka maombolezo.,general_prose
kentrans_147,eng_Latn,rag_Latn,Mlimenya muinda amanya atula mu na kutsi.,Kuishu tumboni huwa anatako kama amefariki,general_prose
kentrans_694,eng_Latn,rag_Latn,"Na a singa bwoni bwetu Lwa ya kudzera kwosi, Lwa ya kudzera kwosi; Mwene ya honya kwiny e","Akaosha dhambi zetu alipotufia Yesu,Alipotufia sote; mwenyewe alituponya",general_prose
kentrans_2922,eng_Latn,rag_Latn,Yayanza na seka seka na tum tuma,Alifurahia na kucheka cheka na kuruka ruka,general_prose
kentrans_3138,eng_Latn,rag_Latn,makasi,Makasi,general_prose
luhya_multi_249_en,eng_Latn,rag_Latn,"Because of the Lord's great love we are not consumed, for his compassions never fail.","22 Ga veye KU tsimbavasi tsya Yahova tsi kiranga Ni KU vula kuheridzwa, kigira tsimbavasi tsitsye si tsi gehanga mba.",Conversational
kentrans_833,eng_Latn,rag_Latn,Ga khola si? Ga khufwila.,Alitenda nini? Alitufia.,general_prose
kentrans_2227,eng_Latn,rag_Latn,Avalina vosi kwali kwamuyanza,Marafiki sote tulimpenda,general_prose
kentrans_392,eng_Latn,rag_Latn,"Muluka sigwalange vudiku mba, umuluka gwa vudiku gwalange gwo mkali pemusatsa ukwenya umwana.","Tambiko haikufanywa usiku, tambiko ilofanywa usiku ilikuwa ni ya mwanamke na mwanaume kutafuta mtoto.",general_prose
kentrans_141,eng_Latn,rag_Latn,Umwana mulala yivulangwa ne tsimbala ne ligondo lio umundu wa matuma yatse mu kivala.,Mtoto mmoja angezaliwa na alama na sura ya mtu aliyemtuma aende duniani,general_prose
kentrans_3183,eng_Latn,rag_Latn,Muvule kuta matimu nemivano namahalo muvitu mekire vulahi,"Musiweke mikuki, visu, …………………………………… vizuri",general_prose
kentrans_1526,eng_Latn,rag_Latn,Mwoyo gukubagaa masahi nigagenda.,Moyo unapiga ukizungusha damu,general_prose
kentrans_321,eng_Latn,rag_Latn,Lidudu siliveha mba,Lidudu huwa halidanganyi.,general_prose
kentrans_1612,eng_Latn,rag_Latn,"Lwa Anakanani yaamanya yaga yeenya kutsia kumulia, Anakamuna yaali niyeganihitsa nnya atligulira wundi mundu.","Wakati Anakanani alijua haya alitaka kwenda kumla, Anakamuna alikuwa amemtahadharisha mamake asimfungulie mlango mtu mwingine.",general_prose
kentrans_105,eng_Latn,rag_Latn,"Mmugitsi Niganyalika wanyoola ilikindu nililahi ligali, ukusimika ha mugitsi, ma kandi ikinavodotwi nikilahi ligali hango.","Katika boma wakati mwingine ungepata mti bora wa makindu, uliopandwa mbele ya nyumba, na mti wa kivuli pia ulikuwa mzuri.",general_prose
kentrans_2420,eng_Latn,rag_Latn,Alanyola vuhonyi.,Atapata kuokolewa,general_prose
kentrans_3027,eng_Latn,rag_Latn,Ayavaa iyeeye yiyi,Anachimba hii yake.,general_prose
kentrans_1537,eng_Latn,rag_Latn,Lugembe,wembe,general_prose
kentrans_393,eng_Latn,rag_Latn,Na muluka gwe misambwa gwakoleka mugamba kale ilmuva nilitu,"Ila, tambiko kwa Miungu ilifanywa asubuhi na mapema wakati jua liki-",general_prose
kentrans_2366,eng_Latn,rag_Latn,Avilananga ku inze,Kwa wale wanaonirudia,general_prose
kentrans_73,eng_Latn,rag_Latn,ihili mba,Hakuna ukoo.,general_prose
kentrans_3634,eng_Latn,rag_Latn,"21 U yanze, u sangale, o Mukana was Edom umenya mu kivala Kya Uzu.","Furahi, ushangilie, Ee binti Edomu, ukaaye katika nchi ya Usi.",general_prose
luhya_multi_55_sw,swh_Latn,rag_Latn,Kuna siku ambayo magari yalikuwa yanakuja madogo?,“ilikho inyanga eyemitoka chibetsanga mititi?,Conversational
luhya_multi_205_en,eng_Latn,rag_Latn,"You have removed my soul far from peace, I have forgotten prosperity.","17 U Mali kuvika mwoyo gwange gu ve ihale nemirembe, nziviriye ligasidzwa.",Conversational
kentrans_1422,eng_Latn,rag_Latn,Indimu indahi eveeye kumusaala.,Ndimu nzuri iko mtini.,general_prose
kentrans_2933,eng_Latn,rag_Latn,Gwatsa Agulakiraka niyakatsia kwaya tsing’ombe gutanga kwimba,Lilimngoja Agulakiraka kama amewapeleka ng’ombe malishoni likaanza kuimba,general_prose
kentrans_2952,eng_Latn,rag_Latn,mbugumange-mbuudu mbududu.,Mbugumange-mbuudu mbududu,general_prose
luhya_multi_119_en,eng_Latn,rag_Latn,Anyone who sleeps with his father's wife be cursed,"""Omundu yesi yesi okona nende mkha rarawe alaamwe.",Conversational
kentrans_2062,eng_Latn,rag_Latn,Yalila eloi loi,Alilia eloi eloi,general_prose
kentrans_9,eng_Latn,rag_Latn,Si ndakuba,Nilipiga,general_prose
kentrans_1335,eng_Latn,rag_Latn,"Mu landidze amang’ana, Yesu wivuliywi.",Mtangaze habari ya kuzaliwa kwa Yesu,general_prose
luhya_multi_187_en,eng_Latn,rag_Latn,"And God confused Sisera and his chariots at Ramah near Beth-el in all his chariots and all his battles, the hills of Ephraim: the children of Israel with sharp swords before Barak: They went up to go to Deborah to decide with Sisera who came down in his chariot and fled.","15 Na Yahova ya salanya Sisera, na ha Rama ha Beth-eli mu kivali kye-magari gege gosi,nelihe lilye lyosi, vigulu kya Efiraim: Navana va Israeli nobwogi bwekivali imbiri wa Baraka: Vanegira kutsia ku Debora kukala- na Sisera yika ku ligari lilye,na girwa.",Conversational
kentrans_3220,eng_Latn,rag_Latn,Engeges,………,general_prose
kentrans_2602,eng_Latn,rag_Latn,Avajesi kumbalabala - Tsiswa,Wanajeshi barabaran i-Kumbekumbe,general_prose
kentrans_2034,eng_Latn,rag_Latn,Vagira yesu navambwa x2,Walisababisha Yesu asulubiwe,general_prose
luhya_multi_382_sw,swh_Latn,rag_Latn,"Ngozi yao ni nyeusi kuliko makaa, hawajulikani katika njia kuu.","8 Ligondo lyavo li veye limwamu kuvita Amanda, si va manyekananga ku tsinzira.",Conversational
luhya_multi_356_sw,swh_Latn,rag_Latn,"Naye ameondoa maskani yake kwa nguvu, Kana kwamba ni ya bustani tu; Ameharibu anapofanyia mikutano.","6 U twulizi netsingulu hokumenya hehe, kuli ha zana ha li milimi vutswa wononnyi hokuvugana hehe.",Conversational
luhya_multi_68_sw,swh_Latn,rag_Latn,Hakuna muamoni ama muamoabu kwa wa uzao wao.,“Mbao Omuamoni namwe Omumoabu khu be lisaaye liabwe.,Conversational
kentrans_1112,eng_Latn,rag_Latn,U kwamihe kwinye uta kuleka mba wobuyanzi,Tutawale siku zote kwa pedo llisilo pungua,general_prose
kentrans_1411,eng_Latn,rag_Latn,"Ave Mwami wemirembe, ave Mundu wobulungi","Njoo upesi, Bwana, Twakutamani sana",general_prose
luhya_multi_190_sw,swh_Latn,rag_Latn,Hao watu wote waliokuwa wakipita walimpigia makofi.,15 vosi Ava vitanga va mu kongondera makono.,Conversational
kentrans_98,eng_Latn,rag_Latn,Inyumba kwuumbaka wuumbake inyuumba yoyo umuliaango gu henze ivugwi,"Ukijenga nyumba,mlango uwekwe mashariki",general_prose
kentrans_1825,eng_Latn,rag_Latn,Mundu wambooye wakevangwa naviti mihiga makomi gaviri na jitano haundi yali yamala koleta mukali na yayivula ku mwana.,Mtu anaweza kutahiriwa akiwa na miaka ishirini na tano na pia akishaoa na kupata mtoto.,general_prose
kentrans_1555,eng_Latn,rag_Latn,Lola mama numwana.,Ona mama na mtoto.,general_prose
kentrans_2946,eng_Latn,rag_Latn,"Lwayinuka hamugolova, yanyola muleri nataveye hango dave.",Alipotoka kazini jioni alimkosa mlezi nyumbani,general_prose
kentrans_964,eng_Latn,rag_Latn,Vihaanwa vyavandi.,Vipaji vya wengine.,general_prose
kentrans_3642,eng_Latn,rag_Latn,Avakana vetu vaveye kuli avakunzakali.,Mama zetu wamekuwa kama wajane.,general_prose
kentrans_3546,eng_Latn,rag_Latn,"18 Na Nda vola tsingulu tsyange tsi goti, na lyenya lyange kutwula ku Yahova.","Nikasema nguvu zangu zimepotea, na tumaini langu kwa Bwana.",general_prose
kentrans_717,eng_Latn,rag_Latn,U mu londe Yesu nunundi;,Umfuate Yesu leo hii,general_prose
luhya_multi_322_en,eng_Latn,rag_Latn,A wife taking [something] of the husband,42. Mukali kuvugula muhizu gwu musatsa.,Conversational
kentrans_1542,eng_Latn,rag_Latn,LUGANO LWOGUNANI,Hadithi ya Jini,general_prose
luhya_multi_34_sw,swh_Latn,rag_Latn,"Walipewa malisho, vitafunio na vya msituni.",""" balaelesibwa kamayilo, chinyanyilo nende bie munda.",Conversational
luhya_multi_167_en,eng_Latn,rag_Latn,"Is it nothing to you, all you who pass by?","12 Si ki veye kindu Kya mwinye, mwinye vosi Ava vitanga?",Conversational
kentrans_1330,eng_Latn,rag_Latn,"Yesu Mulombi, Muhonyi, no Mwami","Yesu muumba, Mwokozi Bwana.",general_prose
kentrans_1650,eng_Latn,rag_Latn,"Naamali kutulaho, mundu undi kuvayayi vaamusiivulaa yatsa vudiku nyiiva tsisiringi mumusiigo, musakulu uyo naakikiri kwirana.","Akishatoweka, mmoja wa wale waliomuaga akaja usiku akamuibia pesa kwa mfuko kabla mzee huyo hajarudi",general_prose
kentrans_3668,eng_Latn,rag_Latn,Kigira vindu yivi Tsimoni tsyetu tsi mwami.,Kwa ajili ya hayo macho yetu hayaoni vyema.,general_prose
kentrans_3505,eng_Latn,rag_Latn,15 vosi Ava vitanga va mu kongondera makono.,Hao watu wote waliokuwa wakipita walimpigia makofi.,general_prose
kentrans_1135,eng_Latn,rag_Latn,"Kigira vihaanwa yivi ku tsihiri tsiosidza,","kwa sababu ya zawadi hizi, kwa makabila yote bila ubaguzi",general_prose
kentrans_3454,eng_Latn,rag_Latn,"Vasalisi vange na vakulundu vange va kudzera mu lidala, kwa va li Ni venyanga vyokulia VA Duke kwirannya mtoto gwavo ubuhya.",Makuhani wangu na wazee wangu walifia katika nchi walipokuwa wakitafuta vyakula ili warejelee mwanzo wao upya.,general_prose
kentrans_257,eng_Latn,rag_Latn,Tsing’ereng’ani tsiene tsio kwigulu yitsi tsikutsa ku kuli avana vo mundu mukali vakutsa.,Hawa nyota wa angani hufa kama vile watoto waliozaliwa na mwanamke hufa.,general_prose
kentrans_2664,eng_Latn,rag_Latn,Ndanwa gaba gaba,Niliyanywa kwa haraka.,general_prose
luhya_multi_48_sw,swh_Latn,rag_Latn,Waisraeli wawili wanaweza wakaachwa kwa mtu asiyetaka uzao wa nduguye usiendelee.,"""Baisiraeli babili banyala baabalekha khu mundu okhenya lisaaye lia wandaaye lichililile tawe.",Conversational
kentrans_2651,eng_Latn,rag_Latn,Mangusanguse,Nitakutingiza.,general_prose
kentrans_3253,eng_Latn,rag_Latn,ig'ereng'ani,Nyota,general_prose
kentrans_2386,eng_Latn,rag_Latn,Utie malago ga Yahova,Heshimu sheria za Mungu,general_prose
kentrans_1385,eng_Latn,rag_Latn,Yadza ku mbonnya;,Aliyekuja kuniponya,general_prose
kentrans_163,eng_Latn,rag_Latn,"Naye yalota liloto lindi naa volera avamwavo veve na avola,henza ndoti liloto lindi","Akaota ndoto nyingine tena na akawaambia ndugu zake, angalieni nimeota ndoto nyingine.",general_prose
kentrans_3104,eng_Latn,rag_Latn,Livoho limaliye likoola,Kifungu kimemaliza kamba ya ganda la ndizi,general_prose
kentrans_2125,eng_Latn,rag_Latn,Uvulwani vutulanga hayi,Vita vyatoka wapi,general_prose
kentrans_1058,eng_Latn,rag_Latn,"Hazana ha lo Iekhanga, Buyanzi bwa dodo.",Penyewe panaonekana kuwa na furaha ya milele.,general_prose
luhya_multi_283_sw,swh_Latn,rag_Latn,3. Kwenda mahali watu wanatwanga mtama usipokuwa na shughuli nao.,3. Kutsia ahavandu vahuulanga ovolo nivatangi lihuula nutavee.,Conversational
kentrans_1655,eng_Latn,rag_Latn,Yaali musakulu mugeri muno.,Alikuwa mzee mwenye busara mno,general_prose
kentrans_2717,eng_Latn,rag_Latn,Umuliru kutura kukehengera.,Na moto kuonekana,general_prose
luhya_multi_295_en,eng_Latn,rag_Latn,Going to a place of celebration after coming from a funeral.,34. Kutsia hanyangi eveeye nutula halukuzu.,Conversational
kentrans_1,eng_Latn,rag_Latn,Lugano lwo kuhana (a story encouraging benovelence in society),Hadithi ya ukarimu,general_prose
kentrans_3201,eng_Latn,rag_Latn,Vulandaa ahekituunda kiveeye.,Hutambaa yaliko makazi ya kumbikumbi.,general_prose
kentrans_2327,eng_Latn,rag_Latn,Ku la girunkanywa bwangu,Sote tutabadiliswa,general_prose
kentrans_1456,eng_Latn,rag_Latn,OLigonda mulose.,Hulala katika uchafu.,general_prose
kentrans_2350,eng_Latn,rag_Latn,Muhenze ku inze Yahova,Niangalieni mimi Jehova,general_prose
kentrans_1881,eng_Latn,rag_Latn,Engoko isasage yagwa luswa itsie kwitwa.,Kuku aliyechinjwa na kukatwa vipande aletwe.,general_prose
kentrans_17,eng_Latn,rag_Latn,Mang'ure ngwegwe,Mang'ure mtoto wa Ngwegwe,general_prose
luhya_multi_32_sw,swh_Latn,rag_Latn,Ambayo wamesema ni ya kweli.,'Niko balomile kali ng'ali.,Conversational
kentrans_2044,eng_Latn,rag_Latn,"Kumsalaba Yesu yavambwa,",Msalabani Yesu Alisulubiwa,general_prose
luhya_multi_293_sw,swh_Latn,rag_Latn,Mwanamke kula kwa maziwa alikoolewa na hajazaa hapo mtoto,33. Mwiha kuliira amaveere hayatsia nakikiri kwivula họ mwana.,Conversational
kentrans_102,eng_Latn,rag_Latn,Mmugitsi usimiki haambeta musaalagwa kulaanganga kiduundu gulakukingila,Kando ya boma panda mianzi izuie maovu,general_prose
kentrans_48,eng_Latn,rag_Latn,Muyai wovo yivula Mwisukulu.,Mvulana wako akazaa mjukuu.,general_prose
kentrans_50,eng_Latn,rag_Latn,Kisukulu chicho chivula kisukululwi.,kitukuu chako kikazaa kilembwe,general_prose
luhya_multi_250_en,eng_Latn,rag_Latn,"Your punishment is complete, O daughter of Zion, he will not exile you again.","22 Lihebwa mageli lyo budamano bubwo bu duki, O mukana wa Zioni si alakuhila Kandi mulyadikidzwa.",Conversational
kentrans_2104,eng_Latn,rag_Latn,HAMBI KU YEHOVA,NJOONI KWA YESU,general_prose
kentrans_916,eng_Latn,rag_Latn,"A la duuka kwidzominya,","Atafika tumtukuze,",general_prose
kentrans_352,eng_Latn,rag_Latn,Imbutsa negota itangila kuvigulu ukugota.,Mvua ikipusa huanzia milimani kupusa.,general_prose
kentrans_808,eng_Latn,rag_Latn,"Na a tungira avoni ligovi,","Na akalipia watenda dhambi deni,",general_prose
kentrans_1970,eng_Latn,rag_Latn,Avayai averolanga vadukani kulwana na vayai volosoma lundi vatsitsanga kutuumba na volosoma lundi vaatsa kutuumba.,Wavulana waliojiona wanaweza kupigana na wavulana wa ukoo mwingine walikuwa wakienda kukutana kisha wanapigana.,general_prose
kentrans_873,eng_Latn,rag_Latn,"Ni Yesu, Ni Yesu.","Ni Yesu,Ni Yesu.",general_prose
kentrans_3184,eng_Latn,rag_Latn,Yenya agule,Anataka anunue,general_prose
kentrans_3518,eng_Latn,rag_Latn,U tsuke mwoyo gugwo kuli amadzi imbiri womumoni mwa Yahova.,Mimina moyo wako kama maji machoni pa Bwana.,general_prose
kentrans_1080,eng_Latn,rag_Latn,"U veeye Mwideeri, si ha Ii ho wundi,","U Mtakatifu, nawe U mapenzi",general_prose
kentrans_3146,eng_Latn,rag_Latn,Gaduukana yive ukole vulahi.,Yafaa hata nawe ufanye bidii.,general_prose
kentrans_2643,eng_Latn,rag_Latn,Eee! Kalondo,Eee! Ukoko,general_prose
kentrans_3278,eng_Latn,rag_Latn,"15 Na Yahova ya salanya Sisera, na ha Rama ha Beth-eli mu kivali kye-magari gege gosi,nelihe lilye lyosi, vigulu kya Efiraim: Navana va Israeli nobwogi bwekivali imbiri wa Baraka: Vanegira kutsia ku Debora kukala- na Sisera yika ku ligari lilye,na girwa.","15 Na Mungu akawaachilia sisera na Rama kwa Beth-eli katika dunia ya magari yake yote.Na vita vya ke vyote, vilima vya Efraim watoto wa Israeli kwa makali ya upanga mbele ya Baraka: Wakapanda kwenda kwa Debora Kuamua na Sisera akashuka katika gari lake na akakimbi",general_prose
kentrans_1291,eng_Latn,rag_Latn,"Voosi ni vikaye,","Kucha nyama zao,",general_prose
kentrans_3259,eng_Latn,rag_Latn,Lidiku lilala inzala yaliho mu kivala enene ligali.,Siku moja kukawa na janga la njaa ulimwenguni.,general_prose
kentrans_2808,eng_Latn,rag_Latn,Mama natsiye kuvaya aletanga mugadi,Mama akirudi ataleta mkate.,general_prose
kentrans_1054,eng_Latn,rag_Latn,"Nagwo lwanda mu lujendo, shinini shilahi,",Nitaanza safari ya kuelekea kuzuri,general_prose
kentrans_2928,eng_Latn,rag_Latn,Baba wavo yava rekera tsing’ombe sita,Baba yao aliwaachia ng’ombe sita,general_prose
kentrans_2392,eng_Latn,rag_Latn,MWOYO GWANGE HULILA,SIKIA ROHO YANGU,general_prose
kentrans_3440,eng_Latn,rag_Latn,"Yahova u mbiki mu makono gavo, Ava nta nyala ku singira kuvo mba.","Bwana ameniweka mikononi mwao, nisioweza kupigana nao.",general_prose
kentrans_2496,eng_Latn,rag_Latn,Mbe kegong'o nzie nacho - Mtwi gwe engoko,Nipe fimbo niende nayo -kicwa cha kuku,general_prose
kentrans_408,eng_Latn,rag_Latn,Kivala yiki Nyasaye yalekela LIUVA NO MWELI yaani MUSATSA NO MUKALI ivakilindi,Mungu aliachia JUA NA MBALAMWEZI yaani MUME NA MKE waigoje,general_prose
kentrans_2179,eng_Latn,rag_Latn,"Kandi alavanza kisalya kuvo,",Tena atadai alilolipa kwao,general_prose
kentrans_815,eng_Latn,rag_Latn,Yenyanga inze kulinda,Anataka nilinde,general_prose
kentrans_1443,eng_Latn,rag_Latn,Nuveeye munyaguli mulahi ulanguha kuduuka.,"Ukiwa mukimbiaji hodari, utatangulia kufika.",general_prose
kentrans_1910,eng_Latn,rag_Latn,Kali vanyala kwiva na vavula kumanyekana.,Hata kuna wale wangeiba bila kujulikana.,general_prose
kentrans_367,eng_Latn,rag_Latn,Tsitsila ku ndulu kuli kuvigulu.,"Hupita kandokando kama kwa mlima,",general_prose
kentrans_2990,eng_Latn,rag_Latn,Aviivi vaadola luderu lulala.,Wezi waliokota sinia moja.,general_prose
kentrans_1503,eng_Latn,rag_Latn,Nuveeye numwoyo mulahi ulava mwiko wa Nyasaye.,Ukiwa na moya safi utakuwa na ukoo na Mungu.,general_prose
kentrans_2852,eng_Latn,rag_Latn,Kuba imbaka ndogooli,Utani wa wamaragoli,general_prose
luhya_multi_50_en,eng_Latn,rag_Latn,Tell your children as you are today.,"""Boolela babaana benywe nga mwakhaba luno.",Conversational
kentrans_749,eng_Latn,rag_Latn,Muhonyi Nzidzominye Yesu.,Mponyaji Namtukuza Yesu.,general_prose
kentrans_996,eng_Latn,rag_Latn,Ha ya tsuka masahi gege,Alipomwaga damu,general_prose
kentrans_751,eng_Latn,rag_Latn,"Inze iwa nda diva bei,","Mimi niliyekuwa nimepotea,",general_prose
kentrans_1779,eng_Latn,rag_Latn,Ni vanyolanga ku imbala yosi ku muviri gwo mwana kuduka vahenze mu vandu vavo vamala kukutsa vanyole ni vwaha wali ku nembala kuli eloleki ku mwana yila.,Wangempata na alama yoyote kwa mwili wa mtoto ilibidi watafute kwa watu wao waliokufa wapate ni nani aliyekuwa na alama kama ile iliyokuwa kwa Yule mtoto,general_prose
luhya_multi_383_en,eng_Latn,rag_Latn,May He heal us,A kha khu honia nesisa sie.,Conversational
kentrans_3035,eng_Latn,rag_Latn,Vaalola vivala virala,Wanaona baadhi ya sehemu za dunia.,general_prose
kentrans_3,eng_Latn,rag_Latn,Msembe gwi rigondi,Mkia wa kondoo,general_prose
luhya_multi_69_sw,swh_Latn,rag_Latn,Hakuna mtu anayejipenda ama kujisaidia.,“Mbao omundu oweyasiima namwe khukhwiyeeta.,Conversational
kentrans_2823,eng_Latn,rag_Latn,Mama mbe tsimbindi nzie kumitsa.,Mama nipe mbegu za mkunde niende kupanda.,general_prose
kentrans_2452,eng_Latn,rag_Latn,Yavola mulekeranga emirembe,Alituahidi amani yake,general_prose
kentrans_2973,eng_Latn,rag_Latn,Liiru,goti,general_prose
kentrans_1150,eng_Latn,rag_Latn,Lumenyanga mu kase.,Wimbo unaodumu milele,general_prose
kentrans_2913,eng_Latn,rag_Latn,"Yageritsa kuligumira, navutsa liabulika nirivitsa ku musara gwa ahimbi",Alijaribu kulishika lakini lilipa Na kuenda Kwa mti uliokuwa karibu,general_prose
kentrans_3547,eng_Latn,rag_Latn,"19 Widzulitse lidambidzwa lyange na likenya lyange, kilulu nendulwe","Kumbuka mateso yangu na msiba wangu,uchungu na nyongo.",general_prose
luhya_multi_133_sw,swh_Latn,rag_Latn,Mungu mweza wa vyote atapeana baraka kwa mimea zenu ama muache kuwa wasikifu na kutii sheria zote.,"""Wele Omunyali Owa Bioosi alabiita chikhabi mu bibiaalwa bienywe namwe mulekhe khuuba barekerefu nende khuria kamalaka koosi.",Conversational
luhya_multi_222_en,eng_Latn,rag_Latn,What words have you read?,1Usoomi mang'anaki?,Conversational
kentrans_2459,eng_Latn,rag_Latn,Kulonde inzira yo vulavu,Tufuate njia ya mwanga,general_prose
kentrans_1588,eng_Latn,rag_Latn,1. Niluganoki usomi?,1.Ni hadithi ipi uliyoisoma?,general_prose
kentrans_413,eng_Latn,rag_Latn,AMEN,AMININA,general_prose
kentrans_1417,eng_Latn,rag_Latn,"Girunkanya myoyo gyetu, gyi dukidzwe kuli lve.","Mioyo yetu safisha, tufanane na wewe",general_prose
kentrans_2820,eng_Latn,rag_Latn,Kindu chatulira indangu kizuulanga zuu.,Sauti ilitokea kule chini ya kiyu kikilia zuu,general_prose
kentrans_2535,eng_Latn,rag_Latn,"Mbeye no mulitu gwange, nindimula nagwo nigu mera - irisu",Nina msitu wangu nikifyeka unamea -Nywele,general_prose
kentrans_1350,eng_Latn,rag_Latn,"Lwa ku voola amang’ana, ga akana kobukumi;","Tunaposema habari zake, Mtoto Mtakatifu",general_prose
kentrans_2097,eng_Latn,rag_Latn,Nyasaye sianyala kumuyanza mba.,Usiye mpenda Mungu,general_prose
kentrans_1500,eng_Latn,rag_Latn,Mwami wa Vaisiraeri yaali numwoyo mulahi.,Mfalme wa Waisraeli alikuwa mwenye roho safi.,general_prose
kentrans_385,eng_Latn,rag_Latn,Ni valoli amamonyo nigasuyi vamanya misambwa jisuyi.,Iwapo wadudu wangeikataa basi walidhibitiha kwamba hata Miungu wameikataa.,general_prose
kentrans_1874,eng_Latn,rag_Latn,Vuyu wakutsa ula mwamukolera ku misambwa?,Yule aliyeaga mliwahi kumfanyia matambiko?,general_prose
kentrans_643,eng_Latn,rag_Latn,"Ha Yesu Ya Kudza vandu vosi yaho,",Yesu alifia watu wote hapo,general_prose
kentrans_3305,eng_Latn,rag_Latn,"2 Kigira avanene avimiri mi Israeli, Ha zaa va la landidza amakuva",Kkwa sababu wakuu walitangulia katika Israeli hapo wakaeneza ujumbe kwa sababu watu wako wapeane wenyewe matendo mazuri nay a kupendeza,general_prose
kentrans_2224,eng_Latn,rag_Latn,Hauvikanga avalahi vovo,Wanakokaa wateule wako,general_prose
kentrans_1177,eng_Latn,rag_Latn,Nyenya tsinimi elfu moja,Nitanena ndimi elfu moja,general_prose
kentrans_146,eng_Latn,rag_Latn,Niiva umwana uyu vahulitsana na mama wewe muinda amanya avamu kudu mieli tisa jiduka mana nyia.,Ikiwa mtoto huyu anaelewana na mama yake tumboni huwa anaishi hapo Hadi miezi tisa Kisha anazaliwa,general_prose
kentrans_1699,eng_Latn,rag_Latn,Miima jilje jaagira naavakwa maguta alavikwi mwami.,Mienendo yake ilifanya apakwe mafuta na kutawazwa kuwa kiongozi.,general_prose
kentrans_403,eng_Latn,rag_Latn,"""UHELIDZI INDA YE KYUMU” Kandi umweli goveye na masahi gagwo gagutsitsa mu nago ni “IMBULA” IMBULA etsoma umweli kandi ilavitsa umweli kandi ekomelitsa umweli.",”UMEAMBULIA UJAUZITO WA KYUMU”vilevile mbalamwezi huwa na damu yake na ni”MVUA” MVUA huchoma mbalamwezi na kusafisha mwezi na kufanya mwezi kunenepa,general_prose
kentrans_693,eng_Latn,rag_Latn,"Ya kupa kivi Yesu,",Alisumbukana Yesu,general_prose
luhya_multi_282_en,eng_Latn,rag_Latn,Why did he call them?,3. Kigiraki yavalanga?,Conversational
luhya_multi_349_en,eng_Latn,rag_Latn,They tried to end my life in a pit and threw stones at me,"53 VA twulizi livamwoyo lyange mu inyumba ya hasi ligali, va teye ligina ku inze.",Conversational
kentrans_2647,eng_Latn,rag_Latn,KUBA MAGULU,PIGA MAGOTI,general_prose
kentrans_3003,eng_Latn,rag_Latn,weve,Wake/ Kwake,general_prose
kentrans_3469,eng_Latn,rag_Latn,3 Lwiga lwosi kwa Israeli u lu kalagi mu butima bwibwe bululu.,Ameikata pembe yote ya Israeli Katika hasira yake kali.,general_prose
kentrans_1370,eng_Latn,rag_Latn,Ku vindu vya avayi va va volera:,Yale wachunga waliyanena,general_prose
kentrans_1605,eng_Latn,rag_Latn,Anakanani yaduuka waavo manaavolera mama weeve amuvetere amalala gaali mukiriango avitirimu.,Anakamuna alifika kwao na kumwambia mamake kuwa amuondolee matawi ya ndizi yaliyokuwa mlangoni ili apite.,general_prose
luhya_multi_209_en,eng_Latn,rag_Latn,Because of Mount Zion which lies desolate.,"18 Kigira kigulu Kya Zioni, yiki kyalekwa vutswa.",Conversational
kentrans_136,eng_Latn,rag_Latn,Nulanga umwana uyu ilieta lio mundu wamwali nimwalegana naye siyenya mba.,Ukimuuita mtoto huyu jina la mtu ambaye hamkuelewana naye alikataa,general_prose
luhya_multi_155_en,eng_Latn,rag_Latn,What do you learn from this story?,10. Lugano yiru lukwigitsangaki?,Conversational
kentrans_260,eng_Latn,rag_Latn,Kwigulu koveye yo na vami vandi ave Tsing'ereng'ani naye ni kuli iyakulanganga IYASULI.,Kule mbinguni kuna baadhi ya nyota ambao huwatawali wengine majawapo akiwa anaitwa IYASULI,general_prose
kentrans_568,eng_Latn,rag_Latn,19. Kutsia kwanzala muliru mu vatende niva ukuziywi.,19. Kuchukua moto kwa majirani iwapo umefiwa.,general_prose
kentrans_1037,eng_Latn,rag_Latn,Luyali khuye! Luyali khuye!,Uyukufu kwake! Uyukufu kwake!,general_prose
kentrans_3208,eng_Latn,rag_Latn,Unyala kukoleraki Munyolo?,Ni nini unaweza fanya na nyororo?,general_prose
kentrans_2095,eng_Latn,rag_Latn,Kumali kuva vasigu va Nyasaye.,Tumekuwa maadui na Mungu,general_prose
kentrans_1458,eng_Latn,rag_Latn,Nuumulika ling'ong'oi lirabuluka.,Ukimulika mdudu huyu atatoroka.,general_prose
kentrans_1686,eng_Latn,rag_Latn,Goliathi yaali mundu munene wa vafiristi,Goliathi alikuwa kiongozi wa wafilisti,general_prose
luhya_multi_82_sw,swh_Latn,rag_Latn,“ Mwezi” ndio aende kushika mimba.,“MWELI” ku atsie kuhelitsa.,Conversational
kentrans_3172,eng_Latn,rag_Latn,Misaala jiveeyeho jirolekaa vulahi,Miti iliyopo huvutia.,general_prose
kentrans_2326,eng_Latn,rag_Latn,"Mundu si a la ka kunguhe,",Hakuna hata mmoja ataisha,general_prose
kentrans_576,eng_Latn,rag_Latn,AMAHIOLO NI MIJIRU,MIIKO NA TAMBIKO,general_prose
kentrans_1043,eng_Latn,rag_Latn,Luyali khuye!,Uyukufu kwake!,general_prose
kentrans_1993,eng_Latn,rag_Latn,Unangi kuza yahoo mwigulu,Umeniita mbinguni kwako baba,general_prose
luhya_multi_158_en,eng_Latn,rag_Latn,"Then Jael wife of Heber the Kenite got up and took one tent peg and took a hammer in her hand and went to the children of Hobab, Moses' father-in-law, to him slowly and struck him with a weapon and pitched her tent which is very far from the commanders","11 Na Heberi Mukeni yavukana vugula kivambo kilala, na a vugula kutwula ku vakeni, kali kutwula ku inyundu mmkono gwigwe,nay a tsia avana va Hobabu mukwasi wa Musa, kuye galaha, nay a mukupira kiva na yombaka lihema lilye ihale kuli ha mbo zana mu lunyanyiru, nakyo kya kereremu kya zaanaim, ki veye himbi vita buvu ni kingira hasi;kigira ya li",Conversational
kentrans_3249,eng_Latn,rag_Latn,Ligonaa mulose.,Hulala penye magugu mutoni.,general_prose
kentrans_1608,eng_Latn,rag_Latn,Nnya yaagwa hasi bu!,Mamake alianguka chini pu!,general_prose
kentrans_340,eng_Latn,rag_Latn,Navutswa umwana yahelitswa no mulikubana na agandi amang'ana amavii umwana uyu yivulwa nekilage ne kivi kyosi kali novulumindi nelikubana na vandi kazozo.,"Na mtoto angepatikana wazazi wakizozana na mambo mengine mabaya, mtoto huyo alizaliwa na kiburi na uovu hata na uchokozi na kupigana na wenzake mara kwa mara.",general_prose
luhya_multi_116_sw,swh_Latn,rag_Latn,Mtu yeyote anayelala na mnyama alaaniwe.,"""Omundu yesi yesi okona ne esaang'i alaamwe.""",Conversational
kentrans_719,eng_Latn,rag_Latn,"Yesu aIi hano khunanula iye,",Yesu ako hapa,general_prose
kentrans_3566,eng_Latn,rag_Latn,38 Mu munwa gwa uyu uveye igulu ligali si ha twulanga amadamano Nobulahi?,"Je, si ni kwenye kinywa cha Aliye Juu Sana ndiko yatokako maafa na mambo mema?",general_prose
kentrans_2628,eng_Latn,rag_Latn,Akima ndiegu.,Akanyima Ndiegu.,general_prose
kentrans_1589,eng_Latn,rag_Latn,2. Mukeere yaali naakolaki kumahiga?,.Nyanya alikuwa akifanya nini jikoni?,general_prose
kentrans_900,eng_Latn,rag_Latn,Yesu Mwana Wa Nyasaye,Yesu Mwana wa Mungu,general_prose
kentrans_2369,eng_Latn,rag_Latn,OTOVOLE LIVA MWOYO,Chagua Kuishi,general_prose
kentrans_1175,eng_Latn,rag_Latn,Vagehi venya ive.,Twakuhitaji wewe,general_prose
luhya_multi_249_sw,swh_Latn,rag_Latn,"Kwa sababu ya upendo mkuu wa Bwana, hatuangamii, kwa kuwa huruma zake hazikomi kamwe.","22 Ga veye KU tsimbavasi tsya Yahova tsi kiranga Ni KU vula kuheridzwa, kigira tsimbavasi tsitsye si tsi gehanga mba.",Conversational
kentrans_1618,eng_Latn,rag_Latn,Anakamuna naaveeye nuvuyanzi.,Anakamuna akiwa na furaha.,general_prose
kentrans_1071,eng_Latn,rag_Latn,Inyinga yomugamba ku limbira lve:,"Kila tukiamka, tunakuabudu",general_prose
kentrans_3121,eng_Latn,rag_Latn,Fana mafefe yafogoya Lifedete,Labda Mafefe amezoofika maungo.,general_prose
luhya_multi_251_sw,swh_Latn,rag_Latn,"Nakaangalia, kama mtoto wa Abinoam amemaliza kukwea mlima.Baraka alifuata Siseria,Jaeli akaenda kwa mlima wa Taboru","22 Na, henza lwa mwana wa Abinoam u mali kwanegera Baraka ya londa Sisera, Jaeli ya tsia mkigulu",Conversational
kentrans_1533,eng_Latn,rag_Latn,Tugeho Masahi gatulanga mumwoyo gingira mumasuku kandi mummbiri. imbu.,Damu kutoka kupitia vishipa hutoka moyoni kuingia mapafuni na pia mwilini.,general_prose
kentrans_1497,eng_Latn,rag_Latn,Avandi vaamuseka.,Wenzake wakamcheka.,general_prose
kentrans_2784,eng_Latn,rag_Latn,Kotsa nasuye kohe guga.,Amu akikataa tumpe babu.,general_prose
kentrans_2742,eng_Latn,rag_Latn,Nyasaye yaalomba mumbu.,Mungu aliumba binadamu.,general_prose
kentrans_752,eng_Latn,rag_Latn,"Ku, na a ndeta na a ninda",Amenirejesha nan a ananilinda,general_prose
kentrans_1753,eng_Latn,rag_Latn,Voola vudamanu novukoonyi vwetsisimindwa kuvandu.,Waeleze watu ubaya na uzuri wa teleka,general_prose
kentrans_2315,eng_Latn,rag_Latn,Mutava vahambiki viwaini,Msiwe wakunywa na kulewa,general_prose
kentrans_1718,eng_Latn,rag_Latn,"Ku Daudi tsana yaagumira imbiimbu yeeye yokwaya magondi, halala namagina gatano materere nolukova, Yasaala naatsia wa Goliati yaali.","Sasa Daudi mwenyewe alichukua fimbo yake ya kuchungia kondoo, pamoja na mawe tano yanayoteleza na kombeo, Aliomba kisha akaenda alipokuwa Goliathi.",general_prose
kentrans_3399,eng_Latn,rag_Latn,Ndiyo;,Hivyo,general_prose
kentrans_1967,eng_Latn,rag_Latn,vwene.,Yenyewe,general_prose
kentrans_937,eng_Latn,rag_Latn,Bukhonyi bu lerherwi ndi! Shigira nda khu yanza.,Msaada umepokea kwa sababu nakupenda.,general_prose
luhya_multi_320_sw,swh_Latn,rag_Latn,Tuinue mioyo yetu pamoja na mikono yetu kwa Mungu mbinguni.,41 Gendi ku gingire Nyasaye u veye igulu mwoyo gyetu halala na makono getu.,Conversational
kentrans_461,eng_Latn,rag_Latn,"Na niva alaleeta mukali wundi, ahenze vulahi lwalangwa kutsia wanga mukali weve wakuza, avoolere mukaļi mugeni uyu kutsia wavo agoneyo.","Na iwapo ataoa tena kabla ya kwenda kwa kina mkewe aliyeaga, wakati angetaka kwenda huko sasa angemwambia mke aliyemwoa sasa aende kwao kwanza.",general_prose
kentrans_1477,eng_Latn,rag_Latn,Inzali iteraa mavuyu manyingi.,Inzali(aina ya mdudu) hutaga mayai mengi.,general_prose
kentrans_2997,eng_Latn,rag_Latn,Wavu ?,Kwa nani? / Wa nani?,general_prose
kentrans_2502,eng_Latn,rag_Latn,Mukaana nguba - Chai,Msichana nipige -Chai,general_prose
kentrans_452,eng_Latn,rag_Latn,44. Mukali kokela eng'ombe.,Mwanamke kukama ng’ombe,general_prose
kentrans_64,eng_Latn,rag_Latn,"Vaasangi uyu wivula navitsara wowo naho muyai, avivuli vene yava valang'ana vasangi.","Mkwe ni aliyezaa mkwerima wako ama mvulana, aliyezaa hao wanaitana kivyere",general_prose
kentrans_2518,eng_Latn,rag_Latn,Baba agwii na makoti - Ligomia,Baba ameanguka na makoti -Ndizi,general_prose
kentrans_1302,eng_Latn,rag_Latn,Mwana womwigulu Yesu,“Huyo Mwana wa mbinguni,general_prose
kentrans_3478,eng_Latn,rag_Latn,"6 U twulizi netsingulu hokumenya hehe, kuli ha zana ha li milimi vutswa wononnyi hokuvugana hehe.","Naye ameondoa maskani yake kwa nguvu, Kana kwamba ni ya bustani tu; Ameharibu anapofanyia mikutano.",general_prose
luhya_multi_65_en,eng_Latn,rag_Latn,"Grandfather, thank you. The story was good, even though it's sad because of Kaleefu's death.","“Kuuka, orio muno. Olukanolwo lubeele olulayi, kata nululi olweshibeela khulwa okhufwa khwa Kallefu.",Conversational
kentrans_3506,eng_Latn,rag_Latn,"VA kunukanga, va sungusanga mitwe gyavo ku mukana wa Yerusalemi, ni va vola.","Humzomea binti Yerusalemu, Na kutikisa vichwa vyao na kusema.",general_prose
kentrans_1008,eng_Latn,rag_Latn,Tsi hebwa vutswa ku va suuviri.,Zatolewa bure kwa waaminio.,general_prose
kentrans_3292,eng_Latn,rag_Latn,"11 Na Heberi Mukeni yavukana vugula kivambo kilala, na a vugula kutwula ku vakeni, kali kutwula ku inyundu mmkono gwigwe,nay a tsia avana va Hobabu mukwasi wa Musa, kuye galaha, nay a mukupira kiva na yombaka lihema lilye ihale kuli ha mbo zana mu lunyanyiru, nakyo kya kereremu kya zaanaim, ki veye himbi vita buvu ni kingira hasi;kigira ya li",Hapo Jaeli bibi wa Heberi na Mukeni aliamka akachukua kigingi kimoja na akachukua kutoka Vakeni hata kutoka kwa nyundo yake na akaenda na watoto wa Hobabu shemeji wa Musa kwake polepole na alimpiga silaha na akajenga hema yake ambayo iko mbali sana kwa jamzi,general_prose
kentrans_1014,eng_Latn,rag_Latn,Nyenyanga lidzominya lye,Nitamsifu,general_prose
kentrans_1496,eng_Latn,rag_Latn,Gasunduka kukinanwa.,Ikamwagika kwa kidevu.,general_prose
kentrans_2847,eng_Latn,rag_Latn,2.Kuvilukitsa lulimi ne limoloma lia vaana,Hukuza matamshi wakati wa kuzungumza kwa wanafunzi,general_prose
kentrans_400,eng_Latn,rag_Latn,Na musatsa wayagenda naye kandi malala mele siasila muvosee naho kulia ku inyama yiyi naho kuvitila mu masahi yaga mba.,Yule mwanaume aliyeshiriki naye uzinzi vilevile hangekaribia lile kaburi ama kula nyama hiyo ama pia kupitia kwa ile damu,general_prose
kentrans_2684,eng_Latn,rag_Latn,Valuhya vange ninze Lledi woo,Waluhya wangu ni mimi Lledi,general_prose
kentrans_2101,eng_Latn,rag_Latn,"Nyasaye siayanzanga, vigingiriri,",Mungu hapendi majivuno,general_prose
luhya_multi_66_en,eng_Latn,rag_Latn,"""The one who stole money today will see""","""Lero waavugula tsisiringi alalola.""",Conversational
kentrans_1571,eng_Latn,rag_Latn,Avaana yavo vigereritsa muliru kudukanivalola muduya niguhiiye.,Watoto hao walisongeza moto hadi maharagwe yakaiva,general_prose
kentrans_3690,eng_Latn,rag_Latn,“Milrembe”,“Amani”,general_prose
kentrans_2533,eng_Latn,rag_Latn,Umutwi kuli chabati - Indumba,Kichwa kama chapatti -Ngoma,general_prose
kentrans_1408,eng_Latn,rag_Latn,"Ku mu lola lwa ya duuka, yivulwa na fwana kwinye","Jua la haki, ndiye, Atumulikiaye",general_prose
kentrans_2119,eng_Latn,rag_Latn,Tsiveye kuyavo avegehizu.,Ni kwa wale wanaonyenyekea,general_prose
kentrans_2010,eng_Latn,rag_Latn,Muhendele myoyo gwenyu mwinye x2,Mdadisi mioyo yenu,general_prose
kentrans_592,eng_Latn,rag_Latn,Anyala kogona munyumba yu mukeere muziriru mahamugamba vahenza engoko indavu.,"Angeruhusika kula;la kwa nnyumba ya ajuza kikee na keshoe, wangalitafuta kuku mweupe kujitakasa.",general_prose
kentrans_1248,eng_Latn,rag_Latn,"0, Mwana wa Bethelehemu ku saala ku lve;",Twaomba kwako Oh Bethlehemu,general_prose
kentrans_342,eng_Latn,rag_Latn,"Tsigulu tsiosi tsia nyasaye yavika kukivala halala ne LIUVA liakanga yili mumiluka josi ijavaguuga venya kukola, vakolela kuvigulu makandi vakola ni vahenza ILIUVA.","Nguvu zote ambazo Mungu aliweka kaatika dunia na jua liwakalo hili katika matambiko yote mababu walitaka kufanya, walifanyia milimani na tena walifanya wakitazama jua.",general_prose
luhya_multi_10_sw,swh_Latn,rag_Latn,Mtoto akijicha hapo haikuwa rahisi kupatikana,. Mwana ni yivisanga mu si yali anyala kololeka dave.,Conversational
luhya_multi_367_sw,swh_Latn,rag_Latn,"Watazame! Wakiwa wameketi au wamesimama, nimekuwa kama wimbo kwao.","63 Henza likala lyavo, ne lisingira lyavo, mbeye lwimbu lwavo.",Conversational
kentrans_1490,eng_Latn,rag_Latn,Musomi mudamanu asekaa musakulu kederu.,Mwanafunzi mtukutu anacheka kidevu cha mzee.,general_prose
luhya_multi_52_en,eng_Latn,rag_Latn,Clans which you are going to shave yourselves with sheep's wool.,"""Chikholo nicho mucha khukhwifura ne bufuumbo bwe kamakheese.",Conversational
kentrans_3150,eng_Latn,rag_Latn,Nuulola nigaveeye malahi ukole vulahi,"Iwapo unaona ni sawa, hata naweufanye bidii.",general_prose
luhya_multi_30_en,eng_Latn,rag_Latn,Why are you doing that.,'Mulakholanga murio sikila.,Conversational
luhya_multi_102_sw,swh_Latn,rag_Latn,Ndiposa wakatuma watumwa kutoka Leaba na Abalaka.,“Nio naruma barume khukhwama mu leaba ne abalaka.,Conversational
kentrans_3685,eng_Latn,rag_Latn,Chafunyilitsa malusu nikimanya isimba ifwana yingiyi mu luhangaywa.,Sungura alinusa na akatafakari kuwa simba alikuwa ameingia katika pango lake.,general_prose
luhya_multi_45_en,eng_Latn,rag_Latn,Two people were fighting while the wife of one was watching them fight.,“Babaandu babili baaba ne bapaana mala omukhasi owa mulala aloleleele ne balikho bapana.,Conversational
kentrans_290,eng_Latn,rag_Latn,"VIGULU, MILITU, MIGERA, INYANZA NE IMBULA","MILIMA, MISITU, MITO, ZIWA NA MVUA",general_prose
kentrans_1455,eng_Latn,rag_Latn,Ling'ong'oi ligonaa haliki mukisundi?,Mbona Ling'ong'oi (Aina ya mdudu) hulala gizani?,general_prose
kentrans_3460,eng_Latn,rag_Latn,"Ive u leta lidiku Lya was landidza makuva galyo, navo VA la leng'ana ninze.","Utaileta siku ile uliyoitangaza, Nao watakuwa kama mimi.",general_prose
kentrans_240,eng_Latn,rag_Latn,Lievisa ku mumalesi mba.,Huwa halijifichi mawinguni.,general_prose
luhya_multi_106_sw,swh_Latn,rag_Latn,13 ndipo waliteremka mabaki,13 Hene yahoo iya sulunguta litigala,Conversational
kentrans_489,eng_Latn,rag_Latn,"Avandu lwavahuliranga natemela, mavamanya lovego luduki.","Na watu walipoona akizifyeka, walijua siku ya makumbusho imefika.",general_prose
kentrans_242,eng_Latn,rag_Latn,"Umweli yigu nigwo mulina wo mundu mkali, vugila kuva soni dave, avana vo mundu vavola ndi; UMUKALI UTSIYI MUMWELI anaho UTULI MUMWELI.","Huu mwezi ni rafiki ya mwanamke, bila kuona haya, watoto wa mtu husema hivi; Mwanamke anayeona hedhi au ana aliye ona hedhi.",general_prose
kentrans_2915,eng_Latn,rag_Latn,Yamanya nalola nivulahi kutumikira ilwimbo,Aliona ni vizuri kutumia wimbo,general_prose
kentrans_1626,eng_Latn,rag_Latn,Anakamuna yaganagannya kuli Anakanani yiita nnya.,Sungura akaanza kufikiria jinsi jinni (anakanani) alivyo muua mamake.,general_prose
kentrans_2652,eng_Latn,rag_Latn,Mwoyo gwidola,Moyo ulijikokota.,general_prose
kentrans_610,eng_Latn,rag_Latn,Ku sameha voosi.,Ili sote tusamehewe,general_prose
kentrans_3458,eng_Latn,rag_Latn,21 va huliye nkenyanga si ha veye nomundu Kali mulala wokuneminya mwoyo.,Wamesikia kwamba nkipiga kite hakuna hata mmoja wa kunifariji.,general_prose
luhya_multi_21_en,eng_Latn,rag_Latn,We met with grandfather with a black coat - Lice,.Kwagani na guga ne likoti limwamu - Lugiita,Conversational
luhya_multi_152_sw,swh_Latn,rag_Latn,"Ndiposa washirikiane naye, alimwambia Sisera akaya kusanya magari yake yote njoo, ntakuonyesha mtu pamoja na magari elfu tano kama unataka","13 Kunangwa kuvugana na ya mu volera, Sisera ya vungidza magari gege gosi Hamba, nda ku mannya mundu wa halala , amagari tsimia tsitano na wenyangaa",Conversational
kentrans_2906,eng_Latn,rag_Latn,Lidiku lialondaku liive liatsa kandi nilivugula mwana wundi we engoko.,Siku iliyofuata mwewe alikuja tena akachukua motto mwingine wa kuku.,general_prose
kentrans_1129,eng_Latn,rag_Latn,Kigira bulahi bwosi bwombasu bobuIiku,"Kwa sababu ya uzuri wako,mchana na usiku",general_prose
kentrans_804,eng_Latn,rag_Latn,Inze ng’ enyanga kigira,Ninashangaa kwa sababu,general_prose
luhya_multi_43_sw,swh_Latn,rag_Latn,Wanaoanguka ni wanaoishi kwa nchi yenu watapata uwezo kila mara.,“Baakwa bali bamenyile mu sibala sienywe balanyoola bunyali buli lwosi.,Conversational
kentrans_3526,eng_Latn,rag_Latn,"22 U langi, kuli mu lidiku lyelivugana, vyokutihidza vyange vi veye tsimbega tsyosi.",Umeziita kama katika siku ya mkutano wa makini; Hofu zangu zije pande zote.,general_prose
kentrans_1081,eng_Latn,rag_Latn,"Mudukiru, kandi Wetsingulu.","U peke yako, mwenzio hauna",general_prose
luhya_multi_168_en,eng_Latn,rag_Latn,He has bent his bow and made me the target for his arrow.,"12 U nyiye buta bwibwe, nokuvika inze kuva kyokusera KU kyombano.",Conversational
kentrans_538,eng_Latn,rag_Latn,"Musakulu yavugulanga engoko yeyo nu vwanga ku kisanda, yetegeka navio.",Mzee angalichukua kuku huyo na machicha kwanye kata na kujiweka tayari .,general_prose
kentrans_1254,eng_Latn,rag_Latn,"Hambi kulole Yesu Mwami wetu,",Amezaliwa jumbe wa la mbinguni,general_prose
kentrans_1287,eng_Latn,rag_Latn,"Kwimbekuye lero, Kwimbe kuye lero,","Kwa upendo wake, kwa upendo wake",general_prose
kentrans_3244,eng_Latn,rag_Latn,Nikinduki kikukoonyaa kulola mukisundi?,Ni nini hutusaidia kuona gizani?,general_prose
kentrans_1862,eng_Latn,rag_Latn,"Yaga galange a maridadi gokumuviri, Mundu mukali mulala yalange yamanya vusitsa vwo kusaata na yalangwa ""musaati"".","Haya yalikuwa maridadi ya mwilini, mwanamke mwingine alikuwa anajua kuweka alama hizi mwilini na aliitwa “musaati”",general_prose
kentrans_750,eng_Latn,rag_Latn,"Yesu yadza na a ndola,","Yesu alikuja na kunikomboa,",general_prose
luhya_multi_51_sw,swh_Latn,rag_Latn,Kila mara mkipeana ng'ombe mbele za bwana mweza wa vyote ama kondoo kama waliabudu mungu wao.,"""Buli lwosi ne muaana ekhaafu ebweeni wa Wele Omunyali Owa Bioosi, namwe likheese nga embosio, basaayi Wele wenywe.",Conversational
kentrans_1379,eng_Latn,rag_Latn,"Nda sangala, Yesu ya leta","Nitamtukuza, Yesu aliyelete",general_prose
kentrans_209,eng_Latn,rag_Latn,Umbidi uyu siyalange umundu wo VUTIMA VWA VWANGU MBA.,Tabibu huyu hakuwa mtu wa KUKASIRIKA HARAKA.,general_prose
kentrans_129,eng_Latn,rag_Latn,Ave umundu wa malago nelisingila ilidinyu (Umusingi mudinyu).,Awe mtiifu kwa sheria na mwenye kusimama imara.,general_prose
kentrans_571,eng_Latn,rag_Latn,22. Avak ali kuyava kilindwa nukuyavila avakuzu.,22. Wanawake kuchimba kaburi na kuzika wafu.,general_prose
kentrans_3503,eng_Latn,rag_Latn,"Navo va vula kuvimbula ubwoni bubwo, kuduka ku girunkannya lyadikidzwa lilyo.","Wala hawakufunua uovu wako, Wapate kurudisha kufungwa kwako.",general_prose
kentrans_440,eng_Latn,rag_Latn,32. Musatsa kuliira maveere wayatulitsa mukali.,Mwanaume kula kwa maziwa kule alikotoa mke,general_prose
kentrans_10,eng_Latn,rag_Latn,Wakuba ndi?,Ulilipiga nduru aje?,general_prose
luhya_multi_272_sw,swh_Latn,rag_Latn,Na azike uso wake mavumbini bado panawezekana kuwa na matumaini.,"29 A vike munwa gwigwe mu lugukyi, Ni I va lisuuviridza liveye ho.",Conversational
kentrans_880,eng_Latn,rag_Latn,Kwidzominye Yesu.,Tumtukuze Yesu.,general_prose
kentrans_3451,eng_Latn,rag_Latn,"Mwadza, mu hulire mwinye avandu vosi, mu lole liverera lyange.","Nawasihi msikie enyi watu wote, myatazame majonzi yangu.",general_prose
kentrans_405,eng_Latn,rag_Latn,"Avayayi na vakana kuli avadaka mundu mukali yivula ku avana vayayi na vakana, avimbi na vatambi.","Wasichana kwa wavulana kama maskini mwanamke angejifungua watoto wavulana kwa wasichana ,warefu kwa wafupi",general_prose
kentrans_60,eng_Latn,rag_Latn,Kooza uyu ni mbotso mama wovo.,Mjomba huyu ni Ndugu ya mama yako.,general_prose
kentrans_1282,eng_Latn,rag_Latn,"Yesu a li Muhonyi kutwulidza ubwoni,","Yuaja kutubariki, atuletea ushindi,",general_prose
luhya_multi_226_sw,swh_Latn,rag_Latn,Kkwa sababu wakuu walitangulia katika Israeli hapo wakaeneza ujumbe kwa sababu watu wako wapeane wenyewe matendo mazuri nay a kupendeza,"2 Kigira avanene avimiri mi Israeli, Ha zaa va la landidza amakuva Kigira avandu ave haana avene gevikolwa vyobulungi vya Ya I nobulaliri,",Conversational
kentrans_2171,eng_Latn,rag_Latn,"Avandu vakolanga uvudamanu,",Watu watendao dhambi,general_prose
kentrans_378,eng_Latn,rag_Latn,MISAMBWA,MIUNGU,general_prose
kentrans_830,eng_Latn,rag_Latn,"Wiche nefwuma ye mwigulu,","Nguvu za Mungu zije kutoka mbinguni,",general_prose
luhya_multi_71_sw,swh_Latn,rag_Latn,"“Mama, mama tingisha kamba niingie,niingie,niingie niingie.”","""Mma, mma sung'usa mugoye niinewe nine, wee nliinewe, wee nliinewee niinewe.""",Conversational
kentrans_2638,eng_Latn,rag_Latn,Ee!ee! kalondo. Ee! Ee! Kalondo,"Ee! Ee! Ukoko,Ee! Ee! Ukoko",general_prose
kentrans_874,eng_Latn,rag_Latn,Wina u linda Mwigulu nunu?,Ni nani anayengoja mbingu?,general_prose
kentrans_1147,eng_Latn,rag_Latn,"Yesu yakudza ha Kalvary,","Pale lalvary, Yesu alikufa",general_prose
luhya_multi_314_en,eng_Latn,rag_Latn,Where was that grandmother hiding?,4. Mukeere uyo yilvisa haliki?,Conversational
kentrans_1578,eng_Latn,rag_Latn,Vateevana kuli vakola mukeere uyo.,Waliulizana kile ambacho watamtendea nyanya huyo.,general_prose
kentrans_358,eng_Latn,rag_Latn,Kukigulu ekeveye ku na VOLCANO Keveye nililina litambi kutsia hasi mu inyanza makandi barafu eveye ku enene ma umuliru gutula mu umunene wene ma kandi SPARK halala nuvukindu vonene vwene,Mlima ulio na VOLCANO una shimo kubwa kwenda chini kwenye ziwa na pia una barafu kubwa juu yake na moto mkubwa hutokea ndani na pia SPARK pamoja na upepo mkali.,general_prose
kentrans_1057,eng_Latn,rag_Latn,"Ya ha na halahi muno, Lukaka ludinyu,","Hapa ni pazuri sana, mwamba imara,",general_prose
luhya_multi_23_sw,swh_Latn,rag_Latn,Ukizaliwa na mjane aliyerithiwa nawe pia usirithi mjane.,.Niwivulwa mu mwandu naïve utatsia kandi mwandu mba .,Conversational
kentrans_3557,eng_Latn,rag_Latn,"29 A vike munwa gwigwe mu lugukyi, Ni I va lisuuviridza liveye ho.",Na azike uso wake mavumbini bado panawezekana kuwa na matumaini.,general_prose
kentrans_2036,eng_Latn,rag_Latn,Vwagira Yesu navambwa x2,Ulisababisha Yesu kusulubiwa,general_prose
kentrans_2805,eng_Latn,rag_Latn,Gona omwana gona.,Lala mtoto lala.,general_prose
kentrans_236,eng_Latn,rag_Latn,Tsing’ereng’ani nitsiotsitwekitsa imiyinzi jitigaye.,Nyota ndizo hukamilisha majukumu yaliyosalia.,general_prose
kentrans_92,eng_Latn,rag_Latn,Uluswa Umusatsa umwononyia mwana mkana mdoto kandi adukana akungwi muhili yeye yenye ovomenyo uvuhya,Mwanaume anayemnajisi mtoto msichana anafaa kufukzwa katika jamii yake na atafute maisha mapya,general_prose
kentrans_1448,eng_Latn,rag_Latn,Eng'ereng'ani yaakanga vudiku.,Nyota huangaza usiku.,general_prose
kentrans_1708,eng_Latn,rag_Latn,Daudi yaamuhenza namwivaalira kuli yaali naaveeye nemitugu niyayaa maniylita king'ang'a.,Daudi alimwangalia na akamwelezea jinsi alivyokuwa akichunga kondoo kisha akatokea Simba.,general_prose
kentrans_2185,eng_Latn,rag_Latn,IHIRI YO VWONI,Jamii ya wenye dhambi,general_prose
kentrans_2858,eng_Latn,rag_Latn,Avakulundu valala vingiiyi niliteva lia,Wazee waliingia na kuulizana swali hilo.,general_prose
kentrans_1244,eng_Latn,rag_Latn,Nobuyanzi bwe lihuga ku khannwa zana!,Ni furaha ya ajabu kwa zawadi ya Mtoto,general_prose
kentrans_3123,eng_Latn,rag_Latn,mafa.,Miba,general_prose
kentrans_976,eng_Latn,rag_Latn,Ni wi u yanza voosi’?,Ni nani awapenda wote?,general_prose
kentrans_1182,eng_Latn,rag_Latn,Nkhonye khwililwadzira,Nitahubiri wema wake,general_prose
kentrans_1488,eng_Latn,rag_Latn,Nomundu waluganoki uveeye nekederu?,Ni mtu wa aina gani aliye na kidevu?,general_prose
kentrans_1313,eng_Latn,rag_Latn,Na va mu lingira mu ingubo yomwana,"Akalelewa, mguo za kitoto",general_prose
kentrans_2107,eng_Latn,rag_Latn,"Koveye nelikayilwa lidamanu,",Tuma yetu ni mgaya,general_prose
kentrans_703,eng_Latn,rag_Latn,Mwami wavami Munene,Mfalme wa wafalme mkubwa,general_prose
kentrans_639,eng_Latn,rag_Latn,Mwami wa nzenaanira?,Mungu ulinirudia?,general_prose
kentrans_2305,eng_Latn,rag_Latn,"Kokonye vaveye mulidambizwa,",Tuwasaidie wale wanaoteseka,general_prose
kentrans_291,eng_Latn,rag_Latn,"Ikivala kyenyu nekeveye mu ne vigulu, militu ne migera genyeka musange na kandi avandu vamanyi amangana gevigulu vadukana vegitse avandu vakili vang’elele.","Nchi yenu ina milima, misitu na mito inayohitajika mtumie kwa pamoja na pia watu wanaojua maneno ya milima, wanapaswa wawafunze watu wadogo wajue.",general_prose
kentrans_238,eng_Latn,rag_Latn,"Naïve umundu musatsa wamihi umukali wovo na vana vovo, anaho walindila vutswa umukali wovo akuyinzilili nakuletela na nulia.","Nawe mwanaume umtawale mkeo pamoja na watoto wako, ama ulikuwa unangojea tu mukeo akufanyie kazi akikuletea nawe ukila.",general_prose
kentrans_2435,eng_Latn,rag_Latn,Uzanga imbili wange na kihanwa ki?,Ni zawadi gani waja nayo mbele zangu?,general_prose
kentrans_2317,eng_Latn,rag_Latn,Yavo vagonanga vavuki vwangu,Amkeni nyotye mlalao,general_prose
kentrans_2362,eng_Latn,rag_Latn,Mwivike uvunyali bwange.,Mvae uweza wangu,general_prose
kentrans_2625,eng_Latn,rag_Latn,NDIEGU YATSIA KUSUMA,Ndiegu alienda kuchuma.,general_prose
luhya_multi_96_en,eng_Latn,rag_Latn,"And I told him that, do not fear, you too return and go to the forest, those people are not there.","""Nese namuboolela ndi, 'Mukharia Nenywe kobolayo muche mu sichiimi babaandu abo tawe.",Conversational
kentrans_3592,eng_Latn,rag_Latn,"64 U la ha tunga litunga, o Yahova, kuli miyinzi gya makono gavo.","Uwalipe kile wanachostahili, Ee Bwana, kwa yale ambayo mikono yao imetenda.",general_prose
luhya_multi_19_en,eng_Latn,rag_Latn,"Our Indede is happy, then the guests are happy x2",.Indede wefwe sangala kho abakeni basangale x2,Conversational
luhya_multi_166_en,eng_Latn,rag_Latn,"And he told them Sisera, Baraka has died","12 Na va volera Sisera,Baraka ma ya kudza.",Conversational
luhya_multi_176_en,eng_Latn,rag_Latn,13. Pouring water on your in-law.,13. Kwuhila mulam wa wovo amazi.,Conversational
kentrans_1633,eng_Latn,rag_Latn,Anakamuna yaalomba ikiyayi manaavoolera Anakanani kuniina kumusaala.,Sungura akawasha kitita cha moto,general_prose
kentrans_1760,eng_Latn,rag_Latn,ku mundu wosi valumangwa dave.,Si wote watu walikuwa wakiumwa,general_prose
kentrans_2548,eng_Latn,rag_Latn,Mbeye ku nomujiru mba - Mudoga,Sina kimila - Gari,general_prose
luhya_multi_115_en,eng_Latn,rag_Latn,Anyone who does not fear these commands and anyone who moves his neighbor's boundary be cursed,"""Omundu yesi yesi okharia kamalaka kano ne ""Omundu yesi yesi osendia lulwakha lwo owasie alaamwe.""",Conversational
kentrans_2053,eng_Latn,rag_Latn,Kumlonde konyole lihona.,Tumfuate tupate uponyaji,general_prose
kentrans_3446,eng_Latn,rag_Latn,Avana vange va lekeywi vengine kigira musigu u nguuti.,Watoto wangu wameachwa peke yao kwa sababu adui amenishinda.,general_prose
kentrans_2072,eng_Latn,rag_Latn,Yavabwa Yesu yavambwa,Alisulubiwa Yesu alisulubiwa,general_prose
kentrans_1063,eng_Latn,rag_Latn,"Ndolanga nijenya muno, Makhuwa gaviri;",Nashangaa sana kwa ajili ya mambo wawil;,general_prose
kentrans_3139,eng_Latn,rag_Latn,Musa yalola likuuli naaliseka,Musa aliona bundi akaickeka.,general_prose
kentrans_2475,eng_Latn,rag_Latn,Kogende mu vulavu bwibwe,Tutembee katika mwangaza wake,general_prose
kentrans_2767,eng_Latn,rag_Latn,Kakubi isugudi nzie nzie,Pigeni ngoma,general_prose
kentrans_1564,eng_Latn,rag_Latn,"Mirala kujo nukwaya, kulera, kusia, kuteenya, kutsia mukidaho, kudeeka, kweya, no nukwiga.","Moja yapo ni kulisha mifugo,kusiaga,kuchanja kuni,kuteka maji mtoni,kupika,kufagia, na kusoma",general_prose
kentrans_217,eng_Latn,rag_Latn,Avandu ve sivenya kuchelitsana na vandu ulwavatsitsa ku miyinzi jo vuvidi naho kusaalisa,Watu hawakuwa wakitaka kusalimiana na wengine walipokuwa wakienda kwa shughuli za utabibu au kubariki.,general_prose
luhya_multi_366_en,eng_Latn,rag_Latn,What my enemies whisper and mutter against me all day long.,"62 Minwa gya yavo avasingira ku kuya inze, na lisaavira lyavo ku inze mmbasu bei.",Conversational
luhya_multi_307_en,eng_Latn,rag_Latn,"At that time Deborah, a prophet, where was she?","4 24 4 Inyinga yeyo Debora,muprofeti, wowo?",Conversational
kentrans_819,eng_Latn,rag_Latn,"Roho a menye ninze,","Roho aishi nami,",general_prose
kentrans_1154,eng_Latn,rag_Latn,Lwakulimba mwigulu.,Ni wimbo tutaimba mbinguni,general_prose
kentrans_2801,eng_Latn,rag_Latn,Na livuyu siliali liange.,Yai halikuwa langu,general_prose
kentrans_341,eng_Latn,rag_Latn,NYASAYE NE VIGULU,MUNGU NA MILIMA,general_prose
kentrans_728,eng_Latn,rag_Latn,"Nyenya khurheva, wina wenyanga",Nataka kuuliza nani anataka,general_prose
kentrans_1900,eng_Latn,rag_Latn,Givisa ku mu tsisoma nigalolekanga ku navutswa amalavu ni gahevwa lyeta EMBEGO.,Mbegu hii ilifichika katika baadhi ya maeneo ikawa inaonekana ila mahindi meupe ikapewa jina EMBEGU.,general_prose
luhya_multi_299_sw,swh_Latn,rag_Latn,Kuketi kwenye kaburi nakukulia hapo na kuanika vyakula,36. Kwikala ku kilindwa nu kulilaku nu kuvagala ku viukulia.,Conversational
kentrans_175,eng_Latn,rag_Latn,"Ulwausoma kitabu yiki ulalora kuli musatsa mmoloomi,Herman Asava kuli yeteveelidza mulivulwa lilie,ihiili yeye, avivuliveve,mima jije,miyinzi jije,mukali weve,avana veve,amasomo gege na vindu vindi vinyingi.","Unaposoma kitabu hiki utaona jinsi Herman Asava alivyoulizia kuzaliwa kwake,ukoo wake,wazazi wake,tabia zake,majukumu yake mke wake, watoto wake,masomo yake na vitu vingine vingi",general_prose
luhya_multi_277_sw,swh_Latn,rag_Latn,Hakika juu yangu augeuza mkono wake mara kwa mara mchana wote.,3 Ligali ya girunkannya mukono gwigwe ku inze Hali kanyingi mbasu Bei,Conversational
kentrans_2560,eng_Latn,rag_Latn,Change kitulaa mba - Kida (inda),Changu hakitoki -Tumbo,general_prose
kentrans_1719,eng_Latn,rag_Latn,Kinywere,Kinywere (mongoose),general_prose
kentrans_76,eng_Latn,rag_Latn,Mukali uyu umuyinzi niguveyeho ugwovulindi siahevwa uvulindi mba,Uongozi ulipokuwepo mjane huyo hangepewa nafasi ya kuongoza,general_prose
kentrans_1114,eng_Latn,rag_Latn,"Kwidzominya; Kwimbe ne mirembe,","Tuabudu, tuimbe, tukae kwa amani",general_prose
kentrans_857,eng_Latn,rag_Latn,Kigira buyanzi bwibwe.,Kwa sababu ya furaha yake.,general_prose
kentrans_2410,eng_Latn,rag_Latn,Inynga ive uvisanga uvwoni,Wakati unapoficha dhambi,general_prose
kentrans_3332,eng_Latn,rag_Latn,Kuduka Iwa inze Debora nda,Kufika iwe mimi Debora nilipo,general_prose
kentrans_1907,eng_Latn,rag_Latn,"Galaha, galaha, tsing’ina tsya makono tsyamanya ni tsiretwa na vasungu ma lero tsing'ina tsya matsi ni tsyombakwa.","Polepole, visiagi vya mkono vililetwe na wazungu, kisha visiagi vya kutumia maji vikajengwa.",general_prose
kentrans_1890,eng_Latn,rag_Latn,Avandu vasuuviranga avandu valala na vadamanu na sivenyanga kumanyikana mu tsimoni tsya Vandu dave.,Watu waliamini kulikuwa na watu wabaya wasiotaka kutambulika kua maovu yao machoni mwa jamii.,general_prose
luhya_multi_90_en,eng_Latn,rag_Latn,"What can I testify for you? What can I compare you to, O Daughter of Jerusalem?","13 Nku lolekidzira kindu ki, Nda fwanannya na kindu ki ive, o mukana wa Yerusalemi?",Conversational
kentrans_2689,eng_Latn,rag_Latn,Haa ninze ingooyi,Haa ni mimi kichoma nguo,general_prose
kentrans_1989,eng_Latn,rag_Latn,Isavalu yi ivugwi.,Kusini mashariki.,general_prose
kentrans_2422,eng_Latn,rag_Latn,Usuviri Yesu yengine,Amini Yesu peke yake,general_prose
luhya_multi_216_sw,swh_Latn,rag_Latn,Waliotufuatia ni wepesi kuliko tai za mbinguni.,19 Ava londereranga kwinye vali netsimbiru kuvita tsindidzu tsyomwigulu.,Conversational
luhya_multi_76_en,eng_Latn,rag_Latn,"""My friend is lost""","“Mulina wange ogoti”,",Conversational
kentrans_1352,eng_Latn,rag_Latn,YESU YIVULWA NDI,HABARI ZA KUZALIWA KWA YESU,general_prose
kentrans_2615,eng_Latn,rag_Latn,"Ngonaanga, na mbeye ivulaya - Maloto",Nkilala najiona ulaya -Ndoto,general_prose
luhya_multi_35_en,eng_Latn,rag_Latn,Many cattle and much livestock.,""" Chikhaafu chingali ne bibiaayo bikali.",Conversational
kentrans_1594,eng_Latn,rag_Latn,7. Yaata kaliki aviguliri?,Walizikwa wapi?,general_prose
kentrans_2833,eng_Latn,rag_Latn,"Kitabu yiki kilatumikilwa na vegitsi, avivuli na vaana vanyala kusoma.","Kitabu hiki kitatumiwa na walimu, wazazi na wanafunzi wanaoweza kusoma.",general_prose
kentrans_1535,eng_Latn,rag_Latn,Mwana mutindi akuyaa avandi nembi.,Mtoto mchokozi anawapiga wenzake kwa fimbo,general_prose
luhya_multi_151_sw,swh_Latn,rag_Latn,"Adui ametia mikono juu ya hazina zake zote,",10 Mudamdidzi u nyiye mukono gigwe ku vindu vivye vyosi vyokuyanzidza.,Conversational
kentrans_2269,eng_Latn,rag_Latn,"Muvolerane hala naye,",Msemezane pamoja naye,general_prose
kentrans_3616,eng_Latn,rag_Latn,12 Avami velirova si va suuvira Kinga vosi ava menyanga mu lirova.,Wafalme wa dunia hawakusadiki wala wote wakaao duniani.,general_prose
kentrans_3157,eng_Latn,rag_Latn,siisa,Paka,general_prose
kentrans_430,eng_Latn,rag_Latn,"Lingana lyo kogenya avandu vakulundu vamanyanga vwangu kosoma, no kuhandika.",La kushangaza ni kuwa wazee walijua kusoma na kuandika haraka.,general_prose
luhya_multi_254_en,eng_Latn,rag_Latn,Let all their wickedness come before you.,22 Ubudamano bwavo bwosi budze imbiri wowo.,Conversational
kentrans_56,eng_Latn,rag_Latn,"Amwavo Nu mwana muyai wa mwivulwa naye, naho mkana kumkana.","Ndugu ni mtoto mvulana mliyezaliwa naye, ama dada kwa dada",general_prose
kentrans_2938,eng_Latn,rag_Latn,valio na vuyanzi voyanzi muno,Waliokuwepo wakawa na furaha mno,general_prose
kentrans_1768,eng_Latn,rag_Latn,Kuluta yiku kwalangangwa ukutulitsa.,Ugeni huu ulijulikana kama shughuli ya kumtoa mama aliyejifungua kwa nyumba,general_prose
luhya_multi_237_en,eng_Latn,rag_Latn,"Look, O Lord, and consider! To whom have you done this?","20 Lola, o, Yahova, Henza, Ni bwaha wa u koleye ndiyo!",Conversational
kentrans_1213,eng_Latn,rag_Latn,"Kwimba lidzominya,",Na nyimbo za kumsifu,general_prose
kentrans_410,eng_Latn,rag_Latn,MBOOLANDI:,NASEMA HIVI:,general_prose
kentrans_1916,eng_Latn,rag_Latn,Avavamanya valolanga vwangu avadamanu yava na vamanya kuli vanyala komenya navo.,Waliowajua waliwatambua kwa haraka wale waovu na kujua jisi ya kuishi nao.,general_prose
kentrans_3442,eng_Latn,rag_Latn,U langi livugana ku inze kushonolonya vasoleli vange.,Amita mkutano mkuu kinyume change ili kuwaponda vijana wangu,general_prose
kentrans_748,eng_Latn,rag_Latn,Na nyanza lyeta lyo,Na nalipenda jina hilo,general_prose
kentrans_1745,eng_Latn,rag_Latn,Tsisimindwa tsiteraa mavuyu gaviri Yaalulanga ahimbi mumasitsa gavaga.,Teleka hutaga mayai mawili kisha anaangua baada ya majuma matatu,general_prose
luhya_multi_375_sw,swh_Latn,rag_Latn,"Amenizungushia ukuta ili nisiweze kutoroka, amenifunga kwa minyororo mizito.","7 U viki ku inze lugaga hosi, mbule kutsia kyova, munyororo gwange u gu koli muliduhu.",Conversational
kentrans_3669,eng_Latn,rag_Latn,"18 Kigira kigulu Kya Zioni, yiki kyalekwa vutswa.",Kwa ajili ya mliza zayuni ulioachwa.,general_prose
kentrans_668,eng_Latn,rag_Latn,Ya kudzera vandu vosi,Alifia watu wote,general_prose
luhya_multi_388_en,eng_Latn,rag_Latn,"Jerusalem has sinned greatly, therefore she has become unclean.","8 Yerusalemi ya kola ubwoni ligali, kigira yaga u gwiye kuli kindu kidamano.",Conversational
kentrans_1682,eng_Latn,rag_Latn,"Kukiri,kukiri,vayayi",Bado tungali vijana,general_prose
luhya_multi_11_sw,swh_Latn,rag_Latn,Lo! Nyanya huyo aliteseka na kuhisi uchungu na maumivu zaidi.,". O! Leka gave! Leka! Mukeere uyo yilduuda, niyigibula viguma, naakuba kivi naasaalira ligali.",Conversational
kentrans_3334,eng_Latn,rag_Latn,"Lya li ho Lisaavira Ligali Lye Lwa inzenda vuka, mama mu myoyo.",Kulikuwepo na maombi kabisa vile mimi niliamka mama kwa roho,general_prose
kentrans_1855,eng_Latn,rag_Latn,Vayai vamnya ni vatangalyombaka avene tsidisi.,Wavulana walianza kujenga wenyewe vijumba hivi.,general_prose
luhya_multi_208_sw,swh_Latn,rag_Latn,Baba kuishi katika nyumba ya mtoto wake. (mtoto anaweza kuishi katika nyumba ya babake),17. Dada kwadikila munyumba yumwana. (Navutswa mwana anyala kuvugula inyumba ya ise amenyemu.),Conversational
kentrans_3531,eng_Latn,rag_Latn,3 Ligali ya girunkannya mukono gwigwe ku inze Hali kanyingi mbasu Bei,Hakika juu yangu augeuza mkono wake mara kwa mara mchana wote.,general_prose
kentrans_1597,eng_Latn,rag_Latn,10. Lugano yiru lukwigitsangaki?,Unajifunza nini kutokana na hadithi hii?,general_prose
kentrans_3240,eng_Latn,rag_Latn,Nuveeye munyaguli mulahi ulanguha kuduuka mulisoma.,"Ukiwa mkimbiaji mzuri, uafika shuleni karaka.",general_prose
kentrans_2958,eng_Latn,rag_Latn,Baba,Ise,general_prose
kentrans_1676,eng_Latn,rag_Latn,Yavugiirira vosi nivava avalina veeve.,Aliwakubali wote wakawa marafiki zake,general_prose
kentrans_1636,eng_Latn,rag_Latn,Yiyina mmatsi nago nigakama kamu.,Akajitumbukiza majini ila maji nayo ikakamuka gafla.,general_prose
kentrans_279,eng_Latn,rag_Latn,Imiima jiveye ku mweli guvalanga vudiku nijo ijiveye ku mundu mkali.,Mila zihusishwazo kwa mwezi uwakao usiku ndizo zilizoko kwa mwanamke.,general_prose
kentrans_3549,eng_Latn,rag_Latn,"21 Nziyidzulitsa likuva yili, kigira yaga mbeye nelisuvira.",Hata hivyo najikumbusha neno hili na kwa hiyo ninalo tumaini.,general_prose
kentrans_2020,eng_Latn,rag_Latn,Muhonyi Yesu yaza mulilova,Yesu atarudi duniani,general_prose
kentrans_686,eng_Latn,rag_Latn,"Bwa vunga bwoni bwetu, Bwa songwa kase, kase; Kwa henda myoyo gyetu, Kwa henda myoyo gyetu, Kwa honywa na ki kwinye.","Dhambi zetu zikawa nyingi, zikawa mara dufu; mioyo yetu ikajaa wasiwasi, tuliponywa na nani sisi.",general_prose
kentrans_902,eng_Latn,rag_Latn,Kwinye ku ta diva mba:,Sisi tusiteseke:,general_prose
kentrans_2262,eng_Latn,rag_Latn,"Kalunu kwigi likora uvulungi,",Tupende kutenda mema,general_prose
kentrans_1364,eng_Latn,rag_Latn,Yivulwa mu lidala lye Bethlehemu.,Amezaliwa mji wa Betjhlehem,general_prose
kentrans_3622,eng_Latn,rag_Latn,"15 Mweyahule mu tsie Ni ndiyo va kupa lwanga, budamano Mweyahule mu ta dira mba.",Ondokeni msiguse uchafu.,general_prose
kentrans_681,eng_Latn,rag_Latn,Yesu Mutungiri.,Yesu mlipaji,general_prose
kentrans_1788,eng_Latn,rag_Latn,Lwe kituva na chedungerere ma vamanya lyeta livoleywe nilyo lyenyekanga.,Wakati kigoda kinaponinginia huwa wanajua jina walilopeana ni lile lililohitajika,general_prose
kentrans_1601,eng_Latn,rag_Latn,"Vosi vaavoola, ""Kuveeye nulusa muno, kuliaki ulusa lugote, kigira lukuvuhi.""","Wote wakasema, “Tuna hamu mno ya kula, tule nini ndiposa hamu hii ipotee, maanake imetuzidi”",general_prose
kentrans_3502,eng_Latn,rag_Latn,"14 Avaprofeti vovo VA KU koleye amalola, amalola ga vutswa na govusiru.",Manabii wako wameona maono kwa ajili yako Ya ubatili na upumbavu.,general_prose
luhya_multi_254_sw,swh_Latn,rag_Latn,Huo uovu wao wote na uje mbele zako wewe.,22 Ubudamano bwavo bwosi budze imbiri wowo.,Conversational
luhya_multi_206_sw,swh_Latn,rag_Latn,"Bwana ameyatenda aliyoyakusudia; amelitimiza neno lake, Aliloliamuru siku za kale.","17 Yahova u koli aga ya saavira , u dukidzi likuva lilye lya ya laga mmaduki ga kale.",Conversational
luhya_multi_348_sw,swh_Latn,rag_Latn,Wale waliokuwa adui zangu bila sababu wameniwinda kama ndege.,"52 Va himanga inze kuli linyonyi li himangwa, Ava veye avasigu vange bukira kivuni.",Conversational
kentrans_401,eng_Latn,rag_Latn,MKALI NO MWELI,MWANAMKE NA MBALAMWEZI,general_prose
kentrans_2363,eng_Latn,rag_Latn,Ndamudasa tsingulu mu miyinzi jenyu,Nitawazidishia nguvu kwa kila tendo lenu.,general_prose
kentrans_1706,eng_Latn,rag_Latn,"""Inze ndalwana naye.""",“Mimi nitapigana naye.”,general_prose
kentrans_3042,eng_Latn,rag_Latn,Avalala vaalola yaga,Baadhi yao wanayaona haya,general_prose
kentrans_506,eng_Latn,rag_Latn,Vavoola amagovi gege.,Walikuwawakimaliza madeni yake.,general_prose
kentrans_3008,eng_Latn,rag_Latn,Valolaa vulavu vula,Wanaona mwangaza ule.,general_prose
kentrans_2385,eng_Latn,rag_Latn,Ulanyola liva mwoyo.,Utapata tena kuishi,general_prose
luhya_multi_319_sw,swh_Latn,rag_Latn,Kukata shoka mbele ya nyumba yako ukiongea na kugombana,40. Kotema imbatsi muchamugitsi chinyumba yoyo nomoloma nolembana. i,Conversational
kentrans_614,eng_Latn,rag_Latn,Kwogidza vahyoli.,Kusafisha dhambi zetu,general_prose
kentrans_863,eng_Latn,rag_Latn,A va linda madiku goosi.,Anawalinda siku zote.,general_prose
kentrans_3553,eng_Latn,rag_Latn,"25 Yahova a veye mulahi kuvo VA mu lindiranga, KU mwoyo gu mwenyanga.","Bwana ni mwema kwa wale ambao tumaini lao ni kwake, kwa yule ambaye humtafuta.",general_prose
kentrans_891,eng_Latn,rag_Latn,Kwa Ii ni ku diva;,Tulikuwa tukiteseka;,general_prose
luhya_multi_237_sw,swh_Latn,rag_Latn,"Tazama, Bwana, uangalie, Ni nani uliyemtenda hayo!","20 Lola, o, Yahova, Henza, Ni bwaha wa u koleye ndiyo!",Conversational
kentrans_2100,eng_Latn,rag_Latn,"Nyasaye siayanzanga vikihiviri,",Mungu hapendi wenye dhambi,general_prose
kentrans_3479,eng_Latn,rag_Latn,"Yahova u Loli livirirwa mu Zioni, amasavo ga madiku manene nelisabato.",Bwana amezisahauzisha katika Sayuni Sikukuu za makini na sabato.,general_prose
luhya_multi_29_sw,swh_Latn,rag_Latn,Kumbuka kuachana na kuoana.,'Khebulila Khulekhana ne khuyilana.,Conversational
kentrans_2181,eng_Latn,rag_Latn,"Mugonyanga mwirane kuye vyangu,",Nawaomba murudi kwake sasa,general_prose
luhya_multi_241_en,eng_Latn,rag_Latn,Showing others your nakedness.,20. Kutulamila wundi.,Conversational
kentrans_551,eng_Latn,rag_Latn,4. Musatsa kugunza ivwasi.,4. Mwanaume kukaa jikoni.,general_prose
kentrans_285,eng_Latn,rag_Latn,ENG’ERENG’ANI YITSI KUGEESA.,Nyota amefika kupewa ugali.,general_prose
kentrans_1312,eng_Latn,rag_Latn,Lwa avivuli va tsia kung’odwa,Wakati wa hesabu ya nchini,general_prose
kentrans_1767,eng_Latn,rag_Latn,Yakolanga ndyo kuduka madiku gaduka lisitsa Avandu vanga mukali ni vamalanga vahulire mukana wavo yamala konyola mwana valombanga logendo kuutsa kuluta.,Alifanya hivyo kwa muda wa wiki moja watu wa ukoo wa huyo mwanamke wanaposkia kuwa msichana wao wamejifungua mtoto walipanga safari ya kuenda kumtembelea,general_prose
luhya_multi_24_en,eng_Latn,rag_Latn,Harvest offerings you will place down in a basket before God to pray to him.,"' Biianwa bie Likesa ""Olara asi sikono ebweeni wa Wele amusaayileo.",Conversational
kentrans_1684,eng_Latn,rag_Latn,Daudi yavanyoola nivasetaa avasigu vaavo,Daudi aliwapata wakijipanga kukabiliana na adui wao.,general_prose
kentrans_3193,eng_Latn,rag_Latn,Umundu yagulaa indimu yira.,Mtu anachuna ile ndimu.,general_prose
kentrans_2854,eng_Latn,rag_Latn,Kwumbakira musaala ki?,Tulijengwa kwa msingi upi?,general_prose
kentrans_2370,eng_Latn,rag_Latn,Yahova amanyanga ive vindu yivi,Mungu anakupatia uwezo wa kuona,general_prose
kentrans_3394,eng_Latn,rag_Latn,Ranga impimbo yomung’ondi.,Ita fimbo ya mwandishi,general_prose
kentrans_2934,eng_Latn,rag_Latn,Muhonja higula muliango,Muhonja fungua mlango,general_prose
kentrans_598,eng_Latn,rag_Latn,HA KIBAMBIRU,Alipo sulubishwa,general_prose
kentrans_2839,eng_Latn,rag_Latn,Avana valonge madohi noho valombe tsipicha tsie vindu vya veganga.,Watoto waunde vitu kutokana nay ale wamesoma kwa kutumia udongo au picha,general_prose
kentrans_3636,eng_Latn,rag_Latn,"22 Lihebwa mageli lyo budamano bubwo bu duki, O mukana wa Zioni si alakuhila Kandi mulyadikidzwa.","Uovu wako umetimia, Eee binti Sayuni, hatakuhamisha tena.",general_prose
kentrans_2569,eng_Latn,rag_Latn,Likabiki lievumbu - Mukali oveye ninda,Kabichi mviringo -Mke na mume,general_prose
kentrans_1679,eng_Latn,rag_Latn,"""Avaveeye Evologovo Aniigoke",”Hawana msimamo Aniiogoke,general_prose
kentrans_191,eng_Latn,rag_Latn,A - Nyambura? - Jiibi masha kuvulalu wa masha,Nyambura jibi masha kuvulalu wa masha,general_prose
luhya_multi_14_en,eng_Latn,rag_Latn,A boy with club feet when bathing has a field that when he looks at it he just swallows saliva.,. Omusiani owa makhumbo niyesinga ari nende indalo iria naringa amira sa amare.,Conversational
kentrans_725,eng_Latn,rag_Latn,Shigira a yanza voni vosi.,Kwa sababu anapenda wenye dhambi wote,general_prose
kentrans_3250,eng_Latn,rag_Latn,Unyala kulirola numulika naho?,": Je, unaweza kumuona ukimulika?",general_prose
luhya_multi_389_en,eng_Latn,rag_Latn,Why did these people die?,8. Kigiraki aviguliri vaakutsa?,Conversational
kentrans_3388,eng_Latn,rag_Latn,"Amaleki; yeye, kuduka Sinai zana kya degera Na Benjamini, a londanga hagati","Amaleki, yeye kufika Sinai kwenyewe kukatetemeka na Benjamini, anafuata katikati",general_prose
kentrans_3656,eng_Latn,rag_Latn,11 Vononnya vakali netsingulu muzioni.,Huwaharibu wanawake katika Sayuni.,general_prose
luhya_multi_54_en,eng_Latn,rag_Latn,That's where she discovered that beauty comes from the farm.,“Ebweneyo newayanyoola obulaiburula mumukuunda.”,Conversational
kentrans_1137,eng_Latn,rag_Latn,MWOYO GWANGE GUVEYE NO BUYANZI,NIKO NA FURAHA MOYONI,general_prose
luhya_multi_298_en,eng_Latn,rag_Latn,"To deprive someone of justice, the Lord cannot approve such things.","36 Kihinula mundu mu livola lilye, yaga Yahova ni a bugirira mba.",Conversational
kentrans_2507,eng_Latn,rag_Latn,Headmaster na vaana veve - Lulimi na minu,Mwalimumkuu na wanawe -Ulimi na meno,general_prose
kentrans_3214,eng_Latn,rag_Latn,Mkali mugata yaavoha inyama mumakoola.,Bibi mvivu amefunga nyama kwenye magamba ya ndizi.,general_prose
kentrans_384,eng_Latn,rag_Latn,"MSAMBWA gusuyi Kandi avandu nivakili kulia ku inyama yene yiyi, Vakan. valasa hasi valole amamonyo nigaliaku. Vakalanga ma vasuva hasi","Miungu wamekataa na tena kabla watu hawjali nyama hio, wangetupa nyama yenyewe chini ili waone kama wddudu wangeishambuklia.",general_prose
kentrans_3013,eng_Latn,rag_Latn,Lola wali ula aliraa,Ona yule tuliyeona analia,general_prose
kentrans_272,eng_Latn,rag_Latn,MUKALI:,MKE,general_prose
luhya_multi_387_sw,swh_Latn,rag_Latn,"Hata ninapoita au kulia ili kuomba msaada, anakataa kupokea maombi yangu.","8 Yee, Ni nkupa lwanga nokwenya mukonyi, a haniranga kyova lisaala lyange.",Conversational
luhya_multi_83_sw,swh_Latn,rag_Latn,Nafula alikuwa ameogopa jembe siku hizi amekazana na ukulima,“Nafula yali yaria imbako. Leelo yomilanila okhulima.,Conversational
kentrans_3221,eng_Latn,rag_Latn,Engetsa,Kiwavi,general_prose
kentrans_911,eng_Latn,rag_Latn,Aleluya! Umuhonyi!,Haleluya! Mwokozi!,general_prose
luhya_multi_299_en,eng_Latn,rag_Latn,Sitting on a grave and eating there and drying food.,36. Kwikala ku kilindwa nu kulilaku nu kuvagala ku viukulia.,Conversational
kentrans_2014,eng_Latn,rag_Latn,Nyasaye wange unzizulizi,Yesu unikumbuke.,general_prose
kentrans_188,eng_Latn,rag_Latn,A - Zatsa? - Zatsa Mmbo,Zatsa mtoto wa mmbo,general_prose
kentrans_2515,eng_Latn,rag_Latn,"Yiyi ulwanda, yiyi ulwanda - Kirindwa",Huku mwamba huku mwamba -Kaburi,general_prose
kentrans_2590,eng_Latn,rag_Latn,Senge wange yakungubira kirudi - Kimuna,Shangazi yangu alinipigia kirudi -sungura,general_prose
luhya_multi_340_en,eng_Latn,rag_Latn,The mountains melted before them which belonged to God,"5 Vigulu vya degera imbiri wal avekitinya kyavo ki veye mu Yahova,",Conversational
kentrans_3646,eng_Latn,rag_Latn,Ku luhi si ku Lola bweleridzi mba.,Tumechoka hatuoni raha yoyote.,general_prose
kentrans_3048,eng_Latn,rag_Latn,Lola anuunaa,Ona ananyonya,general_prose
luhya_multi_291_en,eng_Latn,rag_Latn,A man eating from milk where he took a wife.,32. Musatsa kuliira maveere wayatulitsa mukali.,Conversational
kentrans_316,eng_Latn,rag_Latn,vyitu amatsi gagota muvyo kigira ki?,Kwa nini maji yalipotea kwa mito yetu?,general_prose
kentrans_2166,eng_Latn,rag_Latn,"Uyu oveye nu gutu ahuriri,",Aliye na sikio na asikie,general_prose
kentrans_2242,eng_Latn,rag_Latn,Yivi wetegekela iliza lyo mwami,Wewe unayengojea kurudi kwa Yesu,general_prose
kentrans_3414,eng_Latn,rag_Latn,"Avakana vagima veve va verereridzeywi, na mwene a veye mulitsunwa.","Wanawali wake wamehuzunishwa sana, naye mwenyewe yuko katika maumivu.",general_prose
kentrans_505,eng_Latn,rag_Latn,Nilio lidiku liavamaliritsanga miyinzi jo mundu wakuza.,Ndiyo siku waliyokuwa wakikamilisha shughuli kuhusu mfu.,general_prose
kentrans_3436,eng_Latn,rag_Latn,"A vambuye muluvo kuduka kugumira virenge vyange, u nziranya inyima.","Ametandika wavu aninase miguu, amenirudisha nyuma.",general_prose
luhya_multi_218_en,eng_Latn,rag_Latn,And he told him together with you; but please give me a little water because I am thirsty,"19 Naye ya mbo halala nive;navutwsa,ulugenda lwa lera, Mwadza,u mbe amadzi make u tsitsanga ku si lu ;la ku ha ubukumi;keke nwe; kigira mbeye nobuluhu.",Conversational
kentrans_176,eng_Latn,rag_Latn,Mulivulwa liange nikuveye avana vakekeke kwanyola avivuli vitu ni vaveye namangana yaga,Tukiwa wachanga tulipata wazazi wetu wakiwa na maneno haya,general_prose
luhya_multi_155_sw,swh_Latn,rag_Latn,Unajifunza nini kutokana na hadithi hii?,10. Lugano yiru lukwigitsangaki?,Conversational
kentrans_1354,eng_Latn,rag_Latn,"Ku Kaisari Augusto kuug’odwa,",Kaiza Agostino kusajili watu,general_prose
kentrans_1200,eng_Latn,rag_Latn,Ku twulidza bwosi,Kuosha dhambi zote,general_prose
kentrans_381,eng_Latn,rag_Latn,"Umundu uwali niyakutsa kale ma vandu vatigalanga nivalomba umuluka naho, vitanga umutugu gutahitswa amasahi.","Iwapo mtu alikufa, watiu kazaa wangebaki wakiandaa tambiko ama, wangechinja mfugo. Ili amwage damu.",general_prose
kentrans_3001,eng_Latn,rag_Latn,Wavo,Kwao,general_prose
kentrans_3397,eng_Latn,rag_Latn,"Debora; Na vagendi va genda ku tsinzira kuli ya li , Baraka a veye",Debora na watembezi walitembea kwa njia kama Isakari alivyo kuwa Bakari,general_prose
kentrans_3624,eng_Latn,rag_Latn,16 Livihirirwa Lya Yahova li va sundi ihale si alavahenza Kandi mba.,"Hasira ya Bwana imewatenga, yeye hatawaangalia tena.",general_prose
kentrans_729,eng_Latn,rag_Latn,Khu mulonda Yesu Mwami wange?,Kumfuata Yesu Mungu wangu?,general_prose
kentrans_2718,eng_Latn,rag_Latn,Kibiriti cha mulogoli kutula kale.,Kiberiti cha wamaragoli kutoka kale.,general_prose
kentrans_1525,eng_Latn,rag_Latn,Mwoyo guveeye kuli ugulola mubicha yiyi.,Moyo ni kama vile unavyouona katika picha hii.,general_prose
kentrans_923,eng_Latn,rag_Latn,Nda rhonya masahi ganje ndi Shigira nda khu yanza.,Alimwaga damu yake kwa sababu ya upendo wake kwetu.,general_prose
kentrans_2065,eng_Latn,rag_Latn,"Uvwoni vwa vandu vosi,",Zambi ya watu wote,general_prose
kentrans_2985,eng_Latn,rag_Latn,Libada,Bata,general_prose
kentrans_669,eng_Latn,rag_Latn,A ye Mutungiri.,Ni yeye anatulipia,general_prose
kentrans_1457,eng_Latn,rag_Latn,Unyala kulirola numulika naho?,Unaweza kumuona ukimulika?,general_prose
kentrans_2069,eng_Latn,rag_Latn,YESU YAVAMBWA,YESU ALISULUBIWA,general_prose
kentrans_1258,eng_Latn,rag_Latn,Muginge lyeta lilye igulu lero.,Amekuwa radhi kuzaliwa,general_prose
kentrans_1240,eng_Latn,rag_Latn,"Kristo wivulwa na Maria, Mwana wi Nyasaye","Kristo Mwana wa Mungu, kazaliwa na Maria",general_prose
kentrans_698,eng_Latn,rag_Latn,Gu vikiywi taji,Ikawekwa taji,general_prose
kentrans_156,eng_Latn,rag_Latn,"Nimulembana, nimukubana munyumba, ni mwivanga, yuyanzi, ni muveye avetsimbavasi, ni mwita umundu, nagosi veyeno vuyanzi, ni muveye madamanu umwana uyu alola na ahunu umwana uyu alola na ahulaa na alola.","Wakigombana, wakipigana kwa nyumba, kama wanaiba,mkiwa na furaha, mkiwa wenye udaku, na yote wakiwa na furaha, mkiwa kwa mabaya mtoto huyu anaskia na kuona.",general_prose
kentrans_1987,eng_Latn,rag_Latn,Ivugwi.,Mashariki.,general_prose
luhya_multi_300_en,eng_Latn,rag_Latn,Who can speak and have it happen if the Lord has not decreed it?,"37 Ni bwaha u vulanga, ma li va, Ni I va Yahova si ya li laga mba?",Conversational
kentrans_3338,eng_Latn,rag_Latn,Naye ya navandu tsielfu likumi va mu londa.menya isi welikindu lya Debora Hagati,Naye na watu elfu kumi wakamfuata. Hakuwa wa kabila la Debora katikati.,general_prose
kentrans_3316,eng_Latn,rag_Latn,"Gwa Edom,",Ya Edomu,general_prose
kentrans_1724,eng_Latn,rag_Latn,Kinywere kemenyanga mmbulimu mutsimbangaywa.,Kinywere huishi msitumni na katika mapango.,general_prose
kentrans_3462,eng_Latn,rag_Latn,"U va kole, kuli wa kola inze kigira mahyolo gange gosi.",Ukawatende wao kama ulivyonitenda mimi Kwa dhambi zangu zote.,general_prose
kentrans_2640,eng_Latn,rag_Latn,Kalondo kafunyi,Ukoko umenukia.,general_prose
kentrans_2519,eng_Latn,rag_Latn,"Teleka mbo - Inzira, Kedera",Teleza ivo -Njia,general_prose
kentrans_3251,eng_Latn,rag_Latn,Nuumulika lingʻohani lirabuluka.,Ukimumulika ling’ohani atayoroka.,general_prose
luhya_multi_84_sw,swh_Latn,rag_Latn,Mtumwa alikuwa akitoroka kumlaani nyinyi.,"""Nasioobi aaba ne elukha khumulaama enywe.",Conversational
kentrans_1108,eng_Latn,rag_Latn,U ku linde; Gasidza avandu,"Kaa nasi, takasa nyoyo zetu",general_prose
kentrans_2790,eng_Latn,rag_Latn,Namavaha singakali gange,Nilitoa mabawa yangu.,general_prose
luhya_multi_162_sw,swh_Latn,rag_Latn,"Bwana amjawa na hasira, ameimimina hasira yake kali.",11 Yahova udukidzi ubutima bwibwe tsuki ubutima bwibwe bululu.,Conversational
kentrans_1420,eng_Latn,rag_Latn,Indimu Kituunda Ulolaa induvatiru yiyi?,"Ndimu, tunda unaona wayo huu?",general_prose
kentrans_1740,eng_Latn,rag_Latn,Emenyi haliki?,Anaishi wapi ?,general_prose
kentrans_1934,eng_Latn,rag_Latn,Vakalaga valangwe “AVALUHYA”,Wakaamua waitwe “WALUHYA”,general_prose
kentrans_2489,eng_Latn,rag_Latn,Kulinde lilagana lilie.,Tungoje ahadi zake,general_prose
kentrans_158,eng_Latn,rag_Latn,Mulivola lyo luswahili luvola ndi :,"Kwa msemo wa Kiswahili unasema hivi: ""MTOTO UMLEAVYO NDIVYO AKUAVYO”",general_prose
kentrans_2635,eng_Latn,rag_Latn,Kali vulimu vomera ku lirova.,Nyasi pia humea ulimwenguni.,general_prose
kentrans_2992,eng_Latn,rag_Latn,Liduudu lirala,Liduudu (aina ya ndege) mmoja,general_prose
kentrans_1203,eng_Latn,rag_Latn,Kwirova lyamanga;,Nchi ya mazao,general_prose
kentrans_2478,eng_Latn,rag_Latn,Kogende mu vulavu,Tutembee nuruni mwake,general_prose
kentrans_2813,eng_Latn,rag_Latn,Nangodekere ichai gona,Nitakupikia chai ukilala.,general_prose
kentrans_3195,eng_Latn,rag_Latn,Litunda lirahi liigoti.,Tunda zuri limepotea.,general_prose
luhya_multi_96_sw,swh_Latn,rag_Latn,"Nami nikamwambia kuwa, msiogope, nanyi rudini muende kwa msitu watu hao hapana.","""Nese namuboolela ndi, 'Mukharia Nenywe kobolayo muche mu sichiimi babaandu abo tawe.",Conversational
kentrans_1348,eng_Latn,rag_Latn,"Kwenya voosi va hulire Yesu yadza lero,","Wato wote na wajue, Yesu yuaja leo",general_prose
luhya_multi_353_en,eng_Latn,rag_Latn,"You came near when I called, and you said, ""Do not fear.","57 Wesunda ku inze ku lidiku Lya nda kwanira, na wa mbolera, u ta Tia mba.",Conversational
kentrans_1948,eng_Latn,rag_Latn,Inyinga yiyi imbula yalange niyagoti na vandu valange no vusangali kokola mikinu josi jo kuyanzitsa.,Wakati huo mvua haikuwa na watu walikuwa watu walifurahia michezo iliyowapa furaha.,general_prose
kentrans_575,eng_Latn,rag_Latn,Muliango gwa Katano,Sura ya Tano,general_prose
luhya_multi_368_en,eng_Latn,rag_Latn,"You will repay them what they deserve, O Lord, for what their hands have done.","64 U la ha tunga litunga, o Yahova, kuli miyinzi gya makono gavo.",Conversational
luhya_multi_204_sw,swh_Latn,rag_Latn,Macho yetu yamechoka kwa kutazamia bure msaada wetu.,17 Tsimoni tsyetu kuvuki kulihenza likonywa lyetu Lya vutswa.,Conversational
kentrans_96,eng_Latn,rag_Latn,Avandu vatitsanga kwaagana naye kuvita mukyilivwa.,Watu walienda kukutana naye langoni,general_prose
kentrans_2483,eng_Latn,rag_Latn,Kumanyie vandi uvulavu,tuelekeze wenzetu katuka nuru,general_prose
kentrans_3222,eng_Latn,rag_Latn,Inyama,Nyama,general_prose
kentrans_3348,eng_Latn,rag_Latn,"9 Naye ya vola, Ligali inze nda tsia huuma nengubo",Naye akasema ukweli mimi nitaenda pamoja nawe,general_prose
luhya_multi_25_sw,swh_Latn,rag_Latn,"Muda huo mimi nilimuagiza yote ambayo tunawapa mababu zenu Abarahamu,Isaaka na Yakobo mnastahili kufanya.","' Siise esio ese namulaka koosi niko khua bakuuka benywe Aburahamu, Isaaka ne Yakobo mukhoyela khukhola.",Conversational
luhya_multi_71_en,eng_Latn,rag_Latn,"""Mama, mama shake the rope so I can enter, so I can enter, so I can enter, so I can enter.""","""Mma, mma sung'usa mugoye niinewe nine, wee nliinewe, wee nliinewee niinewe.""",Conversational
kentrans_3012,eng_Latn,rag_Latn,Wawalola yaali wavu?,Uliyemuona alikuwa wa nani?,general_prose
luhya_multi_47_en,eng_Latn,rag_Latn,"The chief supervisors will ask about health by health, eye by eye again other people saying, 'There is a person whose eye, tooth by tooth, hand whose blood has flowed because of fear and by hand and foot by what happened, let him go home.'","""Babemeelesi bakhulu balareeba bulamu khulwe bulamu, emoni khulwe lundi babaandu bali, 'Aliio omundu niye moni, liliino khulwe liliino, kumukho- kamafuki kewe keelulukha sikila buuri? no khulwe kumukhono ne sikele khulwe Kaaba kario ache engo.",Conversational
luhya_multi_15_sw,swh_Latn,rag_Latn,Kaleefu alikuwa akidhani kuwa ni mchezo kumbe alikuwa anafungua yatakayofanyika kwake kweli.,. Paara akoboola. Chelaasia obulayi eshifune shielikhuwa elo noshiili okhuliboola.,Conversational
kentrans_2630,eng_Latn,rag_Latn,Ukarilanga guu.,Unalia!,general_prose
kentrans_2566,eng_Latn,rag_Latn,"Avisraeli mwirova - Tsiswa, maavuli",Waisraeli kwa mchanga -Kumbekumbe,general_prose
kentrans_3464,eng_Latn,rag_Latn,2Ga duka ndi Yahova ya kunika mukana was zioni nelilesi mu butima bwibwe.,Bwana alimfunika binti Sayuni kwa wingu akiwa na hasira.,general_prose
luhya_multi_213_en,eng_Latn,rag_Latn,They hunt our steps so that we cannot go in our streets.,18 Va himanga tsinduvatiru tsyetu sikunyala kugenda ku tsinzira tsyetu.,Conversational
kentrans_1024,eng_Latn,rag_Latn,Lilagano lilye yili,Agano hili,general_prose
kentrans_170,eng_Latn,rag_Latn,Baba ni liuvaa na mama nu mweli na avana ni tsing’ereng’ani.,Baba ni jua na mama ni mwezi na watoto ni nyota.,general_prose
luhya_multi_266_sw,swh_Latn,rag_Latn,Ni vyema kungojea kwa utulivu kwa ajili ya wokovu wa Bwana.,"26 Nobulahi umundu a suuvire, nokulindirira ubuhonyi bwa Yahova nelyekudzira.",Conversational
kentrans_20,eng_Latn,rag_Latn,Vayanza vagavo,Vayanza watoto wa Vagavo,general_prose
kentrans_3370,eng_Latn,rag_Latn,"Mwana wa Abinoam vimba kuavalasanga mibano, ha va da lidiku yili, ni va vola, hanga amadzi,",Mtoto wa Abinoam aliimba akirusha visu siku hiyo na wakasema peana maji kwa sababu wakuu walitangulia katika,general_prose
kentrans_115,eng_Latn,rag_Latn,Adukana ave inzila inungi ihila avandu ahalahi.,Yafaa awe njia nyembamba iwapelekao watu pazuri.,general_prose
kentrans_3595,eng_Latn,rag_Latn,I duki ndi kubwoya ithahabu indahi! Ithahabu isiyeku ligali igirunkani! Magina ga hatakatifu ha tebeywi ha kiheri kyenzira sa indala.,"Jinsi dhahabu ilivyoacha kung’aa, na dhahabu iliyo safi ilivyobadilika! Mawe ya patakatifu yametupwa mwanzo wa kila njia.",general_prose
luhya_multi_139_sw,swh_Latn,rag_Latn,Sinia moja,(Lu)deru lulala,Conversational
kentrans_1651,eng_Latn,rag_Latn,Lwayilarana mkeere weeve naamuvoolera kuli aviivi viiva tsisiringi.,"Aliporejea, bibi yake akamusimulia jinsi wezi walivyoiba pesa zake.",general_prose
luhya_multi_360_en,eng_Latn,rag_Latn,And he sent a man to flee on foot,6 Naye ya tuma mundu ku-yiruka nevirenge,Conversational
kentrans_2678,eng_Latn,rag_Latn,Vaana vetu niinze lledi woo,Ni mimiLledi mtoto wetu,general_prose
kentrans_192,eng_Latn,rag_Latn,Avana vange vashetsanga ambele ga ndeda masha,Watoto wangu walikuwa wakisiaga mawele kwa Ndeda,general_prose
kentrans_1771,eng_Latn,rag_Latn,Mundu na fwananyia miima yigi ne miima gya kololanga mu vangeli mu lilaga lya kale gifwanananga ligali ne miima gya vaisraeli.,Mtu anayelinganisha desturi hizi na desturi zinazoelezewa katika bibilia agano la kale zinafanana na zile desturi za wana wa Israeli.,general_prose
kentrans_2741,eng_Latn,rag_Latn,NYASAYE ALOMBA MUNDU,MUNGU HUUMBA BINADAMU.,general_prose
kentrans_1816,eng_Latn,rag_Latn,Avakevi venyanga kumanya vuluviriri vwo mundu vakalanga ku ligodo lye igulu nani vavita ma virana ku malirira.,Ngariba alitaka kujua ujasiri wa mtu kwa kukata ngozi ya mbele.,general_prose
kentrans_166,eng_Latn,rag_Latn,Aveye haliki wivuliywi mwami wa vayuda?,Yuko wapi yeye aliyezaliwa mfalme wa Wayahudi?,general_prose
kentrans_1401,eng_Latn,rag_Latn,Nunu kwinye Kwidzominya,"Waimba, sikizeni",general_prose
kentrans_1644,eng_Latn,rag_Latn,Lugano yiru lukwigitsaaki?,Hadithi hii inatufundisha nini?,general_prose
kentrans_2027,eng_Latn,rag_Latn,Yavambwa Yesu yavambwa,Alisulubiwa Yesu alisulubiwa.,general_prose
kentrans_1428,eng_Latn,rag_Latn,Umundu wagulaa matunda ula ahira haliki?,Yule mtu anayetunda matunda anayapeleka wapi?,general_prose
kentrans_499,eng_Latn,rag_Latn,4. Mwima yigu gololekanga mululu ligali. Nagwo goveeye ku mu satsa nu mu kali.,Mila hii yaonekana ngumu Zaidi. Nayo ilihusisha mwanaume na mwanamke.,general_prose
kentrans_1158,eng_Latn,rag_Latn,Khutsimbabasi yitsi,Kwa neema zake,general_prose
kentrans_941,eng_Latn,rag_Latn,Ha Yesu Kristo ya khu khudera.,Alipotufia Yesu.,general_prose
kentrans_832,eng_Latn,rag_Latn,"A kuheresia e khavi, A khuheresia ekilavi","Atatupa bahati, Atatupa bahati",general_prose
kentrans_2924,eng_Latn,rag_Latn,Niyivisa,Akajificha,general_prose
kentrans_2783,eng_Latn,rag_Latn,Senge nasuye kohe kotsa.,Shangazi akikataa tumpe amu.,general_prose
kentrans_1580,eng_Latn,rag_Latn,". O! Leka gave! Leka! Mukeere uyo yilduuda, niyigibula viguma, naakuba kivi naasaalira ligali.",Lo! Nyanya huyo aliteseka na kuhisi uchungu na maumivu zaidi.,general_prose
kentrans_548,eng_Latn,rag_Latn,1. Kotema ligomia nimbatsi..,1. Kukata ndizi kwa kutumia shoka.,general_prose
kentrans_2700,eng_Latn,rag_Latn,Kibuusi changaada kirambolitsa.,Paka alinidanganya atanichumbia.,general_prose
kentrans_2939,eng_Latn,rag_Latn,MUKANA WADEKA KU LINANI,MSICHANA ALIYEOLEKA KWA ZIMWI,general_prose
kentrans_1079,eng_Latn,rag_Latn,Vandu vadamano si va Ia ku lola:,Utukufu wako haoni mkosa,general_prose
kentrans_1270,eng_Latn,rag_Latn,Kuleta makuva gokumukuminya.,Twaimba nyimbo za kukuabudu,general_prose
kentrans_394,eng_Latn,rag_Latn,"langa na LIUVA liavita kesegese kye nyumba sivalomba ku muluka mba, vavolandi isaa ya mugolova nolomba umuluka gugasa mba kigira LIUVA livetsa ligolovi litigali yi avandu vakali.","Langa na jua vikishatua kofia ya bati la nyun=mba hawakufanya miiko,ilisemekana jioni ukifanya tambiko haitakuwa sawa kwa kuwa jua huwa limetua na kubakia wanawake",general_prose
kentrans_1638,eng_Latn,rag_Latn,Tivula mateeva yaga:-,Jibu maswli yafuatayo:-,general_prose
kentrans_305,eng_Latn,rag_Latn,Mundu Musatsa ihili emenyanga mihiga kuli ILIUVA.,Ukoo wa mwanaume unaishi miaka mingi kama jua,general_prose
kentrans_2668,eng_Latn,rag_Latn,Tulayira kulala.,Tulikula pamoja.,general_prose
kentrans_198,eng_Latn,rag_Latn,Umundu wokuvida ni kuli kulangangandi Pastor.,Mtu wa kutibu ni kama vile aitwavyo mhubiri.,general_prose
luhya_multi_104_sw,swh_Latn,rag_Latn,Usifunge fahali mdomo ukiwa ukimtumia kula vyakula.,"""Okhaboa eeyi emunwa ne olikho okirumikhira khuulia biakhulia tawe.",Conversational
kentrans_368,eng_Latn,rag_Latn,Ku Nyasaye yavisa amang'ana gege mu vindu vyene yivi.,Ndiposa Mungu ameficha siri yake katika vitu hivi (Milima na bahari),general_prose
kentrans_2177,eng_Latn,rag_Latn,"Yavo vahing'ananga na Nyasaye,",Wale wanapingana na Mungu,general_prose
kentrans_1381,eng_Latn,rag_Latn,"Nda sangala, nda sangala.","Nitamtukuza, nitamtukuza",general_prose
kentrans_1430,eng_Latn,rag_Latn,Tivula amiita govulimu vulandaa mukivanda.,Taja majina ya nyasi zinazomea mtoni,general_prose
kentrans_1029,eng_Latn,rag_Latn,"Dada, Mwana, Roho!","Baba, Mwana, Roho!",general_prose
kentrans_36,eng_Latn,rag_Latn,Siguku,sikukuu,general_prose
luhya_multi_284_en,eng_Latn,rag_Latn,Who entered grandmother's room?,3. Nivaaha vingira mukidioli chiche?,Conversational
kentrans_1098,eng_Latn,rag_Latn,Ndola u yanza vandu voosi—ninze.,Wewe wampenda kila mtu – hata nami,general_prose
luhya_multi_286_en,eng_Latn,rag_Latn,Grandfather or grandmother looking at the grave when the body of the deceased was being lowered into the grave (when they were very old).,30. Guga naho guku kohenza mukilindwa lwom’mbiri gwo mwisukulu gwikitsangwa mu kilindwa. (Gase valavakula),Conversational
kentrans_2238,eng_Latn,rag_Latn,Yavo vakora miyinzi gyigyo vulahi,Wale watendao kulingana na mapenzi yako,general_prose
kentrans_35,eng_Latn,rag_Latn,Mara ndeda,kwa ndeda,general_prose
luhya_multi_104_en,eng_Latn,rag_Latn,Do not muzzle the ox's mouth when you are using it to eat food.,"""Okhaboa eeyi emunwa ne olikho okirumikhira khuulia biakhulia tawe.",Conversational
luhya_multi_234_en,eng_Latn,rag_Latn,They develop pronunciation when students are speaking,2.Kuvilukitsa lulimi ne limoloma lia vaana,Conversational
kentrans_1130,eng_Latn,rag_Latn,"Vigulu kandi vivanda, misala no vimuli,","Milima na mabonde, miti na hata maua",general_prose
kentrans_1730,eng_Latn,rag_Latn,Kalunu kulamoloma kuli avandu vandi vaali maliihe vinywereritsanga nivaguutiywe.,"Leo hii tutazungumzigiye watu Fulani ambao walishiriki vita na baada ya kushindwa, walirejea kisirisiri wasitambulike.",general_prose
kentrans_1663,eng_Latn,rag_Latn,Mateva na Mativuli:,Maswali na majibu,general_prose
kentrans_2746,eng_Latn,rag_Latn,MWANA WA MBIRI.,Kifungua mimba,general_prose
luhya_multi_159_sw,swh_Latn,rag_Latn,"Macho yangu yamechoka kwa machozi, Moyo wangu umetaabika.","11 Tsimoni tsyange tsi luhi kigira maliga, mwoyo gwange gu kaliki.",Conversational
kentrans_2621,eng_Latn,rag_Latn,AGOKUTANGA,MWANZONI,general_prose
kentrans_990,eng_Latn,rag_Latn,Ni wi udzanga khandi?,Ni nani atarejea?,general_prose
kentrans_1263,eng_Latn,rag_Latn,"Omwana wa Dada ya twula ingo wewe,","Ewe Bwana mwema, twakubarikia",general_prose
kentrans_3207,eng_Latn,rag_Latn,kuludiiji.,Kwenye kijikuta,general_prose
kentrans_2026,eng_Latn,rag_Latn,Yavola lero gafweye x2,Alisema yote yamekwishwa,general_prose
luhya_multi_265_sw,swh_Latn,rag_Latn,Anatusubiri mbinguni.,A khulindira mwigulu.,Conversational
kentrans_1774,eng_Latn,rag_Latn,Kulanga mwana lyeta,Kuita mtoto jina,general_prose
luhya_multi_292_en,eng_Latn,rag_Latn,For he does not willingly bring affliction or grief to anyone.,"33 Kigira si a VA vikanga mu kivi, Kinga kuvereridza avana VA vandu nomwoyo gwobuyanzi.",Conversational
kentrans_934,eng_Latn,rag_Latn,Nda khu gingira bwoni bwo Shigira nda khu yanza.,Nilibeba dhambi zako kwa sababu nakupenda.,general_prose
luhya_multi_224_sw,swh_Latn,rag_Latn,"Wana w Sayuni ni wenye thamani, Walinganao na dhahabu safi.","2 Avana va Zioni avobuguli budinyu, Ava validzwa kulengana nethahabu isiyeku.",Conversational
kentrans_2347,eng_Latn,rag_Latn,Lisuuviridza lyosi ni lyange.,Kila aaminie atapona,general_prose
kentrans_1958,eng_Latn,rag_Latn,Mugoye gwavohangwa mu kiguti kirahi ahavandu ve tsisoma tsiviri naho tsivaga tsivuganiranga.,"Kamba ilikuwa ikifungwa kwa kiwanja ambacho jamii mbili au tatu zilikutania.O: Naho mwirago he tsisoma tsivuganiranga, sia losoma lwikalanga mu kiduma chavo. Mahali walipokutania hawakuwa wakikaa pamoja.",general_prose
kentrans_310,eng_Latn,rag_Latn,Navutswa LIUVA yilio limenya nililoka kuli mundu musatsa yamenya nalokela hango mu HIILI yeye,Ilhali jua huishi kufoka kama jinsi mwanaume hufoka katika nyumba ya ukoo wake,general_prose
kentrans_2881,eng_Latn,rag_Latn,Chafunyilitsa malusu nikimanya isimba ifws yingiyi mu luhangaywa.,Alinusianusia na akajua kuna uwezekano wa simba kuwa ndani ya pango hilo.,general_prose
kentrans_140,eng_Latn,rag_Latn,Ku nzilani yinu mulole uwamunduma kandi.,kwa hiyo nimerudi huku muangalia mtakapo nituma tena,general_prose
kentrans_474,eng_Latn,rag_Latn,Kandi vahenza kindu chokuhilira musambi zana.,Pia walikuwa wakitafuta cha kumpelekea yule atakayemchoma.,general_prose
kentrans_1292,eng_Latn,rag_Latn,Ingelosi wa Nyasaye,malaika mtukufu,general_prose
kentrans_3434,eng_Latn,rag_Latn,Lya Yahova u vereridzeye inze kulidiku lyobutima bwibwe bululu.,Ambayo Bwana amenihuzunisha kwa hayo siku ya hasira yake iwakayo.,general_prose
kentrans_845,eng_Latn,rag_Latn,Avoni va divanga;,Watenda dhambi watesekao;,general_prose
kentrans_1899,eng_Latn,rag_Latn,Amaduma gandi yaga kali ndyo si gagotera ligali dave.,Hata hivyo mbegu ya mahindi ya kiasili haikupotea yote.,general_prose
kentrans_2516,eng_Latn,rag_Latn,Mbeye ne vasungu vange vavaga mulala natuli ku vaviri sivayinzira Mba - Mahiga,Nina wazungu wangu watatu mja akitoka wengine hawafanyi kazi -Mafiga,general_prose
kentrans_1369,eng_Latn,rag_Latn,"Inyinga Va hulira, va genya voosi,",Kwa mshangao mkuu waliwasikiza,general_prose
luhya_multi_195_en,eng_Latn,rag_Latn,The crown has fallen from our heads.,16 Itaji yaguluki kutula ku mitwe gyetu.,Conversational
kentrans_70,eng_Latn,rag_Latn,Guku umkeere wivula umukali wowo ni guku wowo kandi Guku umkeere wivula baba wovo umulaganga kandi guku.,Nyanya aliyezaa mke wako ni nyanya yako pia nyanya aliyezaa baba yako unamuita pia nyanya,general_prose
luhya_multi_167_sw,swh_Latn,rag_Latn,"Si kitu kwenu, enyi nyote mpitao?","12 Si ki veye kindu Kya mwinye, mwinye vosi Ava vitanga?",Conversational
luhya_multi_292_sw,swh_Latn,rag_Latn,Kwa maana hapendi kuwaletea mateso au huzuni watoto wa wanadamu.,"33 Kigira si a VA vikanga mu kivi, Kinga kuvereridza avana VA vandu nomwoyo gwobuyanzi.",Conversational
kentrans_2892,eng_Latn,rag_Latn,Lidiku lirala engoko yatsia kusava liive logembe evegere avaana vayo liisu.,Siku moja kuku alienda kumwomba mwewe wembe atumie kunyolea watoto wake nywele.,general_prose
kentrans_1111,eng_Latn,rag_Latn,"Nunundina, U Ii wetsingulu","Wewe uliye mweza, leo hata milele",general_prose
kentrans_3659,eng_Latn,rag_Latn,Mumoni mwa Avakulundu si mwidzominywa mba.,Nyuso za wazee hazipewi heshima.,general_prose
luhya_multi_244_en,eng_Latn,rag_Latn,Yet I call this to mind and therefore I have hope.,"21 Nziyidzulitsa likuva yili, kigira yaga mbeye nelisuvira.",Conversational
kentrans_2888,eng_Latn,rag_Latn,ENGOKO NE LIIVE,KUKU NA MWEWE,general_prose
kentrans_1476,eng_Latn,rag_Latn,Inzuki irasi enzogu.,Nyuki hurusha ndovu mshale.,general_prose
kentrans_3224,eng_Latn,rag_Latn,Engoko engomeru eteraa mavuyu ganga mumuhiga?,Kuku munono hutaga mayayi ngapi kila mwaka.,general_prose
kentrans_347,eng_Latn,rag_Latn,Makandi vahenza kuli LIUVA nilitula ivugwe kale mugamba zuri ku nivaloli iliuva lituli vulahi ililavu zeeree kuli likonza kuvakola miluka javo ma vamanya miluka javo jilagasitswa.,Tena walikuwa wakiangalia jinsi jua lilikuwa lilichomoza kutoka mashariki asubuhi na mapema ili waone likiwa limechomoza vizuri ndiposa wafanye matambiko yao na ndipo wajue kwamba matambiko yao yatabarikiwa.,general_prose
luhya_multi_20_sw,swh_Latn,rag_Latn,Mto wangu haupungui maji -Kifo kipo,".Kidaho change kigetsa amatsi dave - Kukutsaa, kulitsaa",Conversational
kentrans_2353,eng_Latn,rag_Latn,Mutie mundu umuhonya,Muheshimu yule atakae tuokoi,general_prose
kentrans_345,eng_Latn,rag_Latn,Mwami Yesu kandi naye naveye mulilova yanigila mukigulu ukutsia kusaala ku Baba wewe Yahova ku anyole uvunyali vwokokola imiyinzi jije jokukola ivilolekitsu vinene mu lilova.,Yesu naye pia akiwa duniani alikuwa akipanda juu ya mlima kwenda kuomba Baba yake Jehova ndiposa apate uwezo wa kufanya shughuli zake za miujiza.,general_prose
kentrans_2975,eng_Latn,rag_Latn,Lola Lidede Lideeden',Ona nzige ………,general_prose
kentrans_1005,eng_Latn,rag_Latn,Henza! masahi go muhonnyi,Tazama! Damu ya mwokozi,general_prose
kentrans_1515,eng_Latn,rag_Latn,Imbiimbu,Bakora,general_prose
kentrans_1315,eng_Latn,rag_Latn,"Yesu. Musoli, ya twula mwigulu.","Yesu mwokozi, katoka mbinguni",general_prose
kentrans_2400,eng_Latn,rag_Latn,Sinzitsanga kandi mu gekivala,Yote ya ulimwengu nimewacha,general_prose
kentrans_3226,eng_Latn,rag_Latn,Engoko egoneraa iteraa mavuyu amakumi gavaga nokuvita.,Kuku anayelalia hutaga mayayi zaidi ya kumi na tatu.,general_prose
luhya_multi_380_en,eng_Latn,rag_Latn,You read the story of the cross,75 WA SOMA LUGANO LWO MUSALA,Conversational
kentrans_692,eng_Latn,rag_Latn,Mwene ya honya kwinye.,Yeye mwenyewe alituponya sisi,general_prose
kentrans_2331,eng_Latn,rag_Latn,LISUUVIRA LYOSI NILYANGE,Imani yoye ni Yangu,general_prose
luhya_multi_76_sw,swh_Latn,rag_Latn,"""Rafiki yangu amepotea""","“Mulina wange ogoti”,",Conversational
kentrans_2322,eng_Latn,rag_Latn,Si ku la lola likudza;,Hatutaona kifo,general_prose
kentrans_2336,eng_Latn,rag_Latn,"Lisuuviridza lyosi ni lyange,",Imani yote ni yangu,general_prose
kentrans_504,eng_Latn,rag_Latn,Mu lidiku lia kavaga vakola lovego.,Siku ya tatu walifanya makumbusho.,general_prose
kentrans_1167,eng_Latn,rag_Latn,Ya haana masahi ge.,Aliyemwaga damu yake,general_prose
kentrans_2744,eng_Latn,rag_Latn,Mwana muyayi yalolekitsa miima mirahi.,Mtoto wa kiume alionyesha tabia za kuvutia.,general_prose
kentrans_2855,eng_Latn,rag_Latn,Gendi kusimuli ilivoolelana mu barua yiyi ni liteeva lia kwamenya nikweeteva mbura kurahambanira kulio mulienyeliza kumanya kunyi ni vaaha.,Kujeni tuanze mazungumzo ya barua hii kuhusu maswali ambayo tumekuwa tukijiuliza kwa kuwa yanaweza kutuleta pamoja na tujue sisi ni wa wapi.,general_prose
kentrans_402,eng_Latn,rag_Latn,Mundu mukali inyingi yindi anyala kuveleka naho kuhelitsa umwana nataloli amasahi yaani natatsiyi mumweli kuli avalogooli vakale vavolandi.,Mwanamke wakati mwingine anaeza kuambulia ujauzito ama kubeba mimba kama hajaona damu yaani wakati wa hedhi jinsi wamaragoli wa zamani walikuwa wakisema,general_prose
kentrans_2721,eng_Latn,rag_Latn,Na sikunwetsa uvwinu dave.,Hatunywi wino.,general_prose
kentrans_1864,eng_Latn,rag_Latn,Mukumu,Mganga wa kienyeji,general_prose
kentrans_3352,eng_Latn,rag_Latn,"20 Naye ya mbolera, ive u tsia Kedesh halala na Baraka.","Naye akamwambia ,niende na Kedesh pamoja na Baraka",general_prose
kentrans_1475,eng_Latn,rag_Latn,Siayanzaa imulume.,Hapendi imuume.,general_prose
kentrans_2233,eng_Latn,rag_Latn,"Omuyanze witu umali kogona,",Mpengwa wetu amekwisha lala,general_prose
kentrans_3601,eng_Latn,rag_Latn,"Avana vadoto va saavanga ubukima, na si ha veye nomundu u VA megeranga.","Watoto wachanga waomba chakula, wala hakuna hata mmoja awamegeaye.",general_prose
luhya_multi_352_sw,swh_Latn,rag_Latn,Ulisikia ombi langu: “Usikizibie masikio yako kilio changu nikuombapo msaada.,"56 Was hulira mwoyo gwange, u ta Visa ugutu gugwo ku miyika gyange, KU lilira lyange.",Conversational
kentrans_1898,eng_Latn,rag_Latn,"Lwa maduma yaga gamera, ni gaduka ku lilia gamanya ni ganyola lyeta lihya “Embego"".","Mahindi ilipomea, ikafika wakati ya kula ilipewa jina mpya “Embego”.",general_prose
kentrans_2341,eng_Latn,rag_Latn,"Agatadza ku musalaba,",Iliyomwagika msalabani,general_prose
kentrans_3315,eng_Latn,rag_Latn,13 Hene yahoo iya sulunguta litigala,13 ndipo waliteremka mabaki,general_prose
kentrans_1690,eng_Latn,rag_Latn,Yaali nerikooti netsinguvu tsingerenganu tsiomugasa halala nevirato,Mavazi yake yalingaa pamoja naviatu vyake.,general_prose
kentrans_454,eng_Latn,rag_Latn,46. Mukali kukuba ling’al’la.,Mwanamke kupiga mbija,general_prose
kentrans_3037,eng_Latn,rag_Latn,lola liguyaguyi,Ona buibui,general_prose
kentrans_94,eng_Latn,rag_Latn,Mukunzakali kuvandu vavili yava musatsa anaho mukali mulala kuvo na kuzi utigaala uyu niye mukunzakali,"Kati ya watu wawili awe mwanaume au mwanamke,akiaga anayesalia ni mjane",general_prose
luhya_multi_112_en,eng_Latn,rag_Latn,A person can marry your wife and make Miriam as you were.,"""Omundu anyala aakhwa omukhasi wenywe akhola Miriamu nga ne mwaba.",Conversational
kentrans_641,eng_Latn,rag_Latn,"Ku Kigulu hale, musala gu ve yo,",Kwenye mlima mbali unao msalaba,general_prose
kentrans_2727,eng_Latn,rag_Latn,Muduya vakombera videte.,Kitoweo cha maharagwe kililiwa kwa kutumia vidole.,general_prose
kentrans_3449,eng_Latn,rag_Latn,Yerusalemi hagati havi u gwiyi kuli kindu ki veye nobudamano.,Yerusalemu amekuwa kati yao kama kitu kichafu.,general_prose
kentrans_1603,eng_Latn,rag_Latn,Aheene yaho vavoolerana kuli vakola.,Hapo hapo wakaambiana la kufanya.,general_prose
luhya_multi_321_sw,swh_Latn,rag_Latn,Tumetenda dhambi na kuasi nawe hujasamehe.,"42 Ku site lwako nokwebaala, ive si u sameha mba.",Conversational
kentrans_1480,eng_Latn,rag_Latn,Enzeere enyoolekanga munyanza.,Enzere(mdudu) hupatikana ziwani.,general_prose
kentrans_202,eng_Latn,rag_Latn,"Kandi vahenzelidza munyumba yalange ku ne miluka jene jovuvidi yigi, sivagwilananga ku mundu ndi vuyu avidi mba.","Tena walitafuta katika nyumba iliyokuwa na matambiko hayo ya kupaka dawa, hawakukumbilia mtu yeyote tu.",general_prose
kentrans_2197,eng_Latn,rag_Latn,"Kigiraki mwenyanga likuywa kandi, mwinye?",Kwa nini mwataka adhabu ya Mungu,general_prose
kentrans_1019,eng_Latn,rag_Latn,Nunu mu yanzanga.,Leo ninampenda.,general_prose
kentrans_1972,eng_Latn,rag_Latn,Navugiriye mavandi vatula mu muse.,Akikubali wengine wanatoka ndani,general_prose
luhya_multi_316_sw,swh_Latn,rag_Latn,Mila hii yaonekana ngumu Zaidi. Nayo ilihusisha mwanaume na mwanamke.,4. Mwima yigu gololekanga mululu ligali. Nagwo goveeye ku mu satsa nu mu kali.,Conversational
kentrans_1791,eng_Latn,rag_Latn,Mwana halikanyingi yavugulanga lyeta lya ise wa baba weve naye aligulika mwana wewe lyeta lya Ise wewe.,Mtoto mara nyingi alichukua jina la baba yake na kumpa mtoto wake jina la baba yake,general_prose
kentrans_736,eng_Latn,rag_Latn,Yesu Mwami a li himbi;,Yesu mwokozi yu karibu;,general_prose
kentrans_2819,eng_Latn,rag_Latn,Kiduku ngo! ngo! ngo!,Fuko ngo!ngo! ngo!,general_prose
kentrans_2390,eng_Latn,rag_Latn,Tovola lero liva mwoyo,Chagua leo kuishi,general_prose
kentrans_3135,eng_Latn,rag_Latn,Avasuva vasomaa vitabu,Avasuva (jamii fulani) wanasoma vitabu,general_prose
kentrans_780,eng_Latn,rag_Latn,A ii nzidzulira mwigulu.,Atanikumbuka mbinguni.,general_prose
kentrans_2610,eng_Latn,rag_Latn,Kadenyeka mugoye munda - Likukunyu,Kadenyeka amejifunga kamba tumboni -,general_prose
luhya_multi_297_en,eng_Latn,rag_Latn,A wife taking water to a pot or cooking ugali using the stones of the mother-in-law if she has not yet given birth to a male child.,35. Mukali kuhila amazi muchasiongo naho kuluga uvuchima ku mahiga ga navizala weve nakikiri kwivula ho mwana muyai.,Conversational
kentrans_3022,eng_Latn,rag_Latn,Yeyaa iyoyo yiyi,Anafagia hii yako,general_prose
kentrans_2394,eng_Latn,rag_Latn,Vandu valeki Nyasaye wavo,Watu wamemuasi Mungu,general_prose
luhya_multi_42_sw,swh_Latn,rag_Latn,”Hawana msimamo Aniiogoke,"""Avaveeye Evologovo Aniigoke",Conversational
kentrans_419,eng_Latn,rag_Latn,Musigali uyu niye walondanga ku vana venyekanga vatsie kosoma.,Askari huyu ndiye aliyewasanya watoto ambao walitakikana kusoma,general_prose
kentrans_1831,eng_Latn,rag_Latn,Avana vakana vali vanyala kwiyunga halala vatsia kukalaga umunyu.,Wasichana wangeweza kujiunga pamoja ili kutafuta kilichotumika kama chumvi ya zamani.,general_prose
luhya_multi_252_sw,swh_Latn,rag_Latn,Isipokuwa umetukataa kabisa; Una hasira nyingi sana juu yetu.,22 Navutswa u kusuye ligali u veye nobutima bunene ku kwinye.,Conversational
kentrans_2032,eng_Latn,rag_Latn,Yalila eloi eloi,Alilia eloi eloi,general_prose
kentrans_3374,eng_Latn,rag_Latn,"3 Mu hulire, Omwinye avami; mu lilye mu Israeli,",Sikieni enyi wafalme;sikieni Israeli,general_prose
kentrans_3683,eng_Latn,rag_Latn,"Hakekeke, kisungura chatsa nikiduka ha kiliango.","Muda mfupi, sungura alifika kwa mlango wa pango",general_prose
kentrans_2444,eng_Latn,rag_Latn,Umwoyo gwo bwimani nogwo vuviti,Moyo wa uchoyo ni mapito,general_prose
kentrans_1519,eng_Latn,rag_Latn,HEART,MOYO,general_prose
luhya_multi_228_sw,swh_Latn,rag_Latn,Ameniongoza na kuniendesha katika giza wala si katika nuru.,"2 Ya nzimirira nokungendidza mukisundi, si mwa li mu bulavu.",Conversational
kentrans_2734,eng_Latn,rag_Latn,Oh!govodongana kuli mupira,Mwezi huu unazunguka kama mpira.,general_prose
kentrans_3108,eng_Latn,rag_Latn,Vadeka madede na madeede,Walipika debe nyingi,general_prose
kentrans_3238,eng_Latn,rag_Latn,Musa akubaanga egengere.,Musa anagonga kengele.,general_prose
kentrans_428,eng_Latn,rag_Latn,Ku lwayago tsisikulu mu madala tsyalange hali kaviri,Kulikuwa na aina mbili ya shule mle vijijini.,general_prose
kentrans_982,eng_Latn,rag_Latn,Ni wi wa khudzera ive?,Ni nani aliyekufia?,general_prose
luhya_multi_163_en,eng_Latn,rag_Latn,11. A man sweeping the house when his wife is present.,11. Musatsa kweya munyumba mukali weve naveeyeho. !,Conversational
luhya_multi_122_sw,swh_Latn,rag_Latn,Mume wa pili huyo pia.,"""Omuseecha owe khabili oyo yesi.",Conversational
kentrans_3655,eng_Latn,rag_Latn,Kigira uluya lwenzala lusambanga.,Kwa sababu ya njaa ituteketezao.,general_prose
luhya_multi_306_sw,swh_Latn,rag_Latn,"Amechakaza nyama yangu na ngozi yangu, amevunja mifupa yangu.","4 U koli inyama yange neligodo lyange kuva vikulu, u vunanyi vigumba vyange.",Conversational
luhya_multi_350_sw,swh_Latn,rag_Latn,"maji yalifunika juu ya kichwa changu, nami nikafikiri nilikuwa karibu kukatiliwa.","54 Amadzi ga viti igulu womutwe gwange, Nda vola, mmali kuheridzwa.",Conversational
kentrans_1781,eng_Latn,rag_Latn,Mundu kuli mwene uyu namanyikani lyeta lilye lyamanya lihebwa mwana mwene uyu.,Mtu kama Yule angejulikana jina lake lilipewa Yule mtoto,general_prose
luhya_multi_107_sw,swh_Latn,rag_Latn,KUKU WANGU,ENGOKO YANGE.,Conversational
kentrans_1955,eng_Latn,rag_Latn,Mulala ku mikinu yiji gwali kusindana kulwana kwa vayai.,Moja wapo ya michezo hii ilikuwa kupigana kwa wavulana.,general_prose
kentrans_3610,eng_Latn,rag_Latn,9 Yavo aviitangwa nekivavi vaveye bulahi kuvita avenzala yitanga.,Heri wale waliouawa kwa upanga kuliko wao waliouawa kwa njaa.,general_prose
kentrans_2486,eng_Latn,rag_Latn,Yesu yazanga bwangu ligali,Yesu yuaja hivi punda,general_prose
luhya_multi_17_sw,swh_Latn,rag_Latn,Vyote hivi hugonjeka wakati mvua inapotaka kunyesha lakini kuna ndege iitwayo ITSIMILI ambalo ikifika saa tatu asubuhi huja pamoja na kuimba kwa hivyo maji hurudi na umande hurudi kwa wingi,". Vyosi ndio vilwala ku imbula ikuba anaho kandi amanyonyi gavalanga ITSIMILI niduka mutsisaa tsivaga tsio mugamba, gavungananga halala mukekonya nigimba, imbula niyavita, imbula imanya ikuba.Kandi imigera jitange kusinuka amatsi, iliime liva ilinyingi kuvulimu",Conversational
kentrans_550,eng_Latn,rag_Latn,3. Kutsia ahavandu vahuulanga ovolo nivatangi lihuula nutavee.,3. Kwenda mahali watu wanatwanga mtama usipokuwa na shughuli nao.,general_prose
kentrans_2987,eng_Latn,rag_Latn,Luvivu,Reki,general_prose
kentrans_391,eng_Latn,rag_Latn,Gwalange umujiru umunene ku mkali kusingila naho ukuvida.,Ilikuwa ni mwiko kwa mwanamke kuongoza tambiko na hata kutakasa.,general_prose
kentrans_2859,eng_Latn,rag_Latn,Kutula vukulu na vozele Andimi ilingana akevanga avana veve avikula mmakula ma avaalukiza muvuyanzi naavasavira izingavi nuvugaasu.,Andimi alikuwa akiwapasha tohara watoto wake kwa marika kasha kuwakuza kwa furaha huku akiwatakia mema na kuwaachia Baraka,general_prose
kentrans_1097,eng_Latn,rag_Latn,Vindu vilahi vyosi vya wa va ha;,umetupatia kila kitu kizuri,general_prose
luhya_multi_168_sw,swh_Latn,rag_Latn,"Ameupinda upinde wake, Na kinifanya niwe shabaha kwa mshale.","12 U nyiye buta bwibwe, nokuvika inze kuva kyokusera KU kyombano.",Conversational
luhya_multi_384_en,eng_Latn,rag_Latn,beeswax,ihula,Dictionary
kentrans_3141,eng_Latn,rag_Latn,Wahulira kuli Avalogooli vaaduka Ivulaya ?,Umewahi sikia jinsi Wamalagoli walifika Ulaya?,general_prose
kentrans_3409,eng_Latn,rag_Latn,Mu vosi avayanze veve savaveye nomulala u mleminya mwoyo; Avalina veve vosi vamukoleye agobugadi; vagwiye avasigu veve.,Kwa wote wapendwa wake hakuna mmoja anayeupendeza moyo wake; Rafiki zake wote ni waongo; wamekua maadui zake.,general_prose
luhya_multi_355_sw,swh_Latn,rag_Latn,"Umeona, Ee Bwana, ubaya niliotendewa. Tetea shauri langu!","59 O Yahova, u Loli likolerwa lidamano lyange, kalaga likuva lyange.",Conversational
luhya_multi_248_en,eng_Latn,rag_Latn,A wife who is still a guest going to the kitchen at her in-laws.,21. Mukali ukikiri mwiha kutsia ivwasi wa navizala.,Conversational
luhya_multi_86_sw,swh_Latn,rag_Latn,Ukiwa unavuna vyakul vyako kutoka kwa shamba kisha usahau vingine ambavyo ulivuna usirudi huko kuchukua.,“Ne okesa biakhulia biowo khukhwama mu mukuunda mala wibilile bilala nibio okesile okhakobolayo khu bukula tawe.,Conversational
kentrans_2329,eng_Latn,rag_Latn,Kung'ereng'ana mbulavu.,Tuangaze katika nuru ya Bwana,general_prose
kentrans_3615,eng_Latn,rag_Latn,U fwani mulilu muzioni nagwo gusambi mise gyigye.,Naye amewasha moto katika Sayuni ulioteketeza misingi yake.,general_prose
kentrans_2899,eng_Latn,rag_Latn,"Akaana kalala kavugula logembe nikatanga kukinira, Kamanya nikagotitsa.","Kitoto kimoja kilichukua wembe kikaanza kuchezea,mwishowe kilipoteza.",general_prose
luhya_multi_354_en,eng_Latn,rag_Latn,"O Lord, you took up my cause, you redeemed my life.","58 O Yahova, u Veri amakuva go mwoyo gwang, u tungiye livamwoyo lyange.",Conversational
luhya_multi_103_sw,swh_Latn,rag_Latn,"""Nyasi zimemea karibu na nyumba"".",“Nyumba yayi nyumbila”.,Conversational
kentrans_854,eng_Latn,rag_Latn,Lwa ku la vugana mwigulu,Tutakapo kutana mbinguni,general_prose
kentrans_846,eng_Latn,rag_Latn,Buyanzi bunene,Furaha kuu,general_prose
kentrans_2189,eng_Latn,rag_Latn,Navuza valala vamali kwebala kuye.,Ila baadhi yetu tumemuasi,general_prose
kentrans_2595,eng_Latn,rag_Latn,Cha vakeere vatalitsa mu manyonyi - Emondo,Kile wanawake hawali kwa ndege -Firigisi,general_prose
luhya_multi_358_en,eng_Latn,rag_Latn,"In the days of Shamgar son from Zebulun, he captured them","6 Mu madiku ga Shamigari mwana Nokutwula Zebuloni, ava guni",Conversational
kentrans_2759,eng_Latn,rag_Latn,"Gali ga linda,kandigali ga Linda",Ilikuwa yaa linda nasema tena ilikuwa ya Linda,general_prose
kentrans_1450,eng_Latn,rag_Latn,Unyala kololaki mukisundi?,Unaweza ukaona nini gizani?,general_prose
luhya_multi_250_sw,swh_Latn,rag_Latn,"Uovu wako umetimia, Eee binti Sayuni, hatakuhamisha tena.","22 Lihebwa mageli lyo budamano bubwo bu duki, O mukana wa Zioni si alakuhila Kandi mulyadikidzwa.",Conversational
kentrans_462,eng_Latn,rag_Latn,Lwaasimula mukali uyu avuli kuva naaveeyeho.,Akianza shughuli hizo mke huyo hafai kuwapo.,general_prose
kentrans_494,eng_Latn,rag_Latn,Avandu veve vamuhenzanga kolola niva udukani kutula mu likunzakala.,Watu wake walikuwa wakimuangalia kuona iwapo amefikia kutoka katika ujane.,general_prose
luhya_multi_38_sw,swh_Latn,rag_Latn,"Ama ng'ombe ameanguka kwa njia, usiwache kumsaidia.",""" namwe ekhaafu yakwile khu ngila,okhalekha khumuyeeta tawe.",Conversational
kentrans_1102,eng_Latn,rag_Latn,Yenya kukonya vandu voosi—ninze.,Yu tayari kuokoa wote – hata nami,general_prose
kentrans_2557,eng_Latn,rag_Latn,".Kidaho change kigetsa amatsi dave - Kukutsaa, kulitsaa",Mto wangu haupungui maji -Kifo kipo,general_prose
kentrans_377,eng_Latn,rag_Latn,Manyima isungi naho luvuva lwo mwana agonamu lwa lwadika ma omwana inyima yivulwa.,mwishowe mbeleko anamolala mtoto tumboni hupasuka na koyoa fursa kwa mtoto kuzaliwa.,general_prose
kentrans_771,eng_Latn,rag_Latn,Yesu u nyanza,Yesu anipenda,general_prose
kentrans_615,eng_Latn,rag_Latn,Si ha li wundi mulungi,Hakukuwepo na mwingine mzuri,general_prose
kentrans_306,eng_Latn,rag_Latn,Navutswa ihili yo mwana mkana naho mundu mukali yanguha kufa vwangu kuli umweli gutsitsa anaho gutula nivwenya kucha naho gutula hamugolova ma gwanguha kugwa imadioli naho Munyanza,Ilhali ukoo wa msichana au mwanamke hufifia haraka kama mwezi unaoenda au unaotokea kunapopambazuka ama unaotokezea jioni kwa muda mchache tu kisha unapotelea magharibi ama kwa ziwa,general_prose
kentrans_837,eng_Latn,rag_Latn,"Gehaana ni gerwa khulwefwe,","Alikufa kwa ajili ya dhambi zetu,",general_prose
kentrans_853,eng_Latn,rag_Latn,Ya lira kigira inze.,Alilia kwa ajili yangu.,general_prose
kentrans_1427,eng_Latn,rag_Latn,Nikutaaga matunda kulakoleraki?,Tukipanda matunda nini itafanyika?,general_prose
kentrans_1075,eng_Latn,rag_Latn,Voosi va sigame mbiri ntebe yo,Wanakutolea shukrani zao,general_prose
kentrans_3345,eng_Latn,rag_Latn,18 Na Jaeli ya vika mmkono gugwo.,Na Jaeli aliweka mkono wako,general_prose
kentrans_1375,eng_Latn,rag_Latn,Yadza ku mbonnya;,Alifika kuniokoa,general_prose
kentrans_1318,eng_Latn,rag_Latn,Na a yanzidza Nyasaye.,Akawa wa kumpendeza Mungu,general_prose
kentrans_3245,eng_Latn,rag_Latn,Niwumika yigulu mukisundi ulolaki?,Ukiangalia juu wakati wa giza ni nini unaona?,general_prose
kentrans_97,eng_Latn,rag_Latn,"Kyiche hagati,oyo ukwingila mumyumba yo undi oyo ukuvita kutsingutsa tsiaatagwa, iliungu,oyo okoleetana no undi kuli mukali no musatsa,oyo ukuliila amaveele gi kimuga ago mutende,oyo ukwaanzala mullu munyumba yo mutende, no kusava undi inguvu yokogeendela ku","Hakuweza: kuingia kwa nyumba ya mtu mwingine,kupita kando ya mboga zilizopandwa na malenge,kuoleka wala kuoa tena,kutumia maziwa mala,kupalia moto kwa jirani na hata kuomba nguo",general_prose
kentrans_3488,eng_Latn,rag_Latn,Kwani wewe na vanene veve VA veye mu tsihiiri tyelilaga li ta veye mutsyo.,Mfalme wake na wakuu wake wanakaa Kati ya mataifa wasio na sharia.,general_prose
kentrans_1139,eng_Latn,rag_Latn,Lutwulanga mwigulu;,Utokao mbinguni,general_prose
kentrans_875,eng_Latn,rag_Latn,"Ni Yesu, Ni Yesu.’","Ni Yesu,Ni Yesu.",general_prose
kentrans_2904,eng_Latn,rag_Latn,"Lwe liive liahulira ndio, liasinyika niliekuba ku mwana we engoko puu.","Mwewe aliposikia hayo, alikasirika na kuchupia motto wa kuku pu!",general_prose
kentrans_2752,eng_Latn,rag_Latn,Mwana wa mbiri,Kifungua mimba.,general_prose
kentrans_1978,eng_Latn,rag_Latn,"Losoma lwa tuulanga avingi, yilwo lwirananga yengo no lusuma lwe liguyta.","Ukoo uliotoa wengi ,ndio unaorudi nyumbani na ushindi .",general_prose
kentrans_2862,eng_Latn,rag_Latn,"Avandi navo vatevananga vuki sikolohola amagaasu mu miima ja vaguuga kandi kolole amagaasu mu miima ja kalunu ma kugazuganyie halala, gave nigo aga kwumbakira uluhya",Wengine walikuwa na maoni ya kwamba tuchukue miila na desturi za kale tuchanganye na za hivi sasa na mwishowe kuanza kujijenga upya na waliyoyapata,general_prose
kentrans_3484,eng_Latn,rag_Latn,8 Yahova u saaviye kwononnya lidigi lyomukana wa Zioni.,Bwana amekusudia kuuharibu Ukuta wa binti Sayuni.,general_prose
kentrans_1141,eng_Latn,rag_Latn,No lwimbu lwo buyanzi.,Ni wimbo wa furaha,general_prose
kentrans_2436,eng_Latn,rag_Latn,Usandize Yahova ku vindu vyosi,Shukuru Mungu kwa kila kitu,general_prose
kentrans_2614,eng_Latn,rag_Latn,Mwana akwingiritsa mama weve Naakiri - Evembe,Mtoto anakaribisha mamake akiwa bado mdogo -Nyasi ya kujengea O: Ndatsia wa senge kwagana na vana Veve - Evembe Nlienda kwa shangazi kukutana na wanawe -Nyasi ya kujengea,general_prose
kentrans_2022,eng_Latn,rag_Latn,Komenye ne mirembe mu Yesu Kristo,Tuishi kwa amani ndani ya Yesu Kristo.,general_prose
kentrans_1861,eng_Latn,rag_Latn,Na vakana navo vanyola kindu cha vavitira mu kumanyia na valuviriri.,Na wasichana nao walikuwa na kitu walichokuwa wakipitia ndani kuonyesha ni wajasiri.,general_prose
kentrans_1068,eng_Latn,rag_Latn,Khandi hali nuvuyanzi halala no Mwami.,Tena ana furaha pamoja na Bwana.,general_prose
kentrans_2542,eng_Latn,rag_Latn,Chamanyia musungu kwivika Ekofia- Liuva,Imemfunza mzungu kuvaa kofia - Jua,general_prose
kentrans_294,eng_Latn,rag_Latn,Musa wa kale yatsitsa ku kigulu kva ovogeri na lisaala lilye lihuliki kandi Yesu yanigila mukigulu ne viduma vinene wigulu kya Sinai ukutsia kuteva Nyasaye amuhe amulonda.,Musa wa zamani alikuwa akienda juu ya mlima wa hekima na maombi yake yanasikika na pia Yesu alikuwa akipanda juu mlimani na makundi makubwa katika mlima wa Sinai na kuomba Mungu ampe msaidizi.,general_prose
kentrans_3363,eng_Latn,rag_Latn,14 Na Debora ya volera,Na Debora akamwambia,general_prose
kentrans_3563,eng_Latn,rag_Latn,35 Ku kyaminya ubulungi bwomundu imbiri womumoni mwa uyu uveye igulu ligali.,Kumnyima mtu haki zake mbele za Aliye Juu Sana.,general_prose
kentrans_2527,eng_Latn,rag_Latn,Guku mumwamu -Ameyo,Nyanya mchafu -Kifagio,general_prose
kentrans_2565,eng_Latn,rag_Latn,Kwagani na senge adegera vutswa - Iswa,Tumekutana na shangazi anatetemeka tu -Kumbekumbe,general_prose
luhya_multi_149_en,eng_Latn,rag_Latn,Our skin is black like coal.,10 Ligodo lyetu li veye limwamu kuli amahiga.,Conversational
luhya_multi_374_sw,swh_Latn,rag_Latn,"Na mimi nakusongezea, nakumshtua Jaeli mke wa Heberi Mukeni; ya kishon, Sisera, mkubwa wa vita kwa sabasbu hakukuwa na amani kati ya Jabin pamoja na magari yake labda Jabin mkuu wa Hazuru, na nyumba nyingi za watu wake; nilmpa Heberi Mukeni.","7 Na inze nda ku sundira, ha mugera Jaeli mukali wa Heberi Mukeni;gwa Kishon, Sisera,munene welihe kigira ha li nemirembe hagati ha lya Jabin, halala na magari gege nobu-Jabin mwami wa Hazoru,nenyumba nyingi bwavandu veve;nan da mu ya Heberi Mukeni.",Conversational
luhya_multi_44_sw,swh_Latn,rag_Latn,Watu wawili tena yatima usichukue ndugu yake ikiwa waliishi pamoja.,“Babaandu babili lundi bafuubi okhabukla wandaaye ne bamenya alala.,Conversational
luhya_multi_380_sw,swh_Latn,rag_Latn,Ulisoma hadithi ya msalabani,75 WA SOMA LUGANO LWO MUSALA,Conversational
kentrans_1671,eng_Latn,rag_Latn,Kale yaaliho mukeere mulala waali nakaana kakaana.,Hapo zamani za kale palikuwepo na mama mmoja na mtoto wake msichana,general_prose
kentrans_1912,eng_Latn,rag_Latn,Avasakulu voluhya vikalanga halala ma vavola venyanga kolomba kivala keve kilahi avandu vadamanu vamanyekane.,Wazee wa jamii walikuwa wakikaa kwa nia ya kutakasa nchi yao kwa kuwatambua watu wabaya.,general_prose
kentrans_1032,eng_Latn,rag_Latn,KHU MUSALABA KHU GA FWIRA,MSALABANI ALIPOFIA,general_prose
kentrans_287,eng_Latn,rag_Latn,Mu ing'inga umukali uyu yamanya aveleka ahelitsa umwana.,Wakati mke huyu angepata uja uzito.,general_prose
kentrans_2506,eng_Latn,rag_Latn,"Waleganyia omwami - Injene, Inda",Umeaibisha mfalme -Uja uzito,general_prose
kentrans_1590,eng_Latn,rag_Latn,3. Nivaaha vingira mukidioli chiche?,Kina nani waliingia chumbani mwa nyanya?,general_prose
kentrans_1545,eng_Latn,rag_Latn,Mundu uyu yahenza yigulu maniyiduya ekeno.,Huyu mgeni alingalia juu angani na akajikwaa kidole chake cha mguu.,general_prose
kentrans_445,eng_Latn,rag_Latn,37. Kotema no kutazitsa wundi logoma.,Kumkata na kumtoa mtu damu,general_prose
kentrans_1106,eng_Latn,rag_Latn,"Uguuti vyosidza, Udze ku kwameha Muhindiri.","Juu ya yote, njoo ututawale",general_prose
luhya_multi_281_en,eng_Latn,rag_Latn,A widow or widower who died before starting to cry for the deceased performed the ritual.,"3. Inyinga yosi yo mukunzakali yenyanga kwikula, yatanganga kotemela.",Conversational
luhya_multi_94_sw,swh_Latn,rag_Latn,"Ikiwa ulimkopesha mwenzako kitu,usiende kwa nyumba ukachukua kitu cha kushikilia deni lake.","“Ne wikopia owasio sisiindu, okhacha munju mwewe wabukula sisiindu sie khuambilila likobi liewe.",Conversational
luhya_multi_131_sw,swh_Latn,rag_Latn,"""Mola ampokee mahali pema""","""Wele khabhumbi amwakanile abhundu alayi""",Conversational
kentrans_91,eng_Latn,rag_Latn,Uluswa umukali ugimiyi umusatsa wewe kuvusatsa nivasolananga kandi gadukana akungwi ahayatsia mulukali,Mwanamke anayeguza mumewe sehemu ya siri wanapozozana anafaa kufukuzwa alikooleka,general_prose
kentrans_1517,eng_Latn,rag_Latn,Lugembe luveeye navuguliki?,Bei ya wembe ni nini?,general_prose
luhya_multi_17_en,eng_Latn,rag_Latn,"All these get sick when rain wants to fall, but there is a bird called ITSIMILI which when it arrives at 3 o'clock in the morning comes singing, so water returns and dew returns abundantly.",". Vyosi ndio vilwala ku imbula ikuba anaho kandi amanyonyi gavalanga ITSIMILI niduka mutsisaa tsivaga tsio mugamba, gavungananga halala mukekonya nigimba, imbula niyavita, imbula imanya ikuba.Kandi imigera jitange kusinuka amatsi, iliime liva ilinyingi kuvulimu",Conversational
kentrans_100,eng_Latn,rag_Latn,"Mmugitsi usimiki no musuunzu,tusioola(lwuuvu)mutiva na mugumu",Kwa boma panda miti yenye umuhimu.,general_prose
luhya_multi_146_sw,swh_Latn,rag_Latn,Huburudisha,1.Kuyanzitsa avana.,Conversational
luhya_multi_308_sw,swh_Latn,rag_Latn,Tunakunywa maji tununuayo kwa fedha.,4 Ku nwedzanga amadzi getu ga kugulanga na ifetha.,Conversational
kentrans_1225,eng_Latn,rag_Latn,Nyasaye Muhonyi wetu.,Mungu Mwokozi wetu,general_prose
kentrans_1833,eng_Latn,rag_Latn,Vakalaganga ilise lyo mukivanda ma vasamba umunyu.,Walikuwa wakikata nyasi zinazopatikana mtoni na kuchoma ili kupata chumvi hiyo ya zamani.,general_prose
kentrans_2116,eng_Latn,rag_Latn,Uyu uyanzanga ivyelilova.,Wewe mpenda dunia,general_prose
kentrans_1217,eng_Latn,rag_Latn,Na kuli likulu.,Kama njiwa atawale,general_prose
kentrans_207,eng_Latn,rag_Latn,Umbidi uyu siyalange hasi he mihiga 55 dave.,Mtu huyu wa kutibu hakuwa chini ya umri wa miaka 55.,general_prose
kentrans_138,eng_Latn,rag_Latn,"Nigatali ndio dave, amanya ahana tsimoni maavula kunia mavi.","kama si hivo, angetoa macho na kuangali alafu anakosa kunai mavi",general_prose
kentrans_423,eng_Latn,rag_Latn,. Lise mu vivanda lyali linene lyene,Mito ilikuwa na nyasi kubwa kubwa.,general_prose
kentrans_493,eng_Latn,rag_Latn,Mundu yamenyanga mu likunzakalitswa amadiku manyingi.,Mtu ameishi katika ujane siku nyingi.,general_prose
kentrans_33,eng_Latn,rag_Latn,Nadya kuvuyaro wi chogo,Alikwenda kushtaki kwa Chogo,general_prose
kentrans_3228,eng_Latn,rag_Latn,Ingugi ininaa kumisaala.,Tumbiri hupanda kwa miti.,general_prose
kentrans_3487,eng_Latn,rag_Latn,9 Viribwa vivye vya sikira hasi ya dividza nokuvunanya miluguyu gyavyo.,Malango yake yamezama katika nchi; Ameyaharibu makomeo yake na kuyavunja.,general_prose
kentrans_859,eng_Latn,rag_Latn,"Ni Yesu,Ni Yesu.","Ni Yesu,Ni Yesu.",general_prose
luhya_multi_325_sw,swh_Latn,rag_Latn,"Unajifunika mwenyewe kwa wingu, ili pasiwe na ombi litakaloweza kupenya.","44 Wekuniki nelilesi, lisaala lyetu li vule kuvita.",Conversational
kentrans_1658,eng_Latn,rag_Latn,"Lwayaginga litimu yigulu, muyayi mulala mukiduma yaabivuka niyiiruka","Alipoinua panga juu, kijana mmoja kutoka kwenye umati alikimbia",general_prose
kentrans_66,eng_Latn,rag_Latn,Guga Amwavo guga wovo umulanganga kandi guga.,Ndugu ya babu yako unamuita pia babu.,general_prose
kentrans_232,eng_Latn,rag_Latn,"Lifananyia lie LIUVA liveye kuli Nyasaye yalomba kutanga umundu Musatsa Adamu, yaga agamanyia ILIUVA niye musatsa wo Mweli guvalanga vudiku yigu.","Kufananisha kwa jua ni kama vile Mungu aliumba kwanza mwanaume Adamu, hii ikionyesha kwamba jua ndiye bwana wa huu mwezi unaoangaza usiku.",general_prose
kentrans_1568,eng_Latn,rag_Latn,MUKEERE NAVAANA VEEVE,MAMA NA WATOTO WAKE,general_prose
kentrans_2577,eng_Latn,rag_Latn,Cha vine chikaye ku cha vine kihigira cha vine - Kibusi (Kibaga),Cha miguu mine kimeketi kwa cha miguu mine kinasubiri cha miguu minne -Paka,general_prose
kentrans_387,eng_Latn,rag_Latn,"Nyasaye niva yali yasula naho ikindu ikyoneka ku mugitsi yigu, mavalombe ne miluka yigi Nyasaye naho Mis ambwa jamanya gyisamiha umugitsi gwene yigu. .","Iwapo Mungu alikataa ama iwapo kitu kibaya kilitokea kwenye familia husika, kasha watakaswe kwa tambiko, Mungu au miungu wangewasamehe familia hii",general_prose
kentrans_565,eng_Latn,rag_Latn,utánge kolola mulwaye ku inyima utsie kolola mukuzu.,Umwone mgonjwa kwanza kabla ya mfu.,general_prose
luhya_multi_125_en,eng_Latn,rag_Latn,"No, you will get used to it, we were also like that when we came, nowadays we just pass by like a king walking among his sheep.",“Tawe olanala. Fwesi khali khurio nikhushiitsa. Leelo khubisianinjia butswa shinga omwami nachenda mwituuli liamakondike”,Conversational
kentrans_709,eng_Latn,rag_Latn,Ku yavo vomusalaba,Kwa hao wenye msalaba,general_prose
kentrans_944,eng_Latn,rag_Latn,"U khonye. Yesu, khutsantaslikha","Unisaidie. Yesu, nijazwe na furaha",general_prose
kentrans_2525,eng_Latn,rag_Latn,Chitunga ni chegovola - Libwoni,Akimeza inamnyonga -Kiazi,general_prose
kentrans_3381,eng_Latn,rag_Latn,"4 Yahova, Iwa ive u twula mu Seiru ,lilyo , umwana wa Abinoam.Lwa u genda kutwula mu mulimi 13 Hene yahoo iya sulunguta litigala",4 Bwana ulipotoka katika Seiru yako wewe mtoto wa Abinoam. unapotembea kutoka kwa shamba,general_prose
kentrans_3423,eng_Latn,rag_Latn,"Yee, akenyanga, nokwegirunkanya a tsie inyima.",Yeye mwenyewe anapiga kite na kugeukia mbali.,general_prose
kentrans_777,eng_Latn,rag_Latn,Yesu u nyanza: niye yesi,Yesu anipenda: ndiye pia,general_prose
kentrans_1090,eng_Latn,rag_Latn,Kandi wa lomba vandu voosi—ninze.,Ukatuumba sisi wanadamu – hata nami,general_prose
kentrans_3016,eng_Latn,rag_Latn,Yee,Ndio,general_prose
kentrans_3474,eng_Latn,rag_Latn,Mu lihema lyomukana was Zioni u tsuki ubutima bwibwe kuli muliru.,Katika hema ya binti Sayuni Amemimina kani yake kama moto.,general_prose
kentrans_1473,eng_Latn,rag_Latn,Mundu uyu akuyaa enzoka.,Mtu huyu humpiga nyoka.,general_prose
kentrans_2575,eng_Latn,rag_Latn,Guku ahiza madako - Kifuria/Inyingu,Nyanya anachomeka makalio -Sufuria/nyungu,general_prose
kentrans_3517,eng_Latn,rag_Latn,19 Vuka u kupe lwanga mbudiku mu litanga lyobulindi.,"Amka ulalamike usiku, Mwanzo wa kukesha kwake.",general_prose
kentrans_3581,eng_Latn,rag_Latn,"53 VA twulizi livamwoyo lyange mu inyumba ya hasi ligali, va teye ligina ku inze.",Walijaribu kukomesha maisha yangu ndani ya shimo na kunitupia mawe,general_prose
kentrans_47,eng_Latn,rag_Latn,Wivula Mwana Muyai,Ulizaa mtoto mvulana,general_prose
kentrans_3257,eng_Latn,rag_Latn,DIEGU NU MWANA,NDIEGU NA MTOTO,general_prose
kentrans_8,eng_Latn,rag_Latn,Aki niwakuba urukwiri,Mbona hukupiga nduru,general_prose
kentrans_1710,eng_Latn,rag_Latn,"Yaavoola, ""Nyasaye alamba tsingulu kwita Mufirisitia uyu.""","Alisema, “Mungu atanipa nguvu kuua Mfilisti huyu.”",general_prose
kentrans_457,eng_Latn,rag_Latn,"Ing'inga ya malwa getsinduhu, mbotso musatsa wakuza, yaninanga kunyumba inachamugitsi vulungi maatanga kwiha kesegese nakuba ikwiri.","Nyakati za pombe ya tambiko, dada ya mume aliyeaga alikuwa akipanda juu ya nyumba na kunanza kung’oa paa huku akipiga nduru.",general_prose
kentrans_2632,eng_Latn,rag_Latn,LIROVA,ULIMWENGU,general_prose
kentrans_2972,eng_Latn,rag_Latn,Ole lirere lirala,Uone kipaza sauti kimoja,general_prose
kentrans_2696,eng_Latn,rag_Latn,Woo ohaa!niinze Lledi,Woo ohaa!ni mimi Lledi,general_prose
luhya_multi_9_en,eng_Latn,rag_Latn,VILLAGE: TINGOLO,. LUKONGO: TINGOLO,Conversational
kentrans_366,eng_Latn,rag_Latn,Kandi tsindege sitsivita hagati he inyanza mba.,Tena ndege hazipiti katikati ya bahari.,general_prose
kentrans_1879,eng_Latn,rag_Latn,"Hi, ma vagenda nu mwana weve.","Ndio, huwa wanatembea na mtoto wake.",general_prose
luhya_multi_194_en,eng_Latn,rag_Latn,"I weep for these things; my eye, my eye runs down with water.","16 Inze ndiranga kigira vindu yivi, imoni yange, imoni yange, yidoolanga amadzi.",Conversational
kentrans_2738,eng_Latn,rag_Latn,Amugovolio:mamyi kusia mba.,Amugovolio :sijui kusiaga.,general_prose
kentrans_273,eng_Latn,rag_Latn,Umundu mkali yamanya umulina weve wahimbi na Umwami wewe no mweli gwaka vudiku yigu.,Mwanamke alijua rafiki yake wa karibu na Mwokozi wake na mwezi uwakao usiku huo.,general_prose
kentrans_1105,eng_Latn,rag_Latn,"Kwidzominya, Dada wobukumi,","Twatukuza, baba mwenye enzi",general_prose
luhya_multi_114_sw,swh_Latn,rag_Latn,mtu yeyote anayekubali hongo kuwa yawe hivyo.,"""Omundu yesi yesi ofukiilila asoya bali ""Kabe kario.",Conversational
kentrans_1399,eng_Latn,rag_Latn,Ya letera amakuva amalahi gobuyanzi.,"“Duniani salama, Kwa wa kosa rehema",general_prose
luhya_multi_19_sw,swh_Latn,rag_Latn,Indede wetu furahi ndipo wageni wafurahi x2,.Indede wefwe sangala kho abakeni basangale x2,Conversational
kentrans_774,eng_Latn,rag_Latn,"Fwesi okho khusigula,","Ili sote tuokolewe,",general_prose
kentrans_2302,eng_Latn,rag_Latn,"Vutaloleka imbiri wa nyasaye,",Muwe safi mbele za Mungu,general_prose
kentrans_784,eng_Latn,rag_Latn,Ala khu khonya ligali.,Atatusaidia kabisa.,general_prose
kentrans_767,eng_Latn,rag_Latn,Avana vadidi avave,Watoto wadogo wake,general_prose
luhya_multi_189_en,eng_Latn,rag_Latn,The joy of our hearts has ceased.,15 Ubuyanzi bwo mwoyo getu bufweye.,Conversational
kentrans_3147,eng_Latn,rag_Latn,Ukole kuli navo vaakola,Ufanye jinsi walivyofanya wao.,general_prose
kentrans_1494,eng_Latn,rag_Latn,Kandi yamugesera amavere nigavunga.,Tena akamuvunia mtama ikajaa.,general_prose
kentrans_2650,eng_Latn,rag_Latn,Mangusanguse,Nitakutingiza,general_prose
kentrans_2351,eng_Latn,rag_Latn,Mbeye igulu kandi mbeye hasi,Niko mbinguni na duniani,general_prose
luhya_multi_90_sw,swh_Latn,rag_Latn,"Nikushuhudie nini? Nikufananishe na nini, Ee Binti Yerusalemu?","13 Nku lolekidzira kindu ki, Nda fwanannya na kindu ki ive, o mukana wa Yerusalemi?",Conversational
luhya_multi_308_en,eng_Latn,rag_Latn,We drink water that we buy with money.,4 Ku nwedzanga amadzi getu ga kugulanga na ifetha.,Conversational
kentrans_3052,eng_Latn,rag_Latn,Uyu yanuuna inuuniru,Huyu alinyonya nyonyo.,general_prose
kentrans_2779,eng_Latn,rag_Latn,"Libwoni sambe,kohe mwana",Mtoto apewe viazi vilivyochomwa,general_prose
kentrans_588,eng_Latn,rag_Latn,Inyumba ya matava yang'anywangwa lwene nu lwene yilwo.,jamii ya nyumba mllikotekea maovu walilazimika kuhama punde baada ya tambiko kufanya na kuiache mahame.,general_prose
kentrans_2980,eng_Latn,rag_Latn,Lea alolaa liiru lira,Lea anaona lile goti.,general_prose
kentrans_2354,eng_Latn,rag_Latn,Okolanga kehenyehenye,Wewe uliye na kiburi,general_prose
kentrans_142,eng_Latn,rag_Latn,"Kunimuloli itsimbala yitsi mulilanga lilahi ni (INGULIKWA) nitsifanani no mundu wa mumulangalanga uyu amanya aseka, ania ahenza ma kandi akiling'ana ukulila.","kwa hivyo mkiona alama hizo kwa kuitwa vizuri ( kupewa jina) zikifanana na mtu ambaye munaitaita huyo huwa ancheka, anakunia anaangalia na pia anaacha kulia",general_prose
kentrans_124,eng_Latn,rag_Latn,Ave umusatsa uguuta inzala ivuli kuduka kuye navandu veve.,Awe mume ashindae njaa isije kumdhuru yeye pamoja na familia yake.,general_prose
kentrans_1109,eng_Latn,rag_Latn,Kandi mang’ana go: Leta butakatifu ku voosi.,"zako habari njema, ulete utukufu kwa wote",general_prose
kentrans_131,eng_Latn,rag_Latn,Soma zaburi 15:2 kandi soma Yohana 15: 1-3,Sama Zaburi 15:2 na usome pia Yohana 15:1-3,general_prose
kentrans_2864,eng_Latn,rag_Latn,Mirembe vaamitu,Salamu kwa watoto wetu,general_prose
kentrans_706,eng_Latn,rag_Latn,Buyanzi bwa hasi;,Furaha ya chini,general_prose
kentrans_868,eng_Latn,rag_Latn,Wina wa lomba inzira yavo?,Ni nani aliyetengeneza njia yao?,general_prose
kentrans_93,eng_Latn,rag_Latn,Mmbisandu uyu no mwana wa avivuli veeve vaahela(vaakudza)anaho mulala kuvo yakudza,Mwanamkiwa ni mtoto ambaye wazazi wake wameaga au mmoja wao ameaga,general_prose
kentrans_2409,eng_Latn,rag_Latn,Ganagana ive mulina wange,Fikiria eh rafiki yangu,general_prose
kentrans_1185,eng_Latn,rag_Latn,"Nyee, Lyerha Yesu linulu,","Hakika, Jina Yesu ni tamu",general_prose
luhya_multi_353_sw,swh_Latn,rag_Latn,"Ulikuja karibu nilipokuita, nawe ukasema, “Usiogope.","57 Wesunda ku inze ku lidiku Lya nda kwanira, na wa mbolera, u ta Tia mba.",Conversational
kentrans_2631,eng_Latn,rag_Latn,Tsunu! Tsunu! Tsunu! Tsunu,Tsunu! Tsunu! Tsunu! Tsunu.,general_prose
kentrans_2464,eng_Latn,rag_Latn,Vamulika lwa serelwa yazanga,Tayari kumulaki bibi arusi,general_prose
luhya_multi_303_en,eng_Latn,rag_Latn,To anger or argue with your uncle,38. Kusinyikira no kogondokera mifwa wovo.,Conversational
luhya_multi_198_sw,swh_Latn,rag_Latn,Niliwaita hao walionipenda lakini walinidanganya.,"19 Nda langa avayanze vange, navutswa va ngada.",Conversational
kentrans_3501,eng_Latn,rag_Latn,"Kigira ubusagaruku bubwo buveye bunene kuli inyanza, Ni bwaha u nyala kukuhonya?","Kwa maana uvunjifu wako ni mkuu kama bahari, Ni nani awezaye kukuponya?",general_prose
kentrans_45,eng_Latn,rag_Latn,Nombiri,Utanipeleka.,general_prose
luhya_multi_23_en,eng_Latn,rag_Latn,"If you are born by an inherited widow, you too do not inherit a widow.",.Niwivulwa mu mwandu naïve utatsia kandi mwandu mba .,Conversational
luhya_multi_136_en,eng_Latn,rag_Latn,"Think of times that passed, in times, your God is there giving you when you existed and were not yet born.","""Yibaasia ke biise bibiabira, mu biise, Wele wenywe alikho amuelesia enywe nibio mwaba ne mukhasaalwa tawe.",Conversational
kentrans_1653,eng_Latn,rag_Latn,Yaalola nuvulahi avalange vaduukiho avateeve,Aliona ni vyema awaite waje ili awaulize,general_prose
luhya_multi_150_sw,swh_Latn,rag_Latn,Mikono ya wanawake wenye huruma imewatokosa watoto wao wenyewe.,10 Makono ga vakali avetsimbavasi ga deki avana vavo Avene.,Conversational
kentrans_947,eng_Latn,rag_Latn,Vya nda rhulidzwa mmasahi gege.,Nilivyopata kupitia damu yake.,general_prose
kentrans_1145,eng_Latn,rag_Latn,"Mwoyo gwange guyanzi muno,",Moyo wangu hufurahia mno,general_prose
kentrans_2845,eng_Latn,rag_Latn,TSINYIMBU NE VIDANDAWILI VIKONYANGA,UMUHIMU WA NYIMBO NA VITENDAWILI,general_prose
kentrans_2546,eng_Latn,rag_Latn,Mbeye nu musungu nu mulaya - Tsisendi,Niko na mzungu ni Malaya -Pesa,general_prose
kentrans_2914,eng_Latn,rag_Latn,Evelia yirana yengo naganaga chanyala kukola,Evelia alirudi nyumbani na kufikiria cha kufanya,general_prose
kentrans_851,eng_Latn,rag_Latn,Bulaliri bwange tawe.”,Si kwa mapenzi yangu.,general_prose
luhya_multi_326_sw,swh_Latn,rag_Latn,Mwanamke kukama ng’ombe,44. Mukali kokela eng'ombe.,Conversational
kentrans_271,eng_Latn,rag_Latn,Kandi Eng’erengani yo kwigulu inyala kwiyita iyene igwa hasi kuli umwana utuli mu umundu wiyiti.,Tena nyota juu angani inaweza kujiua yenyewe na ianguke chini jinsi ilivyo kwa mtoto aliyetoka tumboni mwa aliyejiua.,general_prose
kentrans_929,eng_Latn,rag_Latn,Nda lekha ingo yanje ndi Shigira nda khu yanza.,Nitawacha nyumba yangu kwa sababu nakupenda.,general_prose
kentrans_114,eng_Latn,rag_Latn,Unyala kusingilila ikivala nokusingilila miluka ja vandu.,Awezaye kutawala ulimwengu na mila na desturi za watu.,general_prose
luhya_multi_291_sw,swh_Latn,rag_Latn,Mwanaume kula kwa maziwa kule alikotoa mke,32. Musatsa kuliira maveere wayatulitsa mukali.,Conversational
luhya_multi_400_sw,swh_Latn,rag_Latn,Ninga mtoto wa Zatsa,A - Ninga? -Ninga Zatsa,Conversational
kentrans_3204,eng_Latn,rag_Latn,Amagondi galondaa Amondo.,Kondoo wanamfuata Amondo.,general_prose
kentrans_3198,eng_Latn,rag_Latn,Umundu wagulaa matunda ula ahira halıkı?,Mtu anayechuna matunda huyapeleka wapi?,general_prose
kentrans_1002,eng_Latn,rag_Latn,Tsivita bwoni bwetu bwosi.,Zashinda dhambi zetu zote.,general_prose
kentrans_1195,eng_Latn,rag_Latn,Umwana Wa Daudi,Mwana Wa Daudi,general_prose
kentrans_3230,eng_Latn,rag_Latn,Nogaa liduuma ndondolere engoko.,Nachuna hindi nimgongolee kuku,general_prose
kentrans_2381,eng_Latn,rag_Latn,Ulanyola liva mwoyo.,Upate tena kuishi,general_prose
kentrans_1840,eng_Latn,rag_Latn,"Hango muyinzi gwa yali anyala kokola nu kutumwa mu vatende kwanzala muliru, kwinula tsingutsa.","Nyumbani kazi ambayo angeweza kuifanya ni kutumwa kwa majirani kupalia moto, na kupakua mboga.",general_prose
kentrans_239,eng_Latn,rag_Latn,Singila kuli Liuva kigira liuva litula vutswa vulidiku kutula saa kumi na mbili tsio mugamba maliduka saa kumi na mbili ha mugolova.,Simama kama Jua kwa sababu jua hutoka kila siku kuanzia saa kumi na mbili asubuhi hadi saa kumi na mbili jioni.,general_prose
kentrans_905,eng_Latn,rag_Latn,Ya ngingira bwoni bwane.,Alibeba dhambi zangu.,general_prose
luhya_multi_77_sw,swh_Latn,rag_Latn,“Kitendaliwa!! Tega.,“Munaee!! Kwitse.,Conversational
kentrans_1750,eng_Latn,rag_Latn,Nihaliki hetsisimindwa tsigunzanga?,Teleka hushinda wapi?,general_prose
kentrans_337,eng_Latn,rag_Latn,Na umwana kuli uyu siagonelangwa ku amagenga mba.,Na mtoto kama huyu baada ya mazishi watu hawakeshi nje tena.,general_prose
luhya_multi_217_en,eng_Latn,rag_Latn,"You, Lord, endure forever.","19 Ive, o Yahova uhindiranga mihiga ne nemihiga.",Conversational
luhya_multi_341_en,eng_Latn,rag_Latn,He has besieged and enveloped me with bitterness and tribulation.,"5 Wombaki KU inze, nokunkumbiridza nendulwe neliluha.",Conversational
kentrans_3161,eng_Latn,rag_Latn,Siisulula isaabu,Futa hesabu,general_prose
luhya_multi_163_sw,swh_Latn,rag_Latn,11. Mwanaume kufagia nyumba wakati mukewe yuko.,11. Musatsa kweya munyumba mukali weve naveeyeho. !,Conversational
kentrans_1036,eng_Latn,rag_Latn,Luyali khuye,Uyukufu kwake,general_prose
kentrans_1122,eng_Latn,rag_Latn,Nunu a langanga mwinye Mucdze himbi ha a veeye Ala mu ha ubugasu.,"Sote twaitwa kwake, Tuje karibu naye Tupopokee utakaso",general_prose
luhya_multi_164_sw,swh_Latn,rag_Latn,Wafalme wa dunia hawakusadiki wala wote wakaao duniani.,12 Avami velirova si va suuvira Kinga vosi ava menyanga mu lirova.,Conversational
kentrans_127,eng_Latn,rag_Latn,Gadukana umudu uyu ave mu ligenda mutsinzila tsindahi ne tsia ageligali ne tsinungi.,Yafaa ntu huyu awe wa kutembea katika njia nzuri na za ukweli na pia zile zilizonyoka.,general_prose
kentrans_3232,eng_Latn,rag_Latn,Ling'ohani,………,general_prose
kentrans_1156,eng_Latn,rag_Latn,Mwidzominye Nyasaye,Tumsifu Mungu,general_prose
kentrans_2959,eng_Latn,rag_Latn,TUPU,Vuza,general_prose
kentrans_3260,eng_Latn,rag_Latn,Umukeere Ndiegu yatsia kusuma nanyola yo vyokulia niyatsa nadeka nalia niyima umwana weve.,"Ndiegu akaenda kuomba chakula, akapata na akaja akapika, akala na akamunyima mototo wake.",general_prose
kentrans_2676,eng_Latn,rag_Latn,Vaana vetu niinze lledi woo.,Watoto wetu ni mimi Lledi,general_prose
kentrans_1082,eng_Latn,rag_Latn,"Nyasaye Yahova, Umutaktifu;","Baba, Mwana, Roho, Mungu Mwemye enzi",general_prose
kentrans_1895,eng_Latn,rag_Latn,Valeta imwu yamaduma malavu kuli kugalolanga amadiku gano.,Wakalete mbegu ya mahindi meupe tunayoyaona siku hizi.,general_prose
kentrans_1077,eng_Latn,rag_Latn,"Waali: nu veeho, nu U li va ho.","Wewe U mwanzo, nawe U mwisho",general_prose
kentrans_168,eng_Latn,rag_Latn,Engerengani yaali Yesu Kristo.,Nyota ilikuwa Yesu Kristo.,general_prose
kentrans_1613,eng_Latn,rag_Latn,Anakamuna kaamanya nikamwigitsa Iwimbu yiru:,Anakamuna alimfundisha mamake wimbo huu.,general_prose
luhya_multi_290_en,eng_Latn,rag_Latn,"Though he brings grief, he will show compassion, for his unfailing love is great.","32 Kigira Kali na a vereridza, naye Kandi a la Vera kuli ubunene bwetsimbabasi tsitsye.",Conversational
kentrans_1221,eng_Latn,rag_Latn,Kutwula mu buhambe,Kutoka utumwani,general_prose
kentrans_3097,eng_Latn,rag_Latn,Yiiruka naavita naaseka,Alitoroka akapita akicheka,general_prose
kentrans_2931,eng_Latn,rag_Latn,"Muhonja,Muhonja, Muhonja, Muhonja Ndula kwaya Muhonja Vyayo vyosi Muhonja Vya magondi Muhonja vye tsiang’ombe Muhonja tsigulira Muhonja","Muhonja, Muhonja, Muhonja, Muhonja natokakuchunga Muonja mifugo wote Muhonja mifugo wa kondoo Muhonja mifugo wa ng’ombe Muhonja nifungulie Muhonja",general_prose
kentrans_448,eng_Latn,rag_Latn,40. Kotema imbatsi muchamugitsi chinyumba yoyo nomoloma nolembana. i,Kukata shoka mbele ya nyumba yako ukiongea na kugombana,general_prose
kentrans_1691,eng_Latn,rag_Latn,Yaaginga kivaavi kenene niritimu linene ligaali,Alibeba mkuki mkubwa na mti mkubwa wa fumo,general_prose
kentrans_1361,eng_Latn,rag_Latn,A vayi va li ho mu kivala zana,Hata nao wachunga walikuwapo,general_prose
kentrans_1643,eng_Latn,rag_Latn,Yaahongera kwimba Iwimbuki?,Ni wimbo upi alizoea kuimba?,general_prose
luhya_multi_255_en,eng_Latn,rag_Latn,Women digging a grave and burying the dead.,22. Avak ali kuyava kilindwa nukuyavila avakuzu.,Conversational
kentrans_1552,eng_Latn,rag_Latn,Gwagenda vwangu vwangu nigudidikana manigugwa hasi.,Jini alitembea harakaharaka na kwa wasiwasi hata akaanguka chini.,general_prose
kentrans_965,eng_Latn,rag_Latn,Mukhonyi mulahi,Mwokozi mzuri,general_prose
kentrans_2840,eng_Latn,rag_Latn,Vasomi vageliste kuvola tsinyimbu no mutwe.,Wanafunzi wajaribu kujikumbusha nyimbo,general_prose
kentrans_3537,eng_Latn,rag_Latn,"9 U hani Tsinzira tsange na magina ga vadzwa , u kyaminyi Tsinzira tsyange.",Ameziziba njia zangu kwa mawe yaliyochongwa; Ameyapotosha mapito yangu.,general_prose
kentrans_3110,eng_Latn,rag_Latn,Kale avaana vivikaa mamooli,"Kitambo, watoto walikuwa wanavaa …………..",general_prose
kentrans_3385,eng_Latn,rag_Latn,"Yee, malesi ga tonya amadzi.","Yee, mbingu zilidondoza maji",general_prose
kentrans_2512,eng_Latn,rag_Latn,Mbeye ne inyumba yange ndulamu kandi mba - Kirinda,Nina nyumba yangu sitoki ndani -Kaburi,general_prose
kentrans_3665,eng_Latn,rag_Latn,16 Itaji yaguluki kutula ku mitwe gyetu.,Taji ya imeanguka kutoka kwa vichwa vyetu.,general_prose
luhya_multi_213_sw,swh_Latn,rag_Latn,Wanatuvizia hatua zetu hata hatuwezi kwenda katika njia zetu.,18 Va himanga tsinduvatiru tsyetu sikunyala kugenda ku tsinzira tsyetu.,Conversational
luhya_multi_322_sw,swh_Latn,rag_Latn,Mke kuchukua [ ] ya mwanaume,42. Mukali kuvugula muhizu gwu musatsa.,Conversational
kentrans_274,eng_Latn,rag_Latn,Umukana anaho mukali ukili ukutsia mu mweli hamugoloova vudiku na aloli mweli nigulavi amanya vutswa ing'inga yeye iduki naye iyatsila mu mweli.,Msichana au mke ambaye bado hajaona hedhi jioni usiku akiona mwezi ukiangaza hujua tu kuwa wakati wake umefika.,general_prose
kentrans_453,eng_Latn,rag_Latn,45. Mukali kusimika magomia naho misala.,Mwanamke kupanda ndizi au miti,general_prose
kentrans_1259,eng_Latn,rag_Latn,Mu he bukumi. a veeye Nyasaye.,"Mungu wa kweli, wala si kiumbe",general_prose
kentrans_753,eng_Latn,rag_Latn,Nduuke naye hango he.,Nifike naye nyumbani kwake.,general_prose
kentrans_2555,eng_Latn,rag_Latn,Mbeye ne kigingi mu inyumba yange kinwetsa matsi gange Katsotso - Itaya,Nina jinni kwa nyumba yangu linakunywa maji kila mara -Taa,general_prose
kentrans_241,eng_Latn,rag_Latn,UMWELI:,MWEZI,general_prose
kentrans_2513,eng_Latn,rag_Latn,Ninzingiye mu inyumba yange ndulamu mba - Mukutsu,Nikiingia kwa nyumba yangu sitoki ndani Mfu,general_prose
kentrans_637,eng_Latn,rag_Latn,Na vola “Ga fweye!”,"Akasema, “Yamekwisha!”",general_prose
kentrans_1577,eng_Latn,rag_Latn,"Vamudiira nivateevana galaha nivavoola, “Heene akagonaa naho?"" Valala vagaya, na vandi vavoola, ""Yee agonaa.""",Waliomkuta hapo waliulizana ikiwa analala.Baadhi wakasema kuwa analala na wengine wakapinga.,general_prose
kentrans_2874,eng_Latn,rag_Latn,Kale muno yaliho Isimba.,Hapo zamani za kale palikuwepo na simba.,general_prose
kentrans_2344,eng_Latn,rag_Latn,"Etsinyinga tsyo Mwami Yesu,",Nyakati ya Bwana Yesu,general_prose
kentrans_1834,eng_Latn,rag_Latn,Vavugulanga lisiza lyosi kolomba umunyu zana yigu na vayoya valeta yengo.,Walikuwa wakichukua jivu yote baada ya kuchoma na kupeleka nyumbani.,general_prose
kentrans_3640,eng_Latn,rag_Latn,Tsinyumba tsyetu tsi veye tsya avandu vaandi.,Nyumba zetu zimekuwa za watu wengine.,general_prose
kentrans_1406,eng_Latn,rag_Latn,"Voosi va la gasidzwa, lwa va manyi Omwami","Mwokozi atufie, Ili tusipotee,",general_prose
kentrans_1973,eng_Latn,rag_Latn,Vatigala mu yavo avavugirizani kulwana.,Hao waliobakia hapo ni wale wamekubaliana kupigana.,general_prose
kentrans_2380,eng_Latn,rag_Latn,Ulekane nu vudamanu bwosi,Uwachane na na dhambi zote,general_prose
kentrans_2348,eng_Latn,rag_Latn,MUHULILE INZE YAHOVA,"Sikizeni, sema Bwana",general_prose
kentrans_954,eng_Latn,rag_Latn,"Getsinyama tsyoi,","Ya wanyama wote,",general_prose
kentrans_243,eng_Latn,rag_Latn,Umundu mukali uyu vaganila hayi no mweli?,"Je, huyu mwanake ana uhusiano gani na mwezi?",general_prose
kentrans_1368,eng_Latn,rag_Latn,Makuva ga va nyola ku akana yaka.,Ujumbe walipata kwa mtoto huyu.,general_prose
kentrans_2360,eng_Latn,rag_Latn,Vizominye lieta liange.,Litukuzwe jina langu,general_prose
kentrans_484,eng_Latn,rag_Latn,"Yatumikiranga, kihinda kugingiramu tsinyama nivigumba vio m’mbiri gwo mu kuzu.",Walitumia kikapu kubebea mizoga ya mfu.,general_prose
kentrans_737,eng_Latn,rag_Latn,"Yesu, Yesu, Yesu.","Yesu, Yesu, Yesu.",general_prose
kentrans_3131,eng_Latn,rag_Latn,Uyu ni Ferida nauyu ni Febe,Huyu ni Ferida na huyu ni Febe.,general_prose
kentrans_3472,eng_Latn,rag_Latn,"4 U nyiye ubuta bwibwe kuli musigu, u singiye nomukono gwigwe mulungi kuli Mudamdidzi.","Ameupinda upinde wake kama adui, Amesimama na mkono wake wa kuume kama mtesi.",general_prose
kentrans_24,eng_Latn,rag_Latn,Ninga zaza,Ninga mtoto wa Zaza,general_prose
kentrans_1174,eng_Latn,rag_Latn,"Khuli mushingi wange,",Unifanya kiumbe kipya,general_prose
kentrans_2075,eng_Latn,rag_Latn,Yavora baba uvavere,Alisema Baba uwasmehe,general_prose
kentrans_3519,eng_Latn,rag_Latn,"Ginga makono gogo kuhenzidza kuye kigira livamwoyo lyavana vovo vadoto, yavo avakudza Myoyo kigira inzala ku kiheri kyelihasi sa lilala.","Umwinulie mikono yako; Kwa uhai wa watoto wako wachanga wazimiao kwa njaa, Mwanzo wa kila njia kuu.",general_prose
kentrans_2686,eng_Latn,rag_Latn,"Ninze ingoyi woo, ninze ingoyi woo","Ni mimi kichoma nguo,ni mimi kichoma nguo",general_prose
kentrans_676,eng_Latn,rag_Latn,ku samehe bwoni bwetu.,Tusamehe dhambi zetu,general_prose
kentrans_3267,eng_Latn,rag_Latn,"Avatende vamanya vatanga limusekelitsa, nivamudiginya nivimba Iwimbu yilu:","Majirani wakanza kumukejeli, wakimukunakuna huku wakiimba wimbo huu:",general_prose
kentrans_3343,eng_Latn,rag_Latn,Virenge vivye na a duka mu lihema lya,Miguu yake ilimfikisha kwa hema yake,general_prose
kentrans_2328,eng_Latn,rag_Latn,Kazozo ku fwanana naye;,Milele tufanane naye,general_prose
luhya_multi_198_en,eng_Latn,rag_Latn,"I called for my lovers, but they deceived me.","19 Nda langa avayanze vange, navutswa va ngada.",Conversational
luhya_multi_207_sw,swh_Latn,rag_Latn,Sayuni huinyosha mikono yake na hakuna hata mmoja wa kumfariji.,17 Zioni a nyiranga makono hehe si ha veye Kali mlala u mu leminya mwoyo.,Conversational
kentrans_2266,eng_Latn,rag_Latn,KUTIA NYASAYE,HESHIMU MUNGU,general_prose
kentrans_663,eng_Latn,rag_Latn,Tsindamano tsyetu:,Mahitaji yetu:,general_prose
luhya_multi_135_en,eng_Latn,rag_Latn,She went to Nairobi to Simiyu.,"“Yatsia e Nairobi, ewa Simiyu.",Conversational
kentrans_288,eng_Latn,rag_Latn,UMWELI UMUKALI NO MWANA ni vindu vihambani nitali umanyi agene yaga Nyasaye navutswa umundu mukali siamanya agambandika yaga mba.,"MWEZI, MKE NA MTOTO ni vitu sawakwa pamoja lakini ujue haya Mungu lakini mke hajui haya ninayoandika.",general_prose
kentrans_379,eng_Latn,rag_Latn,Avalogooli vakale avakulu valanga Nyasaye MUSAMBWA.,Wamaragoli wa jadi walimuita Mungu Musambwa,general_prose
kentrans_3054,eng_Latn,rag_Latn,Avana veeve vanunaa,Watoto wake wananyonya.,general_prose
kentrans_821,eng_Latn,rag_Latn,Kwogidzwa vyosi vitali vilungi.,Kusafisha vyote visivyo laini.,general_prose
kentrans_2961,eng_Latn,rag_Latn,Lola lirere lira,Ona lile tawi ndizi lililonyauka,general_prose
luhya_multi_271_sw,swh_Latn,rag_Latn,Mwanamke kumla kuku (akimla ilibidi aende kwao kuleta ng’ombe na mbuzi),28. Mukali kulia engoko. (Niyalitsanga kuduuka atsia wavo koleeta eng'ombe naho imbuli).,Conversational
kentrans_1056,eng_Latn,rag_Latn,Ndiyama Ubwoni bwanje liuva nilyakhana.,Nitakiri dhambi zangu peupe.,general_prose
luhya_multi_183_sw,swh_Latn,rag_Latn,"Kongwa la makosa yangu, limefungwa na mkono wake.","14. Inira ya mahyolo gange, mukono gwigwe gu gi bohi.",Conversational
kentrans_1694,eng_Latn,rag_Latn,Yali niyayanza navivuuli veeve halala na Nyasaye.,Alipenda wazazi wake pamoja na Mungu.,general_prose
kentrans_831,eng_Latn,rag_Latn,A khu honie efwe fwesi.,Atuponye sisi sote.,general_prose
luhya_multi_278_sw,swh_Latn,rag_Latn,Ameikata pembe yote ya Israeli Katika hasira yake kali.,3 Lwiga lwosi kwa Israeli u lu kalagi mu butima bwibwe bululu.,Conversational
kentrans_1309,eng_Latn,rag_Latn,"Vuguli, mu linde.",Usio na mwisho,general_prose
kentrans_1754,eng_Latn,rag_Latn,Liviruka lyo mundu,Kukuwa kwa mtu,general_prose
kentrans_1252,eng_Latn,rag_Latn,"Avandu va Kristo mu sangale nunu,","Njoni na furaha, Enyi wa Imani",general_prose
kentrans_2314,eng_Latn,rag_Latn,Kigira tsinyinga tsimali kwoneka.,Nyakati sasa ni za majaribu,general_prose
kentrans_2893,eng_Latn,rag_Latn,Liive liamanya niliha engoko logembe.,Mwewe alimpa kuku wembe.,general_prose
kentrans_1551,eng_Latn,rag_Latn,Gwali ugukomeru muno.,Jini alikuwa mnene kwelikweli,general_prose
kentrans_1382,eng_Latn,rag_Latn,Nda sangala. Yesu yadza,"Nitamtukuza, nitamtukuza",general_prose
luhya_multi_178_en,eng_Latn,rag_Latn,The visions of your prophets were false and worthless.,"14 Avaprofeti vovo VA KU koleye amalola, amalola ga vutswa na govusiru.",Conversational
kentrans_2711,eng_Latn,rag_Latn,Gendi kusaliri Moi.,Twendeni tumuombee Moi.,general_prose
kentrans_1620,eng_Latn,rag_Latn,"""Yive uveeye nuvusangali muno, ukaliiyeki?""","“Wewe una furaha mno, umekula nini?”",general_prose
kentrans_29,eng_Latn,rag_Latn,A kaviri,Wa kaviri,general_prose
kentrans_2964,eng_Latn,rag_Latn,Libiiba,Tanki,general_prose
kentrans_1472,eng_Latn,rag_Latn,Enzoka yumunda eueeye indamanu.,Nyoka wa tumboni ni mbaya Zaidi.,general_prose
kentrans_527,eng_Latn,rag_Latn,Kandi yavugu langa lineke nu vwuki vwangote avanwehitsa.,"Pia, angewan angechukua na kuwanywesha dawa za kienyeji na asali ilokomaa .",general_prose
kentrans_1328,eng_Latn,rag_Latn,Lwa kwidzulitsa makuva malahi,Habari njema tuikumbukapo,general_prose
kentrans_940,eng_Latn,rag_Latn,Lwa inze ndola umusalaba,Nionapo msalaba,general_prose
kentrans_2144,eng_Latn,rag_Latn,Naye alameda amadanyi.,Naye atatujaza baraka,general_prose
kentrans_678,eng_Latn,rag_Latn,Kwidzominye Mutungiri,Tuna mshukuru anaye tulipia,general_prose
kentrans_2677,eng_Latn,rag_Latn,Haa ninze Lledi.,Ni mimi lledi,general_prose
kentrans_2748,eng_Latn,rag_Latn,Mwana wa mbiri.,Kifungua mimba.,general_prose
kentrans_395,eng_Latn,rag_Latn,Eng'ombe yo luvego nivitanga.,Wakati ngombe ya makumbusho inachinjwa,general_prose
kentrans_559,eng_Latn,rag_Latn,12. Mukali kwik ala kondeve yo musatsa.,12. Bibi kuketi kwenye kiti cha bwana.,general_prose
kentrans_2556,eng_Latn,rag_Latn,Inyumba yange eveye na madirisha manying- Keyonzo,Nyumba yangu ina madirisha mengi -Kufuli,general_prose
kentrans_3088,eng_Latn,rag_Latn,Aveeye nemiima mirahi,Ana tabia nzuri.,general_prose
kentrans_3649,eng_Latn,rag_Latn,Na kwinye ku gingi budamano bwavo.,Nasi tumebeba maovu yao.,general_prose
luhya_multi_22_en,eng_Latn,rag_Latn,S,.Mwenye dala sangala kho abakeni basangale x2,Conversational
luhya_multi_321_en,eng_Latn,rag_Latn,We have sinned and rebelled and you have not forgiven.,"42 Ku site lwako nokwebaala, ive si u sameha mba.",Conversational
luhya_multi_370_sw,swh_Latn,rag_Latn,"Utawafutia kwa hasira, na kuwaangamiza wasiwe tena chini ya mbingu za Bwana.","66 U la VA londerera nobutima, nokuvadividza va twule VA vuli kuva isi weligulu Lya Yahova.",Conversational
kentrans_1012,eng_Latn,rag_Latn,Si mbeye soni ku Mwami,Sitaaibika katika Bwana,general_prose
kentrans_3091,eng_Latn,rag_Latn,Akaana kiiduya amalu,Katoto kanajigonga magoti.,general_prose
luhya_multi_123_en,eng_Latn,rag_Latn,What you do to yourself does not die,“omwikholela shikufubanga ta”,Conversational
kentrans_1314,eng_Latn,rag_Latn,Va mu gulika ilyeta Vesu,Jina lake akaitwa Yesu,general_prose
kentrans_931,eng_Latn,rag_Latn,Nyenyanga wiganire,Nataka utubu,general_prose
kentrans_3492,eng_Latn,rag_Latn,Avakana vagima va Yerusalemi vinaminya mitwe gyavo kuhenzidza hasi,Wanawali wa Yerusalemu huinama vichwa vyao Kuangalisha chini.,general_prose
kentrans_687,eng_Latn,rag_Latn,"Kwa tenga kase, kase, Kwa tidza Vindu vyosi, No Mwami mwene Yesu, No Mwami mwene Yesu; Kwa honywa na kwinye?","Tulutenga kila mara, tuliogopa vitu vyote na Mungu mwenyewe Yesu, na Mungu mwenyewe Yesu; tuliponywa sisi",general_prose
kentrans_3073,eng_Latn,rag_Latn,mama,Mama,general_prose
kentrans_3571,eng_Latn,rag_Latn,"43 U kuniki nobutima bubwo nokulonderera, wiiti, si u veye netsimbavasi.",Umejifunika mwenyewe kwa hasira na kutufuatilia; umetuchinja bila huruma.,general_prose
kentrans_2792,eng_Latn,rag_Latn,Ndagaha ovolo vwange.,Niliwapa wimbi wangu.,general_prose
kentrans_2256,eng_Latn,rag_Latn,"Nokumenya hagati muvwoni,",Na kuishi katika dhambi,general_prose
kentrans_3569,eng_Latn,rag_Latn,41 Gendi ku gingire Nyasaye u veye igulu mwoyo gyetu halala na makono getu.,Tuinue mioyo yetu pamoja na mikono yetu kwa Mungu mbinguni.,general_prose
kentrans_19,eng_Latn,rag_Latn,Ngwegwe vayanza,Ngwengwe mtoto wa Vayanza A vayanza,general_prose
luhya_multi_16_en,eng_Latn,rag_Latn,The manure that comes from cows is usually used to make houses look good,. T. Hata zamadi hiyo ukibeba kisha upeleke kwenye shamba yanaweza kutoa mazao bora.,Conversational
kentrans_1796,eng_Latn,rag_Latn,Kwegitsa mwana kogenda,Kufunza mtoto kutembea,general_prose
kentrans_2994,eng_Latn,rag_Latn,Alolaa lidede lira.,Anaona ngize mmoja.,general_prose
kentrans_1897,eng_Latn,rag_Latn,Serikali yatuliza lirago amaduma gosi agali nigasimikywi mu mirimi gifwe na vatage imwu imbya ya serikali yali ne leti. . .,Serikali ilitoa amri kwamba mahindi yote ilokuwa imepandwa katika mashamba ing’olewe ili wapende mbegu mpya iliyoletwa na serikali.,general_prose
luhya_multi_141_sw,swh_Latn,rag_Latn,"Tumejua uzuri wenyewe,","0 khu maniye bulahi bwene,",Conversational
kentrans_2902,eng_Latn,rag_Latn,Yateva vaana vosi nivambakana.,Aliwauliza wanawe wote lakini wakakana.,general_prose
kentrans_1982,eng_Latn,rag_Latn,Lulogoli.,Kimaragoli.,general_prose
kentrans_2895,eng_Latn,rag_Latn,Na kigira vwali nivudukanga vudiku siyamala kuvega vosi mba.,Na kwa vili usiku ulikua ukikaribia hakumaliza kunyoa wote.,general_prose
kentrans_2639,eng_Latn,rag_Latn,Ee! Kalondo,Ee! Ukoko,general_prose
kentrans_2956,eng_Latn,rag_Latn,Lirala lirala lira,Lile tawi moja la ndizi lililonyauka,general_prose
kentrans_814,eng_Latn,rag_Latn,"Yesu Muhonnyi, a mbolera kandi","Yesu mponyaji, ananiambia tena",general_prose
kentrans_2472,eng_Latn,rag_Latn,Yo mwami wetu Yesu yazanga,Wa kuja kwake bwana yesu.,general_prose
luhya_multi_176_sw,swh_Latn,rag_Latn,13. Kumwagia shemeji wako maji.,13. Kwuhila mulam wa wovo amazi.,Conversational
kentrans_3092,eng_Latn,rag_Latn,Mama adekaa makaaya,Mama anapika maduma vugila maganda.,general_prose
kentrans_2187,eng_Latn,rag_Latn,"Amakuvà gevangeli evolanga,",Ujumbe kutoka kwa bibilia,general_prose
kentrans_2736,eng_Latn,rag_Latn,Amugovolio: Manyi kutimula mba,Amugovolio: Sijui kukata nyasi.,general_prose
luhya_multi_183_en,eng_Latn,rag_Latn,The yoke of my transgressions is bound by his hand.,"14. Inira ya mahyolo gange, mukono gwigwe gu gi bohi.",Conversational
kentrans_856,eng_Latn,rag_Latn,Na voosi ku la sangala,Na sote tutafurahia,general_prose
kentrans_359,eng_Latn,rag_Latn,Avandu vahila tsindege vagaywa Endege kuvitila kuvigulu hagati ekeveye ku na VOLCANO.,watu walio endesha ndege walikanywa dhidi ya kupita katikati ya milima ya VOLKANO,general_prose
kentrans_1888,eng_Latn,rag_Latn,Endembe,Tambiko (Entembe)inayofanyikakwenye Mti wenye miiba aina ya muchongoma.,general_prose
kentrans_3349,eng_Latn,rag_Latn,"19 Naye ya mbo halala nive;navutwsa,ulugenda lwa lera, Mwadza,u mbe amadzi make u tsitsanga ku si lu ;la ku ha ubukumi;keke nwe; kigira mbeye nobuluhu.",Naye akamwambia pamoja nawe; lakini mwendo tafadhali nipe maji kidogo maana nina kiu,general_prose
kentrans_2755,eng_Latn,rag_Latn,Liali lie engoko yamba.,Ilikuwa ya kuku aliyonipatia.,general_prose
kentrans_3389,eng_Latn,rag_Latn,OIimbiri wa,Mbele ya,general_prose
kentrans_3500,eng_Latn,rag_Latn,"Nda lenganywa na kindu ki ive, nduke kukuleminya mwoyo, o mukana mugima was zioni?","Nikusawazishe na nini, nipate kukufariji, Ee bikira binti Sayuni?",general_prose
kentrans_1513,eng_Latn,rag_Latn,Musakulu yediira imbiimbu.,Mzee hutembea na bakora,general_prose
kentrans_2204,eng_Latn,rag_Latn,"Kalunu mulava avalungi veve,",Leo mtakuwa mtakubalika kwake,general_prose
kentrans_3130,eng_Latn,rag_Latn,Kufane muliru kulugi vukima,Tuwashe moto tusonge ugali.,general_prose
kentrans_3078,eng_Latn,rag_Latn,maveere,Maziwa,general_prose
kentrans_1336,eng_Latn,rag_Latn,"Ni siguku lero, ni Siguku lero;","Ni siku kuu leo, ni siku kuu leo",general_prose
kentrans_184,eng_Latn,rag_Latn,Ngegwe? Ngegwe Avayanza,Ngwegwe mtoto wa Avayanza,general_prose
kentrans_3070,eng_Latn,rag_Latn,Yaalola lunaalo lunene,Aliona eneo kubwa.,general_prose
kentrans_3512,eng_Latn,rag_Latn,"U tsomi hasi, si ya Vera tsimbavasi mba.","Ameangusha hata chini, Wala hakuona huruma.",general_prose
kentrans_122,eng_Latn,rag_Latn,Atava musatsa uyanza ivindu vyokuhambikitsa.,Asiwe mume anaye pendelea vitu vya kuulevya.,general_prose
kentrans_1323,eng_Latn,rag_Latn,"Lwa va hulira va tsia midala,","Liposikika, habari za mwana",general_prose
kentrans_2751,eng_Latn,rag_Latn,Mama akaveye nu undi noho!,"Je,mama ana mwingine!",general_prose
kentrans_658,eng_Latn,rag_Latn,Tsisoni tsyo musalaba;,Aibu ya msalaba;,general_prose
kentrans_3256,eng_Latn,rag_Latn,Namang'ang'a gagenda sigaviri mukivanda.,Mang’ang’a hutembea mtoni wawiliwawili,general_prose
kentrans_1975,eng_Latn,rag_Latn,Natuleywe avolovega lwo utuye vasaala ni vasieva kumukumbiriza utuliywe,"Akiangushwa, wale wa upanda wa aliye angusha wanaomba wakicheza kumchekelea aliye angushwa.",general_prose
kentrans_1549,eng_Latn,rag_Latn,Yaahenda mwoyo ligali nogunani yigwo gwisuunda hayaali nigumugumila.,Alifathaika moyoni sana na hilo jini likamsongea likamshika.,general_prose
luhya_multi_371_en,eng_Latn,rag_Latn,Our fathers sinned and are no more.,7 Avaguga vetu vakola ubwoni na sivaveyeho.,Conversational
luhya_multi_58_sw,swh_Latn,rag_Latn,kumbuka funzo kuwa unachokifanya hakifi”,“itsulila oluechelo mbu omwikholelela shikufubanga tawe”,Conversational
kentrans_2983,eng_Latn,rag_Latn,Idiidi,Mugongoni,general_prose
luhya_multi_166_sw,swh_Latn,rag_Latn,"Na akawaambia Sisera ,Baraka amekufa","12 Na va volera Sisera,Baraka ma ya kudza.",Conversational
kentrans_3285,eng_Latn,rag_Latn,"Naye ya girunkana ni vula kutsia ninze, inze si ndatsia mba.yingira ahehe mu lihema,naye ya mu, naye ya mu.",Na yeye alibadilika akakosa kuenda naye mmi sitaenda.Aliingia kwake kwa hema.Akafagia ndani .Naye akasema ukweli mimi ntaendapamoja nawe,general_prose
kentrans_2292,eng_Latn,rag_Latn,"Niva mulatia nokwiyama kuye,",Mkinyenyekea na kutubu kwake,general_prose
kentrans_1338,eng_Latn,rag_Latn,"Vadze ku ka lola, tsingelosi vadza,","Waje nao washuhudie, pamoja na malaika",general_prose
kentrans_3387,eng_Latn,rag_Latn,"5 Vigulu vya degera imbiri wal avekitinya kyavo ki veye mu Yahova,",Milima ikayeyuka mbele yao kilicho kwa kwa Mungu,general_prose
kentrans_2052,eng_Latn,rag_Latn,Kumsalaba Yesu yavambwa.,Msalabani Yesu alisulubiwa,general_prose
luhya_multi_355_en,eng_Latn,rag_Latn,"You have seen, O Lord, the wrong done to me. Judge my case!","59 O Yahova, u Loli likolerwa lidamano lyange, kalaga likuva lyange.",Conversational
kentrans_1128,eng_Latn,rag_Latn,"Ku santidzanga lve, Nyasaye wobukumi:","Twakushukuru wewe, Mungu Mtakatifu",general_prose
kentrans_3476,eng_Latn,rag_Latn,"U miri tsinyumba tsitye tsyosi tsyobwami, nokudividza tsimpinga tsitsye.","Ameyameza majumba yake yote, Ameziharibu ngome zake.",general_prose
kentrans_2184,eng_Latn,rag_Latn,"Na mulava vasuvirifu mu lyeta, lilye.",Na mtakuwa waminifu wake,general_prose
kentrans_1579,eng_Latn,rag_Latn,"Avalala vavoola, ""Kumute mumuliru."" Navutswa sivaamutamu mba vaavugula vusalu nivutavagira niviika mugutu gulala",Wengine walisemezana wamweke sebuleni lakini hawakufanya hivyo bali walichukuwa uji uliotokota na kuweka sikioni mwa nyanya huyu.,general_prose
kentrans_3586,eng_Latn,rag_Latn,"58 O Yahova, u Veri amakuva go mwoyo gwang, u tungiye livamwoyo lyange.","Ee Bwana, ulichukua shauri langu, ukaukomboa uhai wangu.",general_prose
kentrans_3471,eng_Latn,rag_Latn,"U sambi yakobo kuli muliru hi dedimanga , u gu sambanga tsimbenga tsyosi.","Naye amemteketeza Yakobo kama moto uwakao, Ulao pande zote.",general_prose
luhya_multi_31_en,eng_Latn,rag_Latn,I have removed a portion from my house so that I may enter the land that is holy.,'Narusiisie sitonyi ndi nengile mu sibala nisio sitakatifu khukhwama munju mwase.,Conversational
luhya_multi_239_sw,swh_Latn,rag_Latn,"Ninayakumbuka vyema, nayo nafsi yangu imezimia ndani yangu.","20 Mwoyo gwange gu kidzulizanga yago, na gwinama mu inze.",Conversational
luhya_multi_88_sw,swh_Latn,rag_Latn,Na muda huo nikasema muendelee na safari.,"""Ne siise esio naboola muchiililile ne lukeendo.",Conversational
kentrans_847,eng_Latn,rag_Latn,Bwa Nyasaye ya ku ha:,Tuliyopewa na Mungu,general_prose
luhya_multi_78_en,eng_Latn,rag_Latn,"You can steal to say, of fulfilling provocation when present we know how your message is.","""Munyala mweba asia muli, lwe khurumikhira kamayia akhabao Khumanya khuriena burume bwowo.",Conversational
kentrans_2296,eng_Latn,rag_Latn,"Nyasaye kalunu umali kulaga,",Mungu mwnyewe ameahidi,general_prose
kentrans_477,eng_Latn,rag_Latn,Tsingu tsiokusamba tsiasiagwa no kotegekwa hango hene.,Kuni za kutumiwa kumchoma zilipasuliwa na kuwekwa nyumbani hapo.,general_prose
kentrans_1307,eng_Latn,rag_Latn,"Mirembe, mwirova;",Malaika hao,general_prose
kentrans_463,eng_Latn,rag_Latn,Kandi Iwavatulayo ne viukulia mukali mugeni uyu ataliaku mba.,"Na walipotoka huko na vyakula, mke huyo mgeni hakufaa kula.",general_prose
kentrans_3405,eng_Latn,rag_Latn,LISYOMA LYA JEREMIA,MAOMBOLEZO,general_prose
kentrans_1854,eng_Latn,rag_Latn,Tuyumba yitu twalangangwa idisi.,Vijumba hivi viliitwa idisi(jina lililotumiwa kizirejelea).,general_prose
kentrans_1372,eng_Latn,rag_Latn,Na a ga ganagana mu mwoyo gwigwe.,Akawaza yote haya moyoni mwake.,general_prose
kentrans_104,eng_Latn,rag_Latn,Makandi iligaka likoonya mukilibwa haango.,Tena mshubiri unasaidia sana nyumbani.,general_prose
luhya_multi_301_sw,swh_Latn,rag_Latn,Kumkata na kumtoa mtu damu,37. Kotema no kutazitsa wundi logoma.,Conversational
kentrans_491,eng_Latn,rag_Latn,"Avate nde, aviiko, avaluhia nivo vaduuka.","Majirani, watu wa ukoo na wengine wote ndio waliofika.",general_prose
kentrans_2421,eng_Latn,rag_Latn,Utahayahaya mu lisuvira,Simama imara katika imani,general_prose
luhya_multi_359_sw,swh_Latn,rag_Latn,"Naye huyo binti Sayuni, enzi yake yote imemwacha.","6 Na mukana wa zioni, ubukumi bwibwe bwosi bu twuli kuye.",Conversational
kentrans_2470,eng_Latn,rag_Latn,Kogelihe kulindi na kusale,Tuwe macho tusubiri tukiomba,general_prose
kentrans_3603,eng_Latn,rag_Latn,Ava vikanga tsingubo tsinzakanyu va hambani nesina.,Wale waliokuzwa kuvaa nguo nyekundu wakumbatia jaa.,general_prose
kentrans_3005,eng_Latn,rag_Latn,Avavo vavivaa luvuva,Wajaluo wanachakura magugu kwa reki,general_prose
luhya_multi_274_sw,swh_Latn,rag_Latn,Bwana alimfunika binti Sayuni kwa wingu akiwa na hasira.,2Ga duka ndi Yahova ya kunika mukana was zioni nelilesi mu butima bwibwe.,Conversational
kentrans_3431,eng_Latn,rag_Latn,"Lola o Yahova, u henze, kigira inze ngwiye kindu ki legwa.","Tazama, Ee Bwana, ufikiri, kwa maana nimedharauliwa.",general_prose
kentrans_1152,eng_Latn,rag_Latn,"Ndimba ne tsingelosi,",Nitaimba pamoja na malaika,general_prose
kentrans_2206,eng_Latn,rag_Latn,UMWINGIRIZI,Mpokee,general_prose
kentrans_3168,eng_Latn,rag_Latn,"Soma ameta yaga: Jumapili, Jumatatu, Jumanne, Jumatano, Alhamisi, ljumaa, Jumamosi","Soma malina haya: Jumapili, Jumatatu, Jumanne, Jumatano, Alhamisi, ljumaa, Jumamosi",general_prose
kentrans_3450,eng_Latn,rag_Latn,18 Yahova nowobulungi kigira inze nzebaaye ku lilaga lilye.,Bwana ndiye mwenye haki maan nimeiasi amri yake.,general_prose
kentrans_1696,eng_Latn,rag_Latn,Daudi maguta.,Daudi na mafuta.,general_prose
kentrans_414,eng_Latn,rag_Latn,LISOOMA LIO KUNIGWA,KUSOMA KWA LAZIMA,general_prose
kentrans_439,eng_Latn,rag_Latn,31. Kogona muvogono vwa vivuli vovo noveeye mundu uduuki.,Kulala kwenye malazi ya wazazi wako ukiwa mtu mzima,general_prose
kentrans_1963,eng_Latn,rag_Latn,Kumanyia uguteywi vingirizana kandi atuulwe naho naye atuule ma vavukana.,Kudhibitisha ameshinda walirudi kucheza na aliyeshinda angeangushwa au aangushe kisha waondoke.,general_prose
kentrans_1051,eng_Latn,rag_Latn,No muhe fuma!,Kwake utapata hifadhi!,general_prose
kentrans_2920,eng_Latn,rag_Latn,Lwakatsoma mu liduma numunwa kandi guhanda mu,Venye kalidona kwenye hindi na mdomo tena ukakwama,general_prose
kentrans_1419,eng_Latn,rag_Latn,Induvatiru,Wayo,general_prose
kentrans_3647,eng_Latn,rag_Latn,6 kuheye avaegepeti makono na avasura ku Duke kwiguta vyokulia.,Tumewapa hao Wamisri mkono na Waashuri nao ili tushibe chakula.,general_prose
luhya_multi_324_sw,swh_Latn,rag_Latn,Mwanamke kung’ oa nyasi maalum za kuezeka nyumba,43.Mukali kwihila evembe.,Conversational
kentrans_2308,eng_Latn,rag_Latn,KOGENDE NOVOGELI,Tuwe werevu,general_prose
luhya_multi_236_sw,swh_Latn,rag_Latn,Mona watusahau siku zote?,20 Kigiraki u kwiviranga madiku gosi.,Conversational
kentrans_2796,eng_Latn,rag_Latn,Ndavaha tsisaala tsiange.,Niliwapa miti yangu.,general_prose
luhya_multi_379_en,eng_Latn,rag_Latn,Where were they buried?,7. Yaata kaliki aviguliri?,Conversational
luhya_multi_282_sw,swh_Latn,rag_Latn,Kwa nini aliwaita ?,3. Kigiraki yavalanga?,Conversational
kentrans_2481,eng_Latn,rag_Latn,Kungereng”ana kuli tsingelosi,Tunang’a kama nmalaika,general_prose
luhya_multi_217_sw,swh_Latn,rag_Latn,Ewe Bwana unadumu milele.,"19 Ive, o Yahova uhindiranga mihiga ne nemihiga.",Conversational
kentrans_1121,eng_Latn,rag_Latn,Inze mwene si nda manya Mwami wange ha a veeye Mwene amanya bulahi.,Sinayo yote fahamu Aliko Mwokozi wangu Ndiye yeye ajuaye,general_prose
kentrans_1429,eng_Latn,rag_Latn,Voola uvulahi voveeye kumisaala.,Sema umuhimu wa mti,general_prose
kentrans_1966,eng_Latn,rag_Latn,Tsinyinga tsindi visundanga kuhambana kali no losoma lwa himbi lwa valwanangi nalwo ku lwana no losoma lundi ihale ho hadi,Wakati mwingine wangekuja pamoja na wale kutoka jamii ya hapo karibu walilokuwa wakipigana nalo ili wapigane na wale kutoka jamii nyingine ya mbali..,general_prose
kentrans_2863,eng_Latn,rag_Latn,Agaveye mu barwa yiyi,Yaliyomo katika barua hii,general_prose
kentrans_2003,eng_Latn,rag_Latn,Vulwani vwa ndalwana mulilova.,Vita nilivyovipiga duniani,general_prose
luhya_multi_49_en,eng_Latn,rag_Latn,"""Israelites, obey all the laws that were given to you by the Almighty God.","""Baisiraeli, ria kamalaka koosi niko Wele Omunyali amwekisia mwesi.""",Conversational
kentrans_1184,eng_Latn,rag_Latn,Va manya Lyerha Lyo.,Watambua Jina lako,general_prose
kentrans_1220,eng_Latn,rag_Latn,"Wa linda vandu vo,",Walinda watu wako,general_prose
kentrans_922,eng_Latn,rag_Latn,"Nyenyanga khurhulidza Ubwoni bwobwo bwosi,",Ili kusafisha dhambi zako zote,general_prose
luhya_multi_10_en,eng_Latn,rag_Latn,"When a child hides there, it was not easy to be found.",. Mwana ni yivisanga mu si yali anyala kololeka dave.,Conversational
kentrans_1010,eng_Latn,rag_Latn,"Saala ku Yesu, Mutungiri.","Omba kwake Yesu, Atulipiaye.",general_prose
kentrans_788,eng_Latn,rag_Latn,Shitabu shi voola ndi.,Maandiko yanasema.,general_prose
luhya_multi_252_en,eng_Latn,rag_Latn,Unless you have rejected us completely; You are very angry with us.,22 Navutswa u kusuye ligali u veye nobutima bunene ku kwinye.,Conversational
kentrans_1083,eng_Latn,rag_Latn,"Vindu vya wa lomba vidzominye lve,",Ulivyoviumba vyote vyakusifu,general_prose
kentrans_1452,eng_Latn,rag_Latn,Niwumika yigulu mukisundi ulalolaki?,Ukiangalia juu gizani utaona nini?,general_prose
kentrans_1403,eng_Latn,rag_Latn,Tsingelosi vandi vika avanyingi kuli lihe,"Ndiye Bwana wa mbingu, Tangu milele Mungu",general_prose
kentrans_3205,eng_Latn,rag_Latn,Indimu inderere indulu.,Ndimu telezinayu kali.,general_prose
kentrans_710,eng_Latn,rag_Latn,Va la verererva,Watasamehewa,general_prose
kentrans_1286,eng_Latn,rag_Latn,Ku mwidzominyanga Iyeta lilye kalunu:,"Utukufu na waone, haki yake itendeke",general_prose
kentrans_3143,eng_Latn,rag_Latn,Adagala nomulala kuyavo vaduuka yo kulola kivala.,Adagala ni miongoni mwa wale waliofika na kujionea nchi za huko.,general_prose
kentrans_1960,eng_Latn,rag_Latn,Mulala ahenza undi mu lusoma lundi ma amutovola. Navugiriye mavandi vatula mu muse.,Mmoja angechaguliwa kutoka kundini na wakishakubaliana kupigani basi wengine wangetokea.,general_prose
luhya_multi_235_sw,swh_Latn,rag_Latn,"Angalia, Ee Bwana; maana mimi ni katika dhiki; Mtima wangu umetaabika;","20 Henza, o, Yahova, kigira mbeye my lidambidzwa , mwoyo gwange gu galiki.",Conversational
kentrans_850,eng_Latn,rag_Latn,Kigira inze ya saala,Kwa sababu ananiombea,general_prose
kentrans_566,eng_Latn,rag_Latn,17. Dada kwadikila munyumba yumwana. (Navutswa mwana anyala kuvugula inyumba ya ise amenyemu.),Baba kuishi katika nyumba ya mtoto wake. (mtoto anaweza kuishi katika nyumba ya babake),general_prose
luhya_multi_112_sw,swh_Latn,rag_Latn,Mtu anaweza akaposa mke wenu akafanya Miriamu jinsi mlivyokuwa.,"""Omundu anyala aakhwa omukhasi wenywe akhola Miriamu nga ne mwaba.",Conversational
kentrans_3083,eng_Latn,rag_Latn,Lola akaana kala kahaanaa kimuga,ona kale katoto kanapeana kibuyu.,general_prose
luhya_multi_294_en,eng_Latn,rag_Latn,To crush underfoot all prisoners of the earth.,34 Ku va duvagira isi wevirenge vyavo ava bofwa vosi vomu lirova.,Conversational
kentrans_1681,eng_Latn,rag_Latn,"Yee, kukiri, yee, kukiri, kukiri kulola kuyaga,","Ndio,bado,hatujawai kuona mambo kama haya.",general_prose
kentrans_1692,eng_Latn,rag_Latn,Nyasaye yaali niyaatuma kale musarisi samweri kuhenza kuvayayi va jese nokutovola uliha uliva mwami,Mungu alimtuma samweli kwa Jese kumwuliza kuwa ni mvulana yupi ambaye angekuwa kiongozi,general_prose
kentrans_621,eng_Latn,rag_Latn,Ha Yesu ya kudza;,Alipofia Yesu,general_prose
kentrans_1716,eng_Latn,rag_Latn,Vaaganaganaa aveeye mwigiingiri Vaaniga kuvoola akungwe vwangu ylirane kwaya mitugu jaise.,Walidhani alikuwa akijigamba na wakawa na haraka ya kumfukuza arejee kuchunga kondoo wa baba yao.,general_prose
kentrans_1285,eng_Latn,rag_Latn,Leta ku Yesu bukumi! Vakristayo voosi:,"Atawala na neema, kwao mataifa",general_prose
kentrans_1807,eng_Latn,rag_Latn,Avandu vavalikiranga mu makula ge vikevo.,Walihesabiwa marika kulingana na jinsi walivyotahiriwa.,general_prose
kentrans_2942,eng_Latn,rag_Latn,Vamenya halala madiku manyingi kuduka nivanyola omwana,Waliishi pamoja siku nyingi hadi wakapata mtoto,general_prose
kentrans_782,eng_Latn,rag_Latn,Na vandu vandi voosi,Na watu wengine wote,general_prose
luhya_multi_371_sw,swh_Latn,rag_Latn,Babu zetu waliotenda dhambi hata hawako.,7 Avaguga vetu vakola ubwoni na sivaveyeho.,Conversational
kentrans_130,eng_Latn,rag_Latn,Yijii nigyo miyinzi gyo mundu musatsa adukana ave nagyo muliviluka lilye.,Haya ndiyo majukumu ya mwanaume anayestahili awe nayo tangu utotoni hadi uto uzima.,general_prose
kentrans_993,eng_Latn,rag_Latn,Mwana wa Nyaaye Muderwa.,Mwana wa Mungu mpendwa.,general_prose
kentrans_606,eng_Latn,rag_Latn,Ku mu yinzirira.,Tumfanyie kazi yake,general_prose
kentrans_2766,eng_Latn,rag_Latn,Likomi na mulala nzie.,Yamemaliza watoto kumi na mmoja.,general_prose
kentrans_699,eng_Latn,rag_Latn,Ubukumi bwibe bwosi,Utukufu wake wote,general_prose
kentrans_1968,eng_Latn,rag_Latn,Mugoye gwavohangwa mu kiguti kirahi ahavandu ve tsisoma tsiviri naho tsivaga tsivuganiranga.,Kamba ilikuwa ikifungwa kwenye kiwanja kizuri mahali ambapo koo mbili au tatu zilikuwa zikikutania.,general_prose
kentrans_2878,eng_Latn,rag_Latn,"Yaganagana ndi nuvulahi vivien mu, ma ihigili niiva inyama yosi yakaatsi kwigama mu.",Alifikiria kuingia ndani aone iwapo mnyama yeyote amejikinga ndani.,general_prose
kentrans_1088,eng_Latn,rag_Latn,U veeye netsingulu tsyosidza;,Mungu mwenye nguvu zote,general_prose
kentrans_1944,eng_Latn,rag_Latn,Mugoye,Kamba,general_prose
kentrans_2517,eng_Latn,rag_Latn,"Baba munene, mama mudi na vaana komi na mbili -Isa",Baba mkubwa mama mdogo na watoto kumi na wawili -saa,general_prose
kentrans_1261,eng_Latn,rag_Latn,Kigira wa duuka hano kukuhonnya.,Mbingu zote na zuijae sifa!,general_prose
kentrans_2236,eng_Latn,rag_Latn,Umuviki halahi hoho mwigulu,Mlaze pako pema mbinguni,general_prose
kentrans_449,eng_Latn,rag_Latn,kusilla ku mang'ana ga senge.,Kupuuza wasia wa shangazi,general_prose
kentrans_1357,eng_Latn,rag_Latn,Lwa va menyanga yeyo Yesu yivulwa.,Huko walikoishi kazaliwa Yesu,general_prose
kentrans_1509,eng_Latn,rag_Latn,Mwoyo,Moyos,general_prose
kentrans_69,eng_Latn,rag_Latn,"Mama umkeere wa Amwavo baba wowo umulanganga mama, Mwisukulu Amwavo guga wovo ive umulanganga kandi guga naye akulanga mwisukulu.","Mama wa Ndugu ya baba yako anaitwa mama, Mjukuu Ndugu ya babu yako unamuita pia babu naye anakuita mjukuu",general_prose
kentrans_1946,eng_Latn,rag_Latn,Naho kindu chosi kitumika kovoha kukiranganga mugoye,Chochote ambacho hutumiwa kufunga vitu huitwa kamba(mugoye),general_prose
kentrans_1228,eng_Latn,rag_Latn,U la kwimirira,Unatuongoza,general_prose
luhya_multi_399_en,eng_Latn,rag_Latn,Kavili child of Nyambura,A - Kavili? -Kavili Nyambura,Conversational
kentrans_2088,eng_Latn,rag_Latn,Liletanga uvulwani hagati witu.,Huleta vita kati yetu,general_prose
luhya_multi_203_en,eng_Latn,rag_Latn,But Sisera fled on foot to Naphtali and the children of Zebulun?,17 Navutswa Sisera yiruka nevilenge va Nafitali na tsyavana va Zebuloni?,Conversational
luhya_multi_5_en,eng_Latn,rag_Latn,S,. Indede eeh! Indede mama. Indede eeeh!,Conversational
kentrans_3192,eng_Latn,rag_Latn,Indimu indahi iveeye kumusaala.,Ndimu nzuri iko mtini.,general_prose
kentrans_1610,eng_Latn,rag_Latn,Yaamulia.,Alimla.,general_prose
kentrans_666,eng_Latn,rag_Latn,Yesu ya nkudzera.,Yesu alitufia,general_prose
luhya_multi_227_en,eng_Latn,rag_Latn,Our inheritance has been turned over to strangers.,2 Miyandu gyetu gyi girunkannyiywi kutsya ku vageni.,Conversational
kentrans_2379,eng_Latn,rag_Latn,Hulila mwoyo gwigwe gulanganga,Sikia sauti yake anaita,general_prose
kentrans_3067,eng_Latn,rag_Latn,Daudi yahana galana,Daudi …………,general_prose
kentrans_2414,eng_Latn,rag_Latn,"Musi mu mwoyo , musi ligali","Ndani ya moyo, ndani kabisa",general_prose
kentrans_3495,eng_Latn,rag_Latn,Kigira avana vadoto na va nunanga Va kudziye ku Tsinzira tyelidala.,"Kwa sababu watoto wachanga na wanyonyao, Huzimia katika mitaa ya mji.",general_prose
kentrans_3187,eng_Latn,rag_Latn,Yer yindi adeekere inyama.,….. ingine anapikia nyama.,general_prose
kentrans_1941,eng_Latn,rag_Latn,Vagalanganga amadia.,Walikuwa wakiyaita ‘amadia’,general_prose
kentrans_2723,eng_Latn,rag_Latn,Na sikulitsa amagina dave.,Hatuli mawe.,general_prose
luhya_multi_275_en,eng_Latn,rag_Latn,"Even jackals offer their breasts, and nurse their young.","3 Kali vibwe vi twulidza tsimbeere, nokunyuunya avana vavyo.",Conversational
luhya_multi_332_sw,swh_Latn,rag_Latn,Mwanamke kutawanya mbegu na mwanaume kuzifukia,47. Mukali kumiza mulimi avikula vatage.,Conversational
kentrans_2543,eng_Latn,rag_Latn,"Baba na mama mwana na vaana vavo - Liuva,Mweri neTsingerengani","Baba na mama mtoto na watoto wao –Jua,Mbalamwezi na Nyota",general_prose
kentrans_3448,eng_Latn,rag_Latn,"Yahova u haane lilaga makuva ga yakobo, Ava muhimbirizanga VA veye avadambidzi veve.","Bwana ametoa amri juu ya Yakobo, kwamba wamzungukao ambao ni watesi wake.",general_prose
kentrans_2049,eng_Latn,rag_Latn,Vagira Yesu navambwa,Wakafanya Yesu Asulubiwe,general_prose
kentrans_1645,eng_Latn,rag_Latn,KUGUMIRA AVIIVI,KUNASA WEZI.,general_prose
kentrans_3185,eng_Latn,rag_Latn,Wataaga haliki inyaanya yoyo?,Ni wapi ilikopanda nyanya yaka.,general_prose
kentrans_3279,eng_Latn,rag_Latn,6 Naye ya tuma mundu ku-yiruka nevirenge,Naye alituma mtu akatoroka kwa miguu,general_prose
kentrans_1498,eng_Latn,rag_Latn,Nuvulahi uvuli kuseka vandi gase navo valakuseka.,Si vizuri kuwacheka wenzako kwa sababu na wao pia watakucheka.,general_prose
kentrans_2396,eng_Latn,rag_Latn,Mwoyo gwange hulila (3),Sikia roho yangu,general_prose
kentrans_1529,eng_Latn,rag_Latn,Tsingeho,Mishipa,general_prose
luhya_multi_84_en,eng_Latn,rag_Latn,The servant was fleeing to curse you.,"""Nasioobi aaba ne elukha khumulaama enywe.",Conversational
kentrans_528,eng_Latn,rag_Latn,Kutula lwene yilwo vavoolerwa kulia nukunwa halala nukusanga mu vindu viosi no koleka vutima.,Tokea hapo ilisemekana wamekunywa na kula pamoja katika ushirika wa kukomesha hasira na uadui.,general_prose
kentrans_487,eng_Latn,rag_Latn,"“Mulina wange ogoti”,","""Rafiki yangu amepotea""",general_prose
kentrans_3039,eng_Latn,rag_Latn,Viiva agogo gala,Wanaiba ile yako,general_prose
kentrans_1845,eng_Latn,rag_Latn,Yiyi niyo inyinga yaviganga ameta ga vandu vaveye,Huu ndio wakati waliokuwa wakijifunza majina ya watu walio,general_prose
luhya_multi_220_sw,swh_Latn,rag_Latn,"Kumbuka mateso yangu na msiba wangu,uchungu na nyongo.","19 Widzulitse lidambidzwa lyange na likenya lyange, kilulu nendulwe",Conversational
kentrans_2945,eng_Latn,rag_Latn,Lidiku lindi mukaana wadeka ku linani uyu vatsia kulima mulimi gwali ihale mu kivanda.,Siku moja mschana aliyekuwa ameoleka kwa zimwi huyu walienda kulima shamba ambalo lilikuwa mbali mtoni,general_prose
kentrans_3482,eng_Latn,rag_Latn,Ya vika mmukono gwa avasigu madigi getsinyumba tsitsye tsyobwami.,Amezitia katika mikono ya hao adui Kuta za majumba yake.,general_prose
kentrans_1485,eng_Latn,rag_Latn,Henza kumundu uyu.,Angalia mtu huyu.,general_prose
kentrans_798,eng_Latn,rag_Latn,Bethiehemu,Bethlehemu,general_prose
kentrans_210,eng_Latn,rag_Latn,O niye uwalange UMBIDI.,Ndiye aliyekuwa tabibu.,general_prose
kentrans_2730,eng_Latn,rag_Latn,Henza ku mweli.,Tazama mwezi.,general_prose
kentrans_3066,eng_Latn,rag_Latn,Hano nahoho naho nahaavo,Hapa ni kwako ama ni kwao?,general_prose
kentrans_1652,eng_Latn,rag_Latn,"Naye yaalira muno, navutswa yaali nerisuuvira uwiiva yaali mulala kuvayayi vaaliho mulisiivula.","Naye alilia sana ,lakini alikuwa na imani aliyeiba alikuwa mmoja wa wale vijana ambao walikuwepo wakati wa kupalilia",general_prose
kentrans_3103,eng_Latn,rag_Latn,Amadeede giirukaa avaana,Nzige wanawatoroka watoto,general_prose
kentrans_3393,eng_Latn,rag_Latn,"6 Mu madiku ga Shamigari mwana Nokutwula Zebuloni, ava guni","6 katika siku za shamkari mtoto kutoka Zebuloni,amewashika.",general_prose
kentrans_549,eng_Latn,rag_Latn,"2. Kwikala ku lugina lwavasieraku, kijira ulatula mugongo.","2. Kuketi kwenye jiwe la kusiaga nafaka, kwa sababu utapasuka mgongo.",general_prose
kentrans_1766,eng_Latn,rag_Latn,Kuduka alonde mu gwandangu atsie mu magomia naho atsie mmbulimu.,Ilibidi apitie mlango wa nyuma aende kwa shamba la ndizi au kichakani,general_prose
kentrans_441,eng_Latn,rag_Latn,33. Mwiha kuliira amaveere hayatsia nakikiri kwivula họ mwana.,Mwanamke kula kwa maziwa alikoolewa na hajazaa hapo mtoto,general_prose
kentrans_3169,eng_Latn,rag_Latn,Lugulu neridaala liveeye kukigulu,Mji wa Luguli iko eneo la mwinuko,general_prose
luhya_multi_124_en,eng_Latn,rag_Latn,"There is no other tribe even if it has many powers that lights fire on Mount Sinai, which has God you have never seen any idol.","""Se eliio ekholo ekiindi yakhaba ne eli ye kamaani kamakali rira mu mulilo khu sikulu sia Sinai, eli ne wele ooli mwabonakho efwaani yosi yosi tawe.",Conversational
kentrans_3444,eng_Latn,rag_Latn,"16 Inze ndiranga kigira vindu yivi, imoni yange, imoni yange, yidoolanga amadzi.","Mimi ninalia kwa sababu ya mambo haya,jicho langu, jicho langu, linatitirika machozi.",general_prose
kentrans_2028,eng_Latn,rag_Latn,Kumsalaba Yesu yavambwax2,Msalabani yesu alisulubiwa,general_prose
kentrans_1153,eng_Latn,rag_Latn,Luliva Iwimbu lwo busangali.,Utakuwa wimbo wa kumsifa,general_prose
kentrans_200,eng_Latn,rag_Latn,"Umbidi uyu siyalange IKIIZIRI, UMUGASA, UMULOGI, UMULUMINDI, MKALI, WENDASIMBA, WO MWANDU, WEKEVEERE, UMULEMA, WE LINEGE LILALA, WE KIGUKU, WIVULWA VINANENGE, MBOKU, UMUMENYA dave.","Tabibu hakuwa gumba,mkora,mchawi,muuaji,mke,aliyezaliwa kabla ndoa, aliyezaliwa kwa ujane, kilema,aliye na ulemavu wa uzazi,asiye na uwezo wa kuona.",general_prose
kentrans_2463,eng_Latn,rag_Latn,Vavika maguta mu tsitaya,Walijaza taa zao mafuta,general_prose
luhya_multi_164_en,eng_Latn,rag_Latn,"The kings of the earth did not believe, nor all who dwell in the world.",12 Avami velirova si va suuvira Kinga vosi ava menyanga mu lirova.,Conversational
kentrans_3213,eng_Latn,rag_Latn,Linyolonyolo likaveeye lunyaasi kuvandu nabos,"Je, kuna uwezekani kwamba linyolonyolo ni dawa?",general_prose
kentrans_3215,eng_Latn,rag_Latn,Yaviika inyama inyumu kusahani.,Aliweka nyama ilokauka kwa sahani.,general_prose
kentrans_2926,eng_Latn,rag_Latn,Kale muno valiho vaana vaviri avavisandu,Hapo zamani za kale palikuwepo watoto wawili yatima,general_prose
kentrans_1611,eng_Latn,rag_Latn,Anakamuna kaali akageri muno; kigira kaavula kulia nnya.,Anakamuna alikuwa mwerevu sana; maanake hakumla mamake.,general_prose
kentrans_369,eng_Latn,rag_Latn,MUNDU ATULA HAYI,MTU ANATOKA WAPI,general_prose
luhya_multi_345_en,eng_Latn,rag_Latn,What words were behind where he came from?,5. Nimang'anaki gaali inyima wayaatula?,Conversational
luhya_multi_109_en,eng_Latn,rag_Latn,One investigator cannot make him chase away the killer.,"""Omuloli mulala se anyala khukhola atimania omwiiri.",Conversational
kentrans_2786,eng_Latn,rag_Latn,Awa!nzitsanga witu,La! Naenda kwetu.,general_prose
kentrans_2043,eng_Latn,rag_Latn,Kumsalaba Yesu yapambwa,Msalabani Yesu Alisulubiwa,general_prose
kentrans_1913,eng_Latn,rag_Latn,Vamanyanga vatovola inzira yavo enene itsitsanga mu luhya mavatovola havundu halala vavika lugaga lwa hasi lwa vandu vanyala kusiira kovodoto ma vavika mu mutembe.,Wangechagua njia moja ya kwenda barazani mwa wazee na kutenga mahala pamoja ambako walijenga zizi ya kurukwa na watu wote kwa urahisi na kasha kutega mti wa mtembe (aina ya mchongoma),general_prose
kentrans_2041,eng_Latn,rag_Latn,Yavova lero gafweye,Akasema leo imekwisha,general_prose
kentrans_653,eng_Latn,rag_Latn,"Ku muala yigu, Magahi ga tadza,","Kwenye huo msalaba, damu ilimwagika",general_prose
kentrans_3021,eng_Latn,rag_Latn,ligera lirala,Mtihani mmoja,general_prose
kentrans_1342,eng_Latn,rag_Latn,Myoyo gyavo gya hya inyinga va hulira,Nyoyo zao zivunjike wasikiapo habari hii,general_prose
kentrans_655,eng_Latn,rag_Latn,"No mulahi muno, kigira ni yaho.","Ni mzuri sana, kwa kuwa ni hapo",general_prose
kentrans_3564,eng_Latn,rag_Latn,"36 Kihinula mundu mu livola lilye, yaga Yahova ni a bugirira mba.","kumnyima mtu haki, Bwana hawezi kukubali mambo kama haya.",general_prose
kentrans_1713,eng_Latn,rag_Latn,"Nuvulahi umbe tsingulu tsiokwita musigu wiitu.""",Ni vizuri unipe nguvu za kuua huyu adui wetu.”,general_prose
kentrans_1574,eng_Latn,rag_Latn,Gagasirimaguu!,Nitamu sana !,general_prose
kentrans_1189,eng_Latn,rag_Latn,Ya boholola vahambe,Wafungwa hufanywa huru,general_prose
kentrans_3011,eng_Latn,rag_Latn,Walola wali ula,Ulimuona yule tena?,general_prose
kentrans_397,eng_Latn,rag_Latn,Lilonda ku niva umukali walekwa uyu niiva yakola ku ovoheyi musatsa wewe nakutsi nivakili kulomba olovego sasiena ku hakilindwa yiki mba.,Kulingana na miiko kama mjane aliyeachwa alikuwa mzinzi mume wake akifariki kama bado hawajafanya kumbukumbu hakufaa kukaribia kaburi la mumewe,general_prose
kentrans_578,eng_Latn,rag_Latn,"Ligomia livisi, lineke, ligondi, nu vwuki vwangote nivio viatumiki rangwa ku miyinzi je lilekerana no kutulitsa amahiolo.","Ndizi mbichi, lineke, kondoo, na asali ilokomaa ni baadhi ya bidhaa zilizotumika katika sherehe za kusameheana na kutakasana kutoka kwenye maovu ya miiko.",general_prose
kentrans_1016,eng_Latn,rag_Latn,Ku musalaba gwa ya kukudzira,Msalabani alitufia,general_prose
kentrans_1842,eng_Latn,rag_Latn,Natsitsagilira kuviruka yamanya atanga kolekerwa lyaya tsimbuli.,Akiendelea kukua alikuwa akiachiwa jukumu la kuchunga mbuzi.,general_prose
kentrans_2846,eng_Latn,rag_Latn,1.Kuyanzitsa avana.,Huburudisha,general_prose
kentrans_502,eng_Latn,rag_Latn,LOVEGO,MAKUMBUSHO,general_prose
kentrans_1911,eng_Latn,rag_Latn,Na vandi valange avasoohi avanyala kohenza ku kindu cho mundu ma choneka.,Baadhi ya watu walikuwa wachawi ambao wangeweza kuharibu kitu cha mtu kwa kukiangalia macho mabaya.,general_prose
kentrans_3325,eng_Latn,rag_Latn,"Mu madiku ga Jaeli, tsinzira","Kwa siku za Jaeli, njia",general_prose
kentrans_435,eng_Latn,rag_Latn,"27. Kohenza ku amwavo wovo nakuzi, niva wamugendelel, nakikiri mwoyo.",Kutazama mwili wa ndugu yake aliyekufa iwapo hakumtembelea akiwa hai,general_prose
kentrans_3036,eng_Latn,rag_Latn,Liguyaguyi,Buibui,general_prose
kentrans_536,eng_Latn,rag_Latn,Yagonanga ichova.,Angelala nje.,general_prose
kentrans_2910,eng_Latn,rag_Latn,Evelia yali muyayi mugeri ligalli muno,Evelia alikuwa mvulana mwerevu Sana,general_prose
kentrans_1415,eng_Latn,rag_Latn,"O Nyasaye, udze, nunu menya mu mbiri gyetu;","Eh Bwana njoo kwetu, daima kaa nasi",general_prose
luhya_multi_391_sw,swh_Latn,rag_Latn,Tunapata chakula kwa kuhangaisha nafsi zetu.,9 Ku nyolanga vyakulia vyetu kulidambidza livamwoyo lyetu.,Conversational
kentrans_2905,eng_Latn,rag_Latn,Nelitsia kulia.,Akaenda kumla.,general_prose
kentrans_2467,eng_Latn,rag_Latn,Vagotera mu tsindolo tsio vwoni,Walizama katika usingizi wa dhambi,general_prose
kentrans_1394,eng_Latn,rag_Latn,Mwoyo gwange gu sangalanga,Nafsi yangu inakusifu,general_prose
kentrans_836,eng_Latn,rag_Latn,"Se Ii nengelosi yelilisia, bulili bwene mwigulu:","Kuna malaika anatayarisha, makao yenu mbinguni:",general_prose
luhya_multi_150_en,eng_Latn,rag_Latn,The hands of compassionate women have cooked their own children.,10 Makono ga vakali avetsimbavasi ga deki avana vavo Avene.,Conversational
kentrans_3320,eng_Latn,rag_Latn,"Ha vandu vovo; Yahova, Nyasaye wa Israeli",Pa watu wako; Bwana Mungu wa Israeli,general_prose
kentrans_1703,eng_Latn,rag_Latn,"Inze ndalwana naye.""",Mimi nilipigana naye.,general_prose
kentrans_1801,eng_Latn,rag_Latn,Miyinzi jo mwana mukana,Majukumu ya mtoto msichana,general_prose
kentrans_3197,eng_Latn,rag_Latn,Nikutaaga matunda kulakoleraki?,Ni nini tunawezakunyia matunda tunayopanda,general_prose
luhya_multi_301_en,eng_Latn,rag_Latn,Cutting and drawing blood from a person.,37. Kotema no kutazitsa wundi logoma.,Conversational
luhya_multi_165_sw,swh_Latn,rag_Latn,Wakuu hutungikwa kwa mikono yao;,12 Avanene vasungwa kumukono gwavo.,Conversational
luhya_multi_370_en,eng_Latn,rag_Latn,"You will pursue them with anger, and destroy them so they are no more under the Lord's heavens.","66 U la VA londerera nobutima, nokuvadividza va twule VA vuli kuva isi weligulu Lya Yahova.",Conversational
kentrans_1219,eng_Latn,rag_Latn,Oh Nyasaye Umulindi,Eh Mungu mlinzi,general_prose
kentrans_3574,eng_Latn,rag_Latn,"46 Avasigu vetu vosi valaminyi minwa gyavo ku kwinye, ubudivi na bwoneku.",Adui zetu wote wamefumbua vinywa vyao wazi dhidi yetu.,general_prose
kentrans_1004,eng_Latn,rag_Latn,Bwaha a nyala kubutwulidza?,Nani awezaye kuziosha?,general_prose
kentrans_1979,eng_Latn,rag_Latn,Virananga sia mugolova kuduka madiku go mabasu gafwa.,Wanarudi kila siku jioni hadi vile siku ya jua itakapo isha.,general_prose
kentrans_3071,eng_Latn,rag_Latn,Vavoolere vahere yahoo.,Waambie wakife hapo.,general_prose
kentrans_1187,eng_Latn,rag_Latn,"Li khunga uburhii bwosi,",Latufanya jasiri,general_prose
kentrans_125,eng_Latn,rag_Latn,Atava umundu uyanza ivyavutswa.,Asiwe mtu apendae vitu vya bure.,general_prose
kentrans_2876,eng_Latn,rag_Latn,"Lwa vwaduka hamugolova, yaganagana kwilana yengo.","Ilipofika jioni, alifikiria kurudi nyumbani.",general_prose
kentrans_864,eng_Latn,rag_Latn,Lero mulina wa vandu wina?,Leo rafiki wa watu ni nani?,general_prose
kentrans_1085,eng_Latn,rag_Latn,Wetsimbabasi ku ku gohanga.,"Ewe Utatu, tunakusifu",general_prose
kentrans_2785,eng_Latn,rag_Latn,Muleri koole mwana.,Mlezi chukua mtoto,general_prose
luhya_multi_305_en,eng_Latn,rag_Latn,A child starting to harvest food in the farm without the father's permission,39. Mwana kutanga ligesa viukulia m’mulimi vujira livugilira lia dada.,Conversational
kentrans_117,eng_Latn,rag_Latn,Umundu umuguulu ukutumikila ikivala na Nyasaye.,Mtu mwenye bidii wa kumhudumia ulimwengu na pia mungu,general_prose
luhya_multi_333_sw,swh_Latn,rag_Latn,"Vijito vya machozi vinatiririka kutoka machoni mwangu, kwa sababu watu wangu wameangamizwa.","48 Imoni yange yidoolanga migera gya madzi, kigira ubwoneku bwomukana wavandu vange.",Conversational
luhya_multi_74_sw,swh_Latn,rag_Latn,Mtalaaniwa kwa kila kitu ambacho ako anawapatia kuwa chenu.,"""Mulalaamwa mu buli siindu nisio alikho amuelesia khuuba sisienywe.",Conversational
luhya_multi_328_sw,swh_Latn,rag_Latn,Mwanamke kupanda ndizi au miti,45. Mukali kusimika magomia naho misala.,Conversational
luhya_multi_158_sw,swh_Latn,rag_Latn,Hapo Jaeli bibi wa Heberi na Mukeni aliamka akachukua kigingi kimoja na akachukua kutoka Vakeni hata kutoka kwa nyundo yake na akaenda na watoto wa Hobabu shemeji wa Musa kwake polepole na alimpiga silaha na akajenga hema yake ambayo iko mbali sana kwa jamzi,"11 Na Heberi Mukeni yavukana vugula kivambo kilala, na a vugula kutwula ku vakeni, kali kutwula ku inyundu mmkono gwigwe,nay a tsia avana va Hobabu mukwasi wa Musa, kuye galaha, nay a mukupira kiva na yombaka lihema lilye ihale kuli ha mbo zana mu lunyanyiru, nakyo kya kereremu kya zaanaim, ki veye himbi vita buvu ni kingira hasi;kigira ya li",Conversational
kentrans_2597,eng_Latn,rag_Latn,Mbeye no musungu wange yayivikalikoti limwamu ne itayi indavu - Lijikolo,Nina mzungu wangu anavalia koti nyeusi na tai nyeupe Tai,general_prose
kentrans_3263,eng_Latn,rag_Latn,Ndiegu yacheena umwana nagoonya mbula amuhe ku navutswa mwana yamugaya navola:-,Ndiegu alilaani mototo na kubembeleza ili amugawie chakula kidogo lakini mototo alikataa na kumkejeli:-,general_prose
kentrans_2680,eng_Latn,rag_Latn,Woo-oho! Ninze Lledi wa lledanga ha vugwi.,Woo-oho ni mimi Lledi niliyekuwa nikilinda mashariki.,general_prose
kentrans_513,eng_Latn,rag_Latn,Lovego lwahananga vwiyangu ku mundu mukunzakali atigale naaganagana kuli yemenyia.,Makumbusho yalikuwa yakimpa mjane nafasi ya kuwazia jinsi atakavyoishi.,general_prose
kentrans_2367,eng_Latn,rag_Latn,Valanyimbira ulwimbu uluhya,Watakao niimbia wimbo mpya,general_prose
kentrans_805,eng_Latn,rag_Latn,"Nyasaye,","Mungu,",general_prose
kentrans_2991,eng_Latn,rag_Latn,Vaalola avalalu vaavo veere,Waliona wendawazimu wao pekee,general_prose
kentrans_2611,eng_Latn,rag_Latn,Mbeye na vasikali vange nimbalanga vatsanga vwangu -Amage,Nina askari nikiwaita wanakuja haraka -Mchwa,general_prose
kentrans_2617,eng_Latn,rag_Latn,"Ndavagala muchere gwage ku mbasu lwa vwali nivuchetsanga, na lwa vwacha sindagola kandi mba - Tsing'erengani",Nilianika mchele wangu mchana kulipokuwa kunakucha lakini kulipokuchwa sikuuona -Nyota,general_prose
luhya_multi_88_en,eng_Latn,rag_Latn,And at that time I said continue with the journey.,"""Ne siise esio naboola muchiililile ne lukeendo.",Conversational
kentrans_1418,eng_Latn,rag_Latn,Mwami Yesu womwigulu leta ubuyanzi bubwo.,"Mungu Mwana wa mbinguni, tufikishie furaha",general_prose
kentrans_1322,eng_Latn,rag_Latn,Gokuyanzidza avandu voosi”,Walimwengu waokoke nwote”,general_prose
kentrans_2541,eng_Latn,rag_Latn,"Kibangalia vonyole -- Liuva, mweri","Sahani kwa wanyore -Jua, Mbalamwezi",general_prose
kentrans_675,eng_Latn,rag_Latn,Wa kudzera kwosi;,Ulitufia sote,general_prose
kentrans_3477,eng_Latn,rag_Latn,Kandi mu mukana wa Yuda u medi lisyoma nokwiduya viritu.,Tena amemzidishia binti Yuda Matanga na maombolezo.,general_prose
kentrans_2703,eng_Latn,rag_Latn,Lero ngonanga nenzetegi.,Siku hizi nalala kama nimechuchumaa.,general_prose
kentrans_509,eng_Latn,rag_Latn,Niyali mwana avandu vali vake.,Iwapo ni mtoto walionyolewa walikuwa watoto wadogo.,general_prose
luhya_multi_216_en,eng_Latn,rag_Latn,Our pursuers were swifter than the eagles of the heavens.,19 Ava londereranga kwinye vali netsimbiru kuvita tsindidzu tsyomwigulu.,Conversational
luhya_multi_109_sw,swh_Latn,rag_Latn,mchunguzi mmoja hawezi akafanya kumfukuza muuaji.,"""Omuloli mulala se anyala khukhola atimania omwiiri.",Conversational
kentrans_1773,eng_Latn,rag_Latn,Avaluuti kutula wanga mukaana na vandu valetaanga vihanwa ku mwana.,Wageni kutoka kwa kina msichana ni watu walioleta zawadi kwa mtoto,general_prose
kentrans_2606,eng_Latn,rag_Latn,Mma yirungu yadota -Liengu,Mama kwenye dari ni mgonjwa - Ndizi,general_prose
kentrans_746,eng_Latn,rag_Latn,Nda midzominya munonono,Nitamtukuza kabisa.,general_prose
luhya_multi_139_en,eng_Latn,rag_Latn,One plate,(Lu)deru lulala,Conversational
kentrans_526,eng_Latn,rag_Latn,"Mayavugulanga ligomia livisi, akuvula, maavaha vamegana no kulia.",Kisha alichukua na kubambua ndizi mbichi alilowapea wagawane na kulila.,general_prose
kentrans_1412,eng_Latn,rag_Latn,"Livamwoyo nobulavu a letera vumkivala,","Kaa nasi, Mwokozi, vita hatuviwezi",general_prose
luhya_multi_113_sw,swh_Latn,rag_Latn,"Mtu akiwa na mke ambaye amemuoa hivi karibuni, kisha wewe upatikane kuwa unaenda vita ama unafanya kazi wewe ni muovu.","""Omundu ne ali no mukhasi omwea, mala ewe onyoolekhe khuuba khocha mwiie, namwe akhole kimilimo oli omumayaanu.",Conversational
luhya_multi_132_sw,swh_Latn,rag_Latn,Mungu mweza wa vyote atawapa watu wote baraka miji zenu na mashamba.,“Wele Omunyali Owa Bioosi alabiita babaandu boosi chikhabi chingoba chenywe ne kimikuunda.,Conversational
kentrans_2318,eng_Latn,rag_Latn,Vatuli muvandu vaveye avakuzu,Enyi mlotoka kwa wafu,general_prose
kentrans_1299,eng_Latn,rag_Latn,Yivuliywi mwana:,Leo amezaliwa,general_prose
kentrans_514,eng_Latn,rag_Latn,Naveeye mundu musatsa ahenze kuli nalindi inyumba.,Akiwa mwanaume aangalie jinsi atalinda familia.,general_prose
kentrans_3196,eng_Latn,rag_Latn,Nuvulahi avandu vakoleki kumatunda?,Ni nini watu wanaweza fanya kwa matatunda?,general_prose
kentrans_1678,eng_Latn,rag_Latn,Yaalira niyikuula navoola,Alilia kwa uchungu na kusema,general_prose
kentrans_3536,eng_Latn,rag_Latn,"8 Yee, Ni nkupa lwanga nokwenya mukonyi, a haniranga kyova lisaala lyange.","Hata ninapoita au kulia ili kuomba msaada, anakataa kupokea maombi yangu.",general_prose
kentrans_2154,eng_Latn,rag_Latn,"Kandi hakekeke virana muvwoni,",Tena wanarudi kutenda dhambi,general_prose
luhya_multi_13_sw,swh_Latn,rag_Latn,Utatoa Florence utatoa faini x2,. Olarusia Florence olarusia ifaini x2,Conversational
kentrans_2339,eng_Latn,rag_Latn,"Lisuuviridza lyosi ni Iyange,",Imani yote ni yangu.,general_prose
luhya_multi_202_sw,swh_Latn,rag_Latn,Kwa sababu ya haya mioyo yetu imezimia.,17 Kigira yaga muyoyo getu gi kudzi.,Conversational
kentrans_2622,eng_Latn,rag_Latn,Tsingano(tsinyimbu)tsialange tsio kuyanzitsa avana vakekeke nende kuhana amigitsu kuvo.,Nyimbo ambazo ziliimbiwa watoto wadogo zilikuwa za kuwafurahisha na kuwapa mafunzo.,general_prose
kentrans_354,eng_Latn,rag_Latn,IVINDU VIMENYI MUVIGULU,VITU VIISHIVYO KATIKA MILIMA,general_prose
kentrans_532,eng_Latn,rag_Latn,"Nichakavimba, mavakubitsa kifu kandi avaviida vwanga navoola amang'ana agokoholitsa kolondana nuvudamanu vwakolwa.",Akishapuliza kibofu cha utumbo alitamka maneno ya ya kutakasa kulingana na maovu yaliyotendwa.,general_prose
luhya_multi_87_sw,swh_Latn,rag_Latn,Na ukipata kiota cha ndege mtini.,"""Ne onyoola siswi sie nyuni khumurongoro.",Conversational
luhya_multi_138_sw,swh_Latn,rag_Latn,(Kusemezana),(Livoolerana),Conversational
kentrans_3468,eng_Latn,rag_Latn,"U tsi tsomi kuduka Hadi, u Viki Ubudamano ku bwami nokuvanene vabwo.",Amezibomoa hata ameunajisi ufalme wa wakuu wake.,general_prose
luhya_multi_9_sw,swh_Latn,rag_Latn,S,. LUKONGO: TINGOLO,Conversational
kentrans_2850,eng_Latn,rag_Latn,Kumanya miima je hiiri yeye.,Husaidia mwanafunzi kujua utamaduni wao.,general_prose
kentrans_2698,eng_Latn,rag_Latn,Aaa!ninze ingoyi,Aaa! Ni mimi kichomanguo,general_prose
kentrans_970,eng_Latn,rag_Latn,"Lwa mmali khweyama,",Vile nimekiri,general_prose
kentrans_3217,eng_Latn,rag_Latn,Munyolo,Nyororo,general_prose
kentrans_824,eng_Latn,rag_Latn,alidza kuuidza Kuhila voosi va ye vatakase Lwa a lirana mmalesi gegulu.,Atakuja kuchukua watakatifu wake atakapo rudi mawinguni.,general_prose
luhya_multi_54_sw,swh_Latn,rag_Latn,“ Huko ndiko alipopata kuwa uzuri unatoka kwa shamba ”.,“Ebweneyo newayanyoola obulaiburula mumukuunda.”,Conversational
kentrans_1481,eng_Latn,rag_Latn,Yaagulanga inzagayaga nenzagu.,Aliangua matunda.,general_prose
kentrans_2979,eng_Latn,rag_Latn,Uloli liiru lira,Ameona goti moja.,general_prose
luhya_multi_329_en,eng_Latn,rag_Latn,All our enemies have opened their mouths wide against us.,"46 Avasigu vetu vosi valaminyi minwa gyavo ku kwinye, ubudivi na bwoneku.",Conversational
kentrans_1229,eng_Latn,rag_Latn,U ku he vya ku saalanga,Jibu maombi yetu,general_prose
kentrans_1190,eng_Latn,rag_Latn,Na masahi gege;,Kwa damu yake,general_prose
kentrans_266,eng_Latn,rag_Latn,Kandi umwana naveye munda yo mundu mkali utavola aligunza mu vutswa dave.,Tena mtoto akiwa tumboni mwa mwanamke usiseme atakuwa tu humo.,general_prose
kentrans_1424,eng_Latn,rag_Latn,Litunda liveeye lirahi.,Tunda ambalo ni zuri,general_prose
luhya_multi_122_en,eng_Latn,rag_Latn,That second husband too.,"""Omuseecha owe khabili oyo yesi.",Conversational
kentrans_360,eng_Latn,rag_Latn,Umundu nunina kukigulu keveye ku na VOLCANO kwigulu kwene.,Yeyote angepanda mlima wa VOLKANO hadi kileleni,general_prose
kentrans_1824,eng_Latn,rag_Latn,"Ni vahonanga vatumikira vwiyangu vunyingi kuhima no kwita tsimbeva kigira valitsanga tsimbeva. Majungu dave, kigira majungu galange kunu dave. Agene yaga gaatsira mutsimeeri.",Waliopashwa tohara walitumia muda wao mwingi kuwinda fuko wala si panya.,general_prose
kentrans_708,eng_Latn,rag_Latn,A haana lyeta lye.,Anapeana jina lake,general_prose
luhya_multi_152_en,eng_Latn,rag_Latn,"Then they should cooperate with him, he told Sisera to come gather all his chariots, come, I will show you a man together with five thousand chariots if you want","13 Kunangwa kuvugana na ya mu volera, Sisera ya vungidza magari gege gosi Hamba, nda ku mannya mundu wa halala , amagari tsimia tsitano na wenyangaa",Conversational
kentrans_2674,eng_Latn,rag_Latn,Twali kunduya no lwiga lwe mbongo.,Mbuzi hao walikuwa karibu kunigonga.,general_prose
kentrans_3416,eng_Latn,rag_Latn,Avana vadoto veve va hileywi mulyadikidzwa imbiri womudambidzi.,Watoto wake wadogo wamapelekwa mbele ya huyo mtesi wake.,general_prose
kentrans_503,eng_Latn,rag_Latn,"Mundu yagonanga mu kilindwa amadiku gaviri,","Mtu alikua akiishi kaburini kwa siku mbili,",general_prose
luhya_multi_263_sw,swh_Latn,rag_Latn,25. Kuingia nyumbani kwa mtu na uwe na haraka ya kuondoka.,25. Kwingila munyumba yo mundu nukuvita nduli.,Conversational
kentrans_2012,eng_Latn,rag_Latn,Mkivala mwizuye kivihiri.,Dunia imejaa maovu,general_prose
kentrans_1170,eng_Latn,rag_Latn,Khu tsimbabasi yitsi.,Kwa neema zake,general_prose
kentrans_879,eng_Latn,rag_Latn,Mutungiri wetu,Aliyetulipia deni,general_prose
kentrans_1828,eng_Latn,rag_Latn,Nyina mwana ni yakamiranga waatsiye muleri yatsitsanga kulangira musiongo ma yaatsa.,Mama mtoto iwapo angechukua muda kurejea baada ya kuondoka yaya angeenda kuitia jina katika chungu kisha mama angerejea.,general_prose
kentrans_1067,eng_Latn,rag_Latn,"Mukhonyi a li hanu, Shihali nowundi;","Msaidizi yu hapa, hakuna mwingine;",general_prose
luhya_multi_267_en,eng_Latn,rag_Latn,A girl who lost her virginity before marriage going to shame.,26. Mukana wavula kwilinda kusingira ku kesero.,Conversational
luhya_multi_314_sw,swh_Latn,rag_Latn,Nyanya huyo alikuwa akijificha wapi?,4. Mukeere uyo yilvisa haliki?,Conversational
kentrans_2886,eng_Latn,rag_Latn,"Lwe Kisungura chahurila mwoyo, chatiguka tsimbiru.",Sungura aliposikia sauti alitimua mbio.,general_prose
kentrans_1586,eng_Latn,rag_Latn,Avaana vasekasekaa madiku gosi sivaveeye avageri mba,Watoto wachekao kila siku ni wapumbavu.,general_prose
luhya_multi_234_sw,swh_Latn,rag_Latn,Hukuza matamshi wakati wa kuzungumza kwa wanafunzi,2.Kuvilukitsa lulimi ne limoloma lia vaana,Conversational
kentrans_763,eng_Latn,rag_Latn,Udze mwoni bugirira,Njoo mwenye dhambi itika,general_prose
kentrans_107,eng_Latn,rag_Latn,"Amagomia gasimikwi na chaandangu, ha mugitsi mba.",Ndizi zilipandwa nyuma ya nyumba wala si mbele.,general_prose
kentrans_3364,eng_Latn,rag_Latn,"23 kunangwa Nyasaye ya guuta Baraka, Vuka ;kigira ku lidiku yili Jabin mwami wa Kanani imbiri wa Yahova u viki Sisera mmukono avana va Israeli ku lidiku yilyo, gugwo;Yahova si ya tsia imbiri |24 Na mukono gwavana va Israeli","24 Basi hivyo Mungu akamshinda Baraka, inuka maana siku hii Yabin Bwana wa Kanani mbele ya Mungu umueke Sisera kwa mkono watoto wa Israeli ili sik hiyo Mungu hakuenda mbele",general_prose
luhya_multi_379_sw,swh_Latn,rag_Latn,Walizikwa wapi?,7. Yaata kaliki aviguliri?,Conversational
luhya_multi_260_sw,swh_Latn,rag_Latn,"Nimeiambia nafsi yangu, Bwana ni fungu langu, kwa hiyo nitamngojea.","24 Yahova aveye kidieli kyange, mwoyo gwange gu vola, kigira yaga Nda suuvira kuye.",Conversational
kentrans_1288,eng_Latn,rag_Latn,"Kwimbe, kwimbe kuye lero.","Kwa upendo, na kwa upendo wake",general_prose
kentrans_3023,eng_Latn,rag_Latn,Yee avolaa aleeya iyoyo,"Ndipo, anasema atafagia hii yako",general_prose
luhya_multi_296_sw,swh_Latn,rag_Latn,Kumnyima mtu haki zake mbele za Aliye Juu Sana.,35 Ku kyaminya ubulungi bwomundu imbiri womumoni mwa uyu uveye igulu ligali.,Conversational
kentrans_2567,eng_Latn,rag_Latn,Ndangana na senge niyiviki tsinguvu tsindavu - Tsiswa,Nimekutana na shangazi kama amevalia nguo nyeupe -Kumbekumbe,general_prose
kentrans_2666,eng_Latn,rag_Latn,Ndagendagenda,Nilitembea sana,general_prose
kentrans_2373,eng_Latn,rag_Latn,Anoho otovole likuza.,ama uchague kifo,general_prose
kentrans_1524,eng_Latn,rag_Latn,Nivanga avakikiri kumanya?,Ni wangapi hawajui?,general_prose
kentrans_3055,eng_Latn,rag_Latn,Yalola uyu nanonera,Aliona huyu akitumia raslimali vizuri,general_prose
kentrans_2655,eng_Latn,rag_Latn,Yakambala ya hamba ku mugongo,Yakambalala alijishika mgongo,general_prose
kentrans_629,eng_Latn,rag_Latn,Va mu vika Yesu!,Walimvisha Yesu!,general_prose
kentrans_133,eng_Latn,rag_Latn,Mwana wowosi niyivulwa kutula muinda ya Mama weve yenya alangwi ilieta ku atange kulia nokumenya na vandu vanyoye mkivala.,Mtoto yeyote anapozaliwa kutoka tumboni mwa mama yake alihitajika kuitwa jina ndiposa aanze kula na kuishu na watu aliowapata dunuani.,general_prose
kentrans_2324,eng_Latn,rag_Latn,"Ku la hindira yaho naye,",Tutaishi pamoja naye,general_prose
kentrans_3307,eng_Latn,rag_Latn,Vikolwa vyobulungi vyelyameha,Vitendo vya ukweli vitaongoza,general_prose
luhya_multi_24_sw,swh_Latn,rag_Latn,Sadaka za mavuno utaweka chini kikapu mbele za mungu amuombee.,"' Biianwa bie Likesa ""Olara asi sikono ebweeni wa Wele amusaayileo.",Conversational
kentrans_1501,eng_Latn,rag_Latn,Valinda avandu mihiga minyingi.,Walitawala watu kwa miaka mingi.,general_prose
kentrans_967,eng_Latn,rag_Latn,"Gwa u gingi khu musala,","Ulioubeba msalabani,",general_prose
kentrans_276,eng_Latn,rag_Latn,"Tsinganagani tsitsie tsivetsa ihale, kali siyenya umundu musatsa yidili kuye ahimbi mba.","Fikira zake huwa mbali, hata huwa hataki mwanaume asonge karibu naye.",general_prose
kentrans_3290,eng_Latn,rag_Latn,"10 Na singire mu kiliango kyelihema, na ga Baraka ya vugannya halala avandula va ku vosi mundu ni yadza ku ive, va zebuloni na Naftali ya tsia nokukuteva, na a vola, A yeye hano Kedesh;navandu tsielfu likumi vane-mundu ku vosi? Hene yahoo u la gira ha virenge vivye:na Debora tivula, Auwa, si a veye ho.","Na akasimama kwenye mlango wa hema ,na ya Baraka akakutanisha pamoja watukwa wote mtu akikuja kwako Zebuloni na Nafitali alienda na kuuliza na akasema kwake hapo Kedeshi; na watu elfu kumi na wanne watu wote? Wapi hapo utampata na mguu yake na Debora akasema hapana hamna",general_prose
kentrans_143,eng_Latn,rag_Latn,Umwana uyu yalangwa amita yaga nava mwoyo umundu wayalangwa ilieta lille avetsa novuyanzi ligali.,Mtoto huyu aliitwa majina haya akiwa hai mtu ambaye jina lalake lilitwa huwa na furaha sana,general_prose
luhya_multi_368_sw,swh_Latn,rag_Latn,"Uwalipe kile wanachostahili, Ee Bwana, kwa yale ambayo mikono yao imetenda.","64 U la ha tunga litunga, o Yahova, kuli miyinzi gya makono gavo.",Conversational
kentrans_3637,eng_Latn,rag_Latn,A ladza ku ubwoni bubwo omukana wa Edom alavambula ubwoni bubwo.,"Atapatiliza uovu wako, Ee binti Edomu atazivumbua dhambi zako.",general_prose
kentrans_656,eng_Latn,rag_Latn,Ya mala kukutakasa.,Ameweza kututakasa,general_prose
kentrans_1489,eng_Latn,rag_Latn,Uveeyeku nekederu kukinanwa?,Una ndevu zozote kwa kidevu chako?,general_prose
luhya_multi_192_en,eng_Latn,rag_Latn,The Lord has made all my mighty men as nothing in the midst of me.,15. Yahova u tungaminyi avaluviriri vange vosi hagati hange.,Conversational
kentrans_3527,eng_Latn,rag_Latn,"Si ha veye Kali mulala wa hona, Kinga wa tigala mu lidiku lyobutima bwa Yahova.",Wala hapana hata mmoja aliyepona wala kusalia Katika siku ya hasira ya Bwana.,general_prose
kentrans_235,eng_Latn,rag_Latn,"Umweli guveye nemiyinzi mikekeke kuvudiku kigira gokola vutswa kutsisaa tsingekeke magutsia kusosa, ma umweli gulekela avana va gwo.","Mwezi una majukumu machache ya usiku kwa sababu huangaza kwa masaa machache na kisha kwenda kupumzika, Kisha mwezi unawawachia watoto wake.",general_prose
kentrans_3170,eng_Latn,rag_Latn,Vasomi vaduukaaho madiku gosi,Wanafunzi huhudhuri shule hapo kila siku.,general_prose
kentrans_1782,eng_Latn,rag_Latn,Niganyolekanga avandu vaviri avasangi kimanyiru chene yiki mwana yamanya ahebwa ameta gombi.,kama watu wawili walikuwa na alama hiyo mtoto alikuwa akipewa majina yote mawili,general_prose
kentrans_1445,eng_Latn,rag_Latn,Yiyi ningavo ya Vavo.,Hii ni gao yao Wajaluo,general_prose
kentrans_2757,eng_Latn,rag_Latn,Yavotsa mamera gange.,Kuku alikula mimea yangu.,general_prose
kentrans_1832,eng_Latn,rag_Latn,Amadiku gene yago ijumbi yalange ho dave.,Enzi hizo chumvi haikuwepo.,general_prose
kentrans_1440,eng_Latn,rag_Latn,Ingavo,Ngao,general_prose
kentrans_1819,eng_Latn,rag_Latn,Vamulanganga MUDIRI. MUDIRI yali niye unyala kuvigitsa kuli vanyala kulinda amakalaga gavo zana yago.,Aliitwa Mudiri na aliwafunza jinsi ya kujitunza,general_prose
kentrans_683,eng_Latn,rag_Latn,"Kwa kudza kwinye ‘voni,",Tumekuja sisi wenye dhambi,general_prose
kentrans_1746,eng_Latn,rag_Latn,Avaana vayo valindwa vulahi muno.,Vinda vyake huchungwa vizuri,general_prose
luhya_multi_135_sw,swh_Latn,rag_Latn,“ Alienda Nairobi kwa Simiyu.,"“Yatsia e Nairobi, ewa Simiyu.",Conversational
kentrans_3641,eng_Latn,rag_Latn,3 Kuveye avabisandu ava ta lii na vadada.,Tumekuwa yatima waliofiwa na baba.,general_prose
kentrans_1211,eng_Latn,rag_Latn,Va la haana thahabu;,Sadaka kutoa,general_prose
kentrans_2773,eng_Latn,rag_Latn,Mama natsiye kuvaya.,Mama akienda matembezi,general_prose
kentrans_328,eng_Latn,rag_Latn,KUTEMA KELOVA,KUCHIMBA KABURI,general_prose
kentrans_3145,eng_Latn,rag_Latn,Vaavitayo amagera gaavo,Huko walifaulu katika mitihani yao.,general_prose
kentrans_3428,eng_Latn,rag_Latn,"Kigira u Loli Ava ya suuvira vingiranga ha butakatifu bwibwe, Ava wa laga kuvo va ta bugirirwa Kali kwiringa mu livugana lilyo.","aliona mataifa ya kipagani wakiingia mahali patakatifu pake, wale uliowakataza kuingia kwenye kusanyiko lako.",general_prose
kentrans_1204,eng_Latn,rag_Latn,Ubuyanzi lisangaIa,Kwa furaha kumtukuza,general_prose
kentrans_740,eng_Latn,rag_Latn,"Mu tsie nemirembe lero,",Nendeni kwa amani leo,general_prose
kentrans_2769,eng_Latn,rag_Latn,Nzie nzie nzie mmbo,Naenda naenda naenda,general_prose
kentrans_3218,eng_Latn,rag_Latn,Inyaanya,Nyanya,general_prose
kentrans_1739,eng_Latn,rag_Latn,Isimindwa yaalulanga ndi avaana vayo?,Teleka aliangua vipi vinda vyake ?,general_prose
kentrans_339,eng_Latn,rag_Latn,"Kandi ulwa mwenya kuva halala, muve novuyanzi ovonene vwene, nyima nimuhelitsa umwana maaviluki avetasa umwana umulahi ligali no wekivuni kumenye nei hili na ku Nyasaye.","Tena mtakapo kutana kimwili, muwe na furaha kubwa, maanake mtoto atakayezaliwa hukua na kuwa mtoto mzuri Zaidi na wa maana kushi naye na huwa utukufu kwa Mungu.",general_prose
kentrans_1093,eng_Latn,rag_Latn,U lola mmbasu nomukisundi kyosi;,Uko imar usiku na mchana,general_prose
luhya_multi_259_en,eng_Latn,rag_Latn,And the hand of the children of Israel,24 Na mkono wa bwana Israeli,Conversational
luhya_multi_317_sw,swh_Latn,rag_Latn,Alijua akaenda siku ngapi ?,4. Yaamala wayatsia madiku ganga?,Conversational
luhya_multi_262_en,eng_Latn,rag_Latn,"The Lord is good to those whose hope is in him, to the one who seeks him.","25 Yahova a veye mulahi kuvo VA mu lindiranga, KU mwoyo gu mwenyanga.",Conversational
kentrans_766,eng_Latn,rag_Latn,Niye a musungirari:,Ndiye mtetezi,general_prose
kentrans_2912,eng_Latn,rag_Latn,lwayaduka mu yalola linyonyi Ni liritsa liduma,Alipofika huko aliona ndege akila hindi,general_prose
kentrans_3191,eng_Latn,rag_Latn,Induvatiru indavu neindahi irolekaa ndi?,Wayo safi na nzuri huonekanaje?,general_prose
kentrans_2702,eng_Latn,rag_Latn,Chagira ningulitsa mulingeti gwange.,Niliuza blanketi yangu kwa ajili yake.,general_prose
kentrans_1639,eng_Latn,rag_Latn,(Livoolerana),(Kusemezana),general_prose
kentrans_1790,eng_Latn,rag_Latn,Amita gavikula nohenzelitsa galange ga guga.,Majina ya wanaume ukichunguza yalikuwa ya babu,general_prose
kentrans_1508,eng_Latn,rag_Latn,Mwoyo gukubagaa masahi nigagenda.,Moyo hupiga damu ndiposa inazunguka mwilini.,general_prose
luhya_multi_266_en,eng_Latn,rag_Latn,It is good to wait quietly for the salvation of the Lord.,"26 Nobulahi umundu a suuvire, nokulindirira ubuhonyi bwa Yahova nelyekudzira.",Conversational
kentrans_3237,eng_Latn,rag_Latn,Eng'ereng'ani ikoonyanga mundu kulola mukisundi.,Nyota humsaidia mtu kuona gizani,general_prose
luhya_multi_361_sw,swh_Latn,rag_Latn,6.Kuketi kwenye kiti kilichotengewa babu.,6. Kwikala kondeve ya guga wovo.,Conversational
kentrans_2925,eng_Latn,rag_Latn,MUHONJA NE LINANI.,MUHONJA NA ZIMWI,general_prose
kentrans_1172,eng_Latn,rag_Latn,Nwami ntsitsa khu ive;,Naja kwako Eh Bwana,general_prose
luhya_multi_397_en,eng_Latn,rag_Latn,What kind of people are these?,9. Aviguliri nivandu valuganoki?,Conversational
kentrans_150,eng_Latn,rag_Latn,Mama wo mwana adukana atange innan iliva lio mwana walivula nakili munda mwimwe.,Mama ya mtoto anafaa kuanzia kuzoe mienendo ya mtoto atakayemzaa wakati angali tumboni mwake.,general_prose
kentrans_1038,eng_Latn,rag_Latn,Mwoyo gwo siwa mmavanga ge,Moyo wangu ulioshwa kwa damu yake,general_prose
luhya_multi_57_sw,swh_Latn,rag_Latn,“Mimi nitapigana naye.”,"""Inze ndalwana naye.""",Conversational
kentrans_1632,eng_Latn,rag_Latn,Yaamuvoolera vatsie kulia vwuki kumsala.,Aka murai waende kuchovia na kula asali mtini.,general_prose
luhya_multi_177_sw,swh_Latn,rag_Latn,Wazee wameacha kwenda langoni.,14 Avakulundu va leka kutsia na kiribwa.,Conversational
luhya_multi_210_en,eng_Latn,rag_Latn,Their hearts cried out to the Lord.,18 Myoyo gyavo gyanira Yahova.,Conversational
kentrans_3635,eng_Latn,rag_Latn,Kikombe kilavita kuduka ku ive ulahambika nokuenavula kuva kyahonyo.,Hata kwako kikombe kitapita na utalewa hata kuvua nguo ubaki uchi.,general_prose
kentrans_172,eng_Latn,rag_Latn,Yanza utevelitsi mulivulana lilio avandu vakwivula ni vaaha ukuduka kumakura gaduka saba naho likumi halala ni ibili yoyo kuli yivulana,Nakusihi uulizie kwa kuzaliwa kwako watu wangapi wamezaliwa na kufikisha rika saba au kumi kama walivyozaana hapo awali,general_prose
kentrans_2540,eng_Latn,rag_Latn,Chudi chudi mu tsinzeywe - Viyundi,Chudi chudi kwa nyasi -Aina ya ndege,general_prose
kentrans_180,eng_Latn,rag_Latn,Amangana gene ni yaga ndi,Maneno yenyewe ni haya,general_prose
kentrans_826,eng_Latn,rag_Latn,"A Ia vugula inze,","Atanichukua,",general_prose
kentrans_3231,eng_Latn,rag_Latn,Engege iveeye nenyama indahi.,Ngege ana nyama nzuri,general_prose
kentrans_3291,eng_Latn,rag_Latn,21 Hene yanegira halala naye yahoo Jaeli mukali wa Heberi ya,Ndipo akapanda pamoja naye hapo Jaeli mke wa Heberi,general_prose
kentrans_1875,eng_Latn,rag_Latn,Nyenya ndeve.,Nikuulize.,general_prose
kentrans_3075,eng_Latn,rag_Latn,amuulu,Mapua,general_prose
luhya_multi_313_sw,swh_Latn,rag_Latn,4 Bwana ulipotoka katika Seiru yako wewe mtoto wa Abinoam. unapotembea kutoka kwa shamba,"4 Yahova, Iwa ive u twula mu Seiru ,lilyo , umwana wa Abinoam.Lwa u genda kutwula mu mulimi 13 Hene yahoo iya sulunguta litigala",Conversational
kentrans_747,eng_Latn,rag_Latn,Muguutiri wange:,Aliyenishindia:,general_prose
kentrans_3588,eng_Latn,rag_Latn,"60 Ive u Loli kisalya kyavo kyosi, na lisaavira lyavo lyosi Lya vasaviira ku inze.","Umeona kina cha kisasi chao, na maombi yao yote mabaya dhidi yangu.",general_prose
luhya_multi_7_sw,swh_Latn,rag_Latn,Ili kujua aliyeshinda wanamwingiza tena aliyeangushwa pia naye amuangushe kisha wafumukane.,. Kumanyia uguteywi vingirizana kandi atuulwe naho naye atuule ma vavukana.,Conversational
luhya_multi_188_en,eng_Latn,rag_Latn,"He has filled me with bitterness, he has sated me with wormwood.","15 U nzizulitsi litsunwa, u nzigutidzi nekilulu kikye.",Conversational
kentrans_3271,eng_Latn,rag_Latn,"Tsunu, Tsunu, Tsunu, Tsunu,","Tsunu, Tsunu, Tsunu, Tsunu (Tanakali)",general_prose
luhya_multi_97_sw,swh_Latn,rag_Latn,Hii ndiyo iliyosababisha Waluyia wakasema kuwa “mtoto anashinda mamake akili,“Neshichilanga Abaluyia nibaboola mbu “Namwana ahila nyina amachesi”,Conversational
kentrans_3158,eng_Latn,rag_Latn,saala,Omba,general_prose
kentrans_182,eng_Latn,rag_Latn,A –Tondee?Tondee Mangure,Tondee mtoto wa Mangure,general_prose
luhya_multi_334_sw,swh_Latn,rag_Latn,Mwanamke kuenda kwa waganga wa kienyeji,48. Mukali kutsia ku vukumu.,Conversational
kentrans_3318,eng_Latn,rag_Latn,"Yee, malesi ga tonya amadzi.","Yee, mbingu zilidondoza maji kutoka Efraim walikeremka Milima ikayeyuka mbele yao kilicho kwa kwa Mungu",general_prose
kentrans_2384,eng_Latn,rag_Latn,Utahenda mwoyo mu vudinyu,Usifadhaike katika mateso,general_prose
kentrans_3686,eng_Latn,rag_Latn,Kisungura chaganagana nicheteva: “Namanye ndi uvulungi?”,"Sungura aliwaza na kuwazua, “Nitajuaje ukweli wa mambo?”",general_prose
kentrans_988,eng_Latn,rag_Latn,Ni wi u lindanga ive?,Ni nani anayekulinda?,general_prose
kentrans_1413,eng_Latn,rag_Latn,Yegehidza na a leka ubukumi bwibwe bwosi.,"Vunja kicha cha nyoka, Sura zako andika",general_prose
kentrans_277,eng_Latn,rag_Latn,Soma kitabu kyavalevi 15:19.,Mambo ya Walawi 15: 19.,general_prose
luhya_multi_214_sw,swh_Latn,rag_Latn,Bwana ndiye mwenye haki maan nimeiasi amri yake.,18 Yahova nowobulungi kigira inze nzebaaye ku lilaga lilye.,Conversational
kentrans_67,eng_Latn,rag_Latn,Guku Amwavo guku wovo umulanganga kandi guku.,Dada ya Nyanya yako unamuita pia nyanya,general_prose
kentrans_1530,eng_Latn,rag_Latn,Mwoyo,moyo,general_prose
kentrans_1585,eng_Latn,rag_Latn,"Aviguliri vaaseka mukeere kigira yaali mukivi, navo vaduuka mukivi cherikutsa.",Waliofurahia nyanya huyo akiteseka nao waliweza kuaga dunia.,general_prose
kentrans_2564,eng_Latn,rag_Latn,Ndera vulahi - Endeve,Nibebe vizuri -Kiti,general_prose
kentrans_3432,eng_Latn,rag_Latn,"12 Si ki veye kindu Kya mwinye, mwinye vosi Ava vitanga?","Si kitu kwenu, enyi nyote mpitao?",general_prose
kentrans_1600,eng_Latn,rag_Latn,Lidiku lirala lwavaali nivavayaa vaatala kuliiva lievindu lugano lugano.,Siku moja walipokuwa wakitembea walitaja vitu mbalimbali.,general_prose
luhya_multi_60_en,eng_Latn,rag_Latn,Remember how the Amalekites made them work like slaves.,"""Khebulila niko Baameleki bamukhosia kimilimo nga banasioobi.",Conversational
luhya_multi_208_en,eng_Latn,rag_Latn,Father living in his child's house. (A child can live in his father's house),17. Dada kwadikila munyumba yumwana. (Navutswa mwana anyala kuvugula inyumba ya ise amenyemu.),Conversational
kentrans_2675,eng_Latn,rag_Latn,NINZE LLEDI,NI MIMI LLEDI.,general_prose
kentrans_278,eng_Latn,rag_Latn,Ikigaya mundu mukali ukwigaya kuu madiku 7 navaye haluvega.,Kinachomzuia mke kutojihusisha na mume kwa siku saba baada ya hedhi.,general_prose
kentrans_1478,eng_Latn,rag_Latn,Anzemo yirukaa enzogu.,Anzemo alitoroka Ndovu,general_prose
kentrans_3679,eng_Latn,rag_Latn,Yatsia kwenya chokulia mumulitu navutswa siyanyola inyama yosi yo kwita dave.,Alikwenda kutafuta chakula msituni lakini hakupata mnyama yeyote wa kuua.,general_prose
luhya_multi_394_sw,swh_Latn,rag_Latn,Uchafu wake umegandamana na nguo zake; hakuwaza juu ya maisha yake ya baadaye.,"9 Ububi bwibwe bwa li mu kitweya kikye, si yidzulitsanga kiheri kikye mba.",Conversational
kentrans_1707,eng_Latn,rag_Latn,"Saulo yaahenza Daudi naavoola, ""Yive ukikiri mwana mung'erere siunyala kulwana numundu munene kuli uyu mba.""","Saulo alimtazama Daudi na kusema, “Wewe ungali mtoto mdogo na hauwezi kupigana na mtu mkubwa kama huyu.”",general_prose
kentrans_2338,eng_Latn,rag_Latn,Lyatwula kubuyaní vwange,Kutoka kwa upendo wangu,general_prose
kentrans_986,eng_Latn,rag_Latn,Ni wi u lolanga ive?,Ni nani anayekuona?,general_prose
kentrans_1446,eng_Latn,rag_Latn,Eng'ereng'ani,Nyota,general_prose
kentrans_7,eng_Latn,rag_Latn,Kindu cha vurimu chanyagira handangu Yaha,Mnyama wa mwitu alininyang'anya hapo chini,general_prose
kentrans_2750,eng_Latn,rag_Latn,Mwana wa mbiiri ni chekoyero.,Kifungua mimba ni mtoto wa kujivunia.,general_prose
kentrans_1194,eng_Latn,rag_Latn,Yidzominywe Mwami Yesu:,Atukuzwe Bwana Yesu,general_prose
kentrans_991,eng_Latn,rag_Latn,"Mwana wa Nyasaye Muderwa,","Mwana wa Mungu mpendwa,",general_prose
kentrans_2356,eng_Latn,rag_Latn,Ndamuhonya mihiga jiosi.,Mtapata uponyaji wa milele.,general_prose
kentrans_68,eng_Latn,rag_Latn,"Mama, uwahila amwavo mama wowo umulanganga mama.","Mama , alieoa dada ya mama yako unamuita mama",general_prose
kentrans_2196,eng_Latn,rag_Latn,"Yava vamedangaa kwibara kumwami,",Hawa wazidi kumuasi Bwana,general_prose
kentrans_3619,eng_Latn,rag_Latn,Va tahidza masahi ga valungi hagati hehe.,Walioimwaga damu ya wenye haki katikati yao.,general_prose
kentrans_2794,eng_Latn,rag_Latn,Vwali vwa vahuli vamba.,Nilikuwa nimepewa.,general_prose
luhya_multi_313_en,eng_Latn,rag_Latn,"Lord, when you came out from your Seir, you child of Abinoam. When you walk coming from the field","4 Yahova, Iwa ive u twula mu Seiru ,lilyo , umwana wa Abinoam.Lwa u genda kutwula mu mulimi 13 Hene yahoo iya sulunguta litigala",Conversational
kentrans_1873,eng_Latn,rag_Latn,Naho.,Au.,general_prose
kentrans_2825,eng_Latn,rag_Latn,Nzie nzie nzie nzie kumitsa,Niende niende niende kupanda,general_prose
kentrans_977,eng_Latn,rag_Latn,Mwana wa Nyasaye Muderwa.,Mwana wa Mungu mpendwa.,general_prose
kentrans_196,eng_Latn,rag_Latn,Amang’ana malala gafanana nagandi gavukana na gandi mulikola mu miima.,Mambo mengine yalifanana na mengine kutofautiana katika kutekeleza mila.,general_prose
luhya_multi_280_sw,swh_Latn,rag_Latn,"3 Yuda amehamishwa kwa sababu ya kuonewa, tena kwa sababu ya utumwa","3 Yuda u tsiye mu lyadikidzwa kigira lidambidzwa , Kandi kigira ubutugwa bunene;",Conversational
kentrans_1234,eng_Latn,rag_Latn,Na u la kuhila.,Kutuchukua kwenda nawe,general_prose
kentrans_974,eng_Latn,rag_Latn,Ni wi u li Musoli?,Ni nani aliye Mwokozi?,general_prose
luhya_multi_70_en,eng_Latn,rag_Latn,"How are you, those who are inside","“Mirembe munyumba yange"".",Conversational
kentrans_456,eng_Latn,rag_Latn,48. Mukali kutsia ku vukumu.,Mwanamke kuenda kwa waganga wa kienyeji,general_prose
kentrans_1734,eng_Latn,rag_Latn,Vaaganagana fana Daudi aliinywereritsa.,Wakafikiria labda Daudi ataogopa na kuhepa polepole.,general_prose
kentrans_613,eng_Latn,rag_Latn,Masahi gege ga tadza,Damu yake ilitiririka,general_prose
kentrans_884,eng_Latn,rag_Latn,Yesu Mutungiri ave’,Yesu aliyetulipia yupo,general_prose
luhya_multi_312_sw,swh_Latn,rag_Latn,Inatakasa,Ga nyala khwogidza,Conversational
kentrans_78,eng_Latn,rag_Latn,Agita umundu kandisiahevwa uvwami naho uvusalisi anaho uvulindi vwavandu mba,Anayeshambulia hapewi uongozi wala kubariki au kulinda watu,general_prose
kentrans_325,eng_Latn,rag_Latn,Lidudu ne likeere vilwala kandi imigera giosi.,Lidudu(ndege) na chura na mito huugua pia,general_prose
kentrans_22,eng_Latn,rag_Latn,Vagavo ninga,Vagavo watoto wa Ninga,general_prose
kentrans_1838,eng_Latn,rag_Latn,Miyinzi jo mwana muyai,Shughuli za mtoto mvulana,general_prose
kentrans_2552,eng_Latn,rag_Latn,Yikuyakuyaa mu tsimbalu maalira – Idaywa,Anajichapachapa kwa mabawa yake kisha analia -Jogoo,general_prose
luhya_multi_218_sw,swh_Latn,rag_Latn,Naye akamwambia pamoja nawe; lakini mwendo tafadhali nipe maji kidogo maana nina kiu,"19 Naye ya mbo halala nive;navutwsa,ulugenda lwa lera, Mwadza,u mbe amadzi make u tsitsanga ku si lu ;la ku ha ubukumi;keke nwe; kigira mbeye nobuluhu.",Conversational
kentrans_1936,eng_Latn,rag_Latn,Amalwa ga valogooli gatulanga ku vuswage vwo volo naho amavere.,Pombe ya wamaragoli ilikuwa ikitoka kwa unga wa wimbi au mawele.,general_prose
kentrans_2919,eng_Latn,rag_Latn,lwa kanyonyi katsa kalia liduma virenge vyahanda mu vulimbu,Wakati ndege alienda kula hindi miguu ilikwama kwenye ulimbo,general_prose
kentrans_157,eng_Latn,rag_Latn,Nyima umwana uyu niyivulangwa ma naviruka aviluka ne miima jamwakola naveye mundu na mama wewe.,wakati mtoto huyu alizaliwa alikua akifuata tabia ambazo wazazi wake walikuwa wakifanya alipokuwa tumboni,general_prose
kentrans_2584,eng_Latn,rag_Latn,Linda hakekeke - Lifwa,Ngoja kidogo -Mwiba,general_prose
kentrans_599,eng_Latn,rag_Latn,Ki veeye kigulu yaho,Kunao mlima hapo,general_prose
kentrans_1374,eng_Latn,rag_Latn,"Lwa Yesu ya twula mwigulu,",yesu alipofika toka mbinguni,general_prose
kentrans_3633,eng_Latn,rag_Latn,Wakwa vola kuye kulamenya isi we kiriri kikye hagati he tsihiri.,Ambaye tulisema chini ya kivuli chake kuwa tutakaa kati ya mataifa.,general_prose
kentrans_1306,eng_Latn,rag_Latn,Kuminyi Nyasaye voosi.,Alipokwisha yanena,general_prose
kentrans_116,eng_Latn,rag_Latn,Adukana ave ekesegese kye inyumba.,Yafaa awe paa la nyumba yake.,general_prose
kentrans_920,eng_Latn,rag_Latn,MUKHONYI WANJE,MWOKOZI WANGU,general_prose
kentrans_3229,eng_Latn,rag_Latn,Engoko igoneraa madiku makumi gaviri nalirala.,Kuku hulalia kwasiku ishirini na moja.,general_prose
kentrans_3029,eng_Latn,rag_Latn,Uloli luveere lulala lula,Umeona lile titi moja?,general_prose
kentrans_3297,eng_Latn,rag_Latn,"Naye ya tsia kuye;tsine angekivya,navandu vosi ava li henza,Sisera ya li na a goni ha zana halala naye,","Naye akaenda na watu wote wale watakao tizama, Sisera alikuwa amelala hapo pamoja naye kutoka Haroshethu alikuwa amefariki –na kigingi kilikuemo",general_prose
kentrans_966,eng_Latn,rag_Latn,"Ndolanga musigo,","Naona mzigo,",general_prose
kentrans_1532,eng_Latn,rag_Latn,OMbiri,Mwili,general_prose
kentrans_1624,eng_Latn,rag_Latn,Nnya Anakamuna yamwigulira manonoho yaamugumira naamwita naamlia.,Mamake sungura alimfungulia na papo hapo akamshika akamuua akamula.,general_prose
kentrans_219,eng_Latn,rag_Latn,Ivulili livola ndi avuli kutsia na kugona no mkeere wewe ulwasamula kumiyinzi yigi mba.,Katika chumba cha malazi kumaanisha asihusiane na mkewe kimapenzi anapoenda kutekeleza shughuli hizi.,general_prose
kentrans_110,eng_Latn,rag_Latn,Yamihi ilyamiha liyatsitsa ikivala na Nyasaye.,Atawale utawala unaofurahisha nchi na Mungu,general_prose
kentrans_3419,eng_Latn,rag_Latn,"7 Yerusalemi yidzulitsanga mu madiku gelidambizwa lilye na galikenye lilye, yidzulitsanga vindu vivye vyosi vyokuyanzidza vya li ho kutwula ku madiku ga kale.","Katika siku za mateso yake na kutangatanga,Yerusalemu hukumbuka hazina zote ambazo zilikuwa zake siku za kale.",general_prose
kentrans_1848,eng_Latn,rag_Latn,Chavogono cha vana vayai chalange mu nyumba yo mukeere naho musakulu.,Chumba cha malazi cha wavulana kilikuwa katika nyumba ya baba au mama.,general_prose
kentrans_910,eng_Latn,rag_Latn,Si ku li valahi mba;,Sisi si wazuri;,general_prose
kentrans_3671,eng_Latn,rag_Latn,"19 Ive, o Yahova uhindiranga mihiga ne nemihiga.",Ewe Bwana unadumu milele.,general_prose
luhya_multi_394_en,eng_Latn,rag_Latn,Her uncleanness clings to her skirts; she did not think about her future.,"9 Ububi bwibwe bwa li mu kitweya kikye, si yidzulitsanga kiheri kikye mba.",Conversational
luhya_multi_169_sw,swh_Latn,rag_Latn,"Wao huwauliza mama zao, Zi wapi nafaka na divai?","12 Va tevanga avana vavo, ubuswage be iwaini vi veye haliha?",Conversational
kentrans_3623,eng_Latn,rag_Latn,Lwa viruka nokuvoyavoya avandu vya vola tsihiiri yitsyo si va menya yo Kandi kuli avageni.,"Walipoondoka na kurandaranda watu walisema kati ya mataifa, hawatakaa hapa tena.",general_prose
luhya_multi_318_sw,swh_Latn,rag_Latn,"Tuzichunguze njia zetu na kuzijaribu, na tumrudie Bwana Mungu.","40 Gendi ku liguule nokugeridza Tsinzira tsyetu, nokwirana ku Yahova Kandi.",Conversational
luhya_multi_94_en,eng_Latn,rag_Latn,"If you lend your neighbor something, don't go to his house to take something to hold as collateral for his debt.","“Ne wikopia owasio sisiindu, okhacha munju mwewe wabukula sisiindu sie khuambilila likobi liewe.",Conversational
luhya_multi_276_en,eng_Latn,rag_Latn,We have become orphans without fathers.,3 Kuveye avabisandu ava ta lii na vadada.,Conversational
luhya_multi_81_sw,swh_Latn,rag_Latn,"Mkanijibu kuwa, tumefanya jinsi yatakavyokuwa vizuri mwenyewe atampigania.","""Mwangobosia muli, 'Khwakholile ngrira mala kalaba bulayi bwene omwene alamupanila.",Conversational
kentrans_2937,eng_Latn,rag_Latn,Yanyola gunani yigwo na gotema munda Muhonja natula mu naveye mwoyo,Alipata zimwi hilo na akalikata kwa tumbo Muhonja akatoka ndani akiwa hai,general_prose
kentrans_511,eng_Latn,rag_Latn,"vatanganga livega mwana muyai wa hango yaho (mwana weve naho mwisukulu),","walikuwa wakianza na mvulana wa jamii hiyo (mtoto wake au mjukuu),",general_prose
kentrans_2114,eng_Latn,rag_Latn,"Kigira kusalanga novudamanu,",Sababu tumejaa dhambi sisi waombaji tu marafiki wa ulimwengu,general_prose
kentrans_3594,eng_Latn,rag_Latn,"66 U la VA londerera nobutima, nokuvadividza va twule VA vuli kuva isi weligulu Lya Yahova.","Utawafutia kwa hasira, na kuwaangamiza wasiwe tena chini ya mbingu za Bwana.",general_prose
kentrans_1521,eng_Latn,rag_Latn,Nuveeye numwoyo mulahi ulava mwiko wa Nyasaye.,Ukiwa na roho safi utakuwa na ukoo na Mungu,general_prose
kentrans_1969,eng_Latn,rag_Latn,"Naho mwirago he tsisoma tsivuganiranga, sia losoma lwikalanga mu kiduma chavo.","Ama kwenye makubaliano mahali koo zinakutania ,kila koo ilikuwa ikiketi kwenye kundi lao.",general_prose
luhya_multi_66_sw,swh_Latn,rag_Latn,”Aliyeiba pesa leo ataona”,"""Lero waavugula tsisiringi alalola.""",Conversational
kentrans_3188,eng_Latn,rag_Latn,Inyama yomkeere iveeye kuluderu ney evindi iveeye volo?,Nyama ya nyanya iko kwa uteo.,general_prose
luhya_multi_120_en,eng_Latn,rag_Latn,Anyone who leads a blind person astray on his journey be cursed,"""Omundu yesi yesi otiimia omubofu khu lukeendo lwewe alaamwe.”",Conversational
kentrans_2477,eng_Latn,rag_Latn,Kogende mu vulavu,Tuenende katika mwanga wake.,general_prose
kentrans_818,eng_Latn,rag_Latn,Roho a menye ninze.,Roho aishi nami.,general_prose
kentrans_664,eng_Latn,rag_Latn,Ku suuvire tsimbabasi,Tuamini rehema,general_prose
kentrans_1715,eng_Latn,rag_Latn,Vaatuma vandu kumukunga ylirane yengo.,Walituma watu wamfukuze arudi nyumbani.,general_prose
luhya_multi_345_sw,swh_Latn,rag_Latn,Ni maneno yapi yalikuwa nyuma alikotoka?,5. Nimang'anaki gaali inyima wayaatula?,Conversational
kentrans_1565,eng_Latn,rag_Latn,Mwana ukola yiji ayanzwa navivuli veeve ligali.,Mtoto anayefanya haya yote hupendwa na wazazi wake sana,general_prose
kentrans_1155,eng_Latn,rag_Latn,MWIDZOMINYE NYASAYE NO MWANA,ATUKUZWE MUNGA NA MWANA,general_prose
kentrans_2672,eng_Latn,rag_Latn,Ubamira ki tuvuri twange?,Mbona unapiga mbuzi wangu?,general_prose
kentrans_3587,eng_Latn,rag_Latn,"59 O Yahova, u Loli likolerwa lidamano lyange, kalaga likuva lyange.","Umeona, Ee Bwana, ubaya niliotendewa. Tetea shauri langu!",general_prose
luhya_multi_284_sw,swh_Latn,rag_Latn,Kina nani waliingia chumbani mwa nyanya?,3. Nivaaha vingira mukidioli chiche?,Conversational
kentrans_1507,eng_Latn,rag_Latn,Mwoyo guveeye kuli ugulola mubicha yiyi.,Moyo uko jinsi unavyouona katika picha hii.,general_prose
kentrans_3017,eng_Latn,rag_Latn,Yayaa,(Ng’ombe) anakula nyasi/nyazi,general_prose
kentrans_1922,eng_Latn,rag_Latn,Vasatsa vosi vikalanga ho kuhuliritsa niva ling’ana lilatula.,Wanaume wote walikuwa wakiketi hapo ili wasikilize kama kuna jambo.,general_prose
kentrans_1268,eng_Latn,rag_Latn,Kwinye kalunu ku la mu santidza.,Sote tuimbe tumusifu Mungu,general_prose
luhya_multi_126_sw,swh_Latn,rag_Latn,"Ametoka enzini, kuja ulimwenguni",“Ubukumi Ku Nyasaye nemirembe Ku ayandu”,Conversational
kentrans_3607,eng_Latn,rag_Latn,Va li avakanyu mu Mibiri gyavo kuvita magina makanyu na lisiywa lyavo Lya li kuli isafiro.,"Miili yao, walikuwa wekundu kuliko majirani na umbo lao kama yakuti samawi.",general_prose
kentrans_959,eng_Latn,rag_Latn,"Ubwoni bwange bwogi bei,","Dhambi zangu zote,",general_prose
kentrans_1168,eng_Latn,rag_Latn,Vilombe vivye vyosi,Viumbe wake wote,general_prose
luhya_multi_222_sw,swh_Latn,rag_Latn,Umesoma maneno yapi ?,1Usoomi mang'anaki?,Conversational
kentrans_1820,eng_Latn,rag_Latn,Avakana vagoosi avatali avahenzahenzi vatovolangwa vava yivo avanyala kuhila chokulia.,Wasichana wenye tabia nzuri waliteuliwa kuwapa waliotahiriwa chakula.,general_prose
kentrans_973,eng_Latn,rag_Latn,MWANA WA NYASAYE,MWANA WA MUNGU,general_prose
kentrans_1493,eng_Latn,rag_Latn,Mkaana yanweka mkeereoyo nuluku.,Msichana alimpiga nyanya mwenyewe kwa ukuni.,general_prose
kentrans_2882,eng_Latn,rag_Latn,"Kisungura chaganagana nicheteva: ""Namanye ndi uvulungi?""",Sungura aliwaza na kujiuliza : “ Nitajuaje ukweli?”,general_prose
kentrans_3303,eng_Latn,rag_Latn,Inzira.,Njia Hapo Debora na Baraka mbali na kelele za hao,general_prose
kentrans_1793,eng_Latn,rag_Latn,Kudinyia vigumba vyo mwana muleri yatulitsanga mwana ku magulu ma ahagata.,"Ili kuvipa viungo vya mtoto nguvu, mlezi aliweza kumpakata.O: Ni yakahagata mayikalitsa hasi nadiririra magulu ma ahagata Alimpakata kisha kumkalisha na kumpakata tena. O:Ni yakahagata mayikalitsa hasi nadiririra kuduka lwo mwana anyala kwikala vugira kudirwa. Mtoto angeketishwa kwa kushikiliwa hadi wakati ule ataketi mwenyewe.O: Mwana yamanyanga atanga limoola naho kuswegenya Mtoto alianza kuongea au kujifunza kuongea..",general_prose
kentrans_679,eng_Latn,rag_Latn,Wa tungira vandu;,Aliyewalipia watu,general_prose
kentrans_2868,eng_Latn,rag_Latn,Umanyi ku?,"Je, wajua?",general_prose
kentrans_741,eng_Latn,rag_Latn,"Midzominye Yesu,","Mtukuze Yesu,",general_prose
kentrans_665,eng_Latn,rag_Latn,Tsyo Muhonyi wetu.,Za mponyaji wetu,general_prose
kentrans_632,eng_Latn,rag_Latn,Wa soma kuli ya honnya mwivi,Ulisoma jinsi alivyomponya mwizi,general_prose
kentrans_1544,eng_Latn,rag_Latn,Ugunani gwatula inyima netsisigi tsiali nitsibulukaa yigulu.,Jini likatokea nyuma wakati nzige walikuwa wanapaa angani,general_prose
kentrans_2930,eng_Latn,rag_Latn,"Lwa Agulakiraka yatsitsanga kwaya tsing’ombe,Muhonja yihaniranga munyumba ma alinda kuduka Iwo muyayi wavo yatsanga ma yimba ulwimbu ku Muhonja yigula muliango","Wakati Agulakiraka alikuwa akiwapeleka ng’ombe malishoni ,Muhonja alikuwa anajifungia ndani ya nyumba anangoja hadi ndugu yake atakaporejea na anaimba wimbo ndio Muhonja afungue mlango",general_prose
kentrans_2739,eng_Latn,rag_Latn,Mama:Amugovolio katsie urugi,Mama: Amugovolio nenda ukapike ugali,general_prose
kentrans_1380,eng_Latn,rag_Latn,Tsimbabasi;,Neema,general_prose
luhya_multi_63_sw,swh_Latn,rag_Latn,"""Tangazo la kifo""","""Kumulaasi kwe luufu""",Conversational
kentrans_2598,eng_Latn,rag_Latn,Kenyatta wikaye mundeve ne tayi - Lijikolo,Kenya tta amekaa kwa kiti na tai -Tai,general_prose
kentrans_3417,eng_Latn,rag_Latn,"6 Na mukana wa zioni, ubukumi bwibwe bwosi bu twuli kuye.","Naye huyo binti Sayuni, enzi yake yote imemwacha.",general_prose
luhya_multi_293_en,eng_Latn,rag_Latn,A woman eating from milk where she was married and has not yet given birth to a child there.,33. Mwiha kuliira amaveere hayatsia nakikiri kwivula họ mwana.,Conversational
kentrans_3176,eng_Latn,rag_Latn,Kale muno Avalogooli vali nerihe,Zama za kale Wamaragoli walipigana vita.,general_prose
kentrans_317,eng_Latn,rag_Latn,Namwasula imigera kigira ki?,Mbona mlikataa mito?,general_prose
kentrans_635,eng_Latn,rag_Latn,"Ya vola, “Nzidzulitsa.”","Aliyesema, “unikumbuke!”",general_prose
luhya_multi_260_en,eng_Latn,rag_Latn,"I say to myself, The Lord is my portion, therefore I will wait for him.","24 Yahova aveye kidieli kyange, mwoyo gwange gu vola, kigira yaga Nda suuvira kuye.",Conversational
kentrans_787,eng_Latn,rag_Latn,"Yesu a yanza inze,","Yesu anipenda,",general_prose
kentrans_1992,eng_Latn,rag_Latn,Tsinyanga tsimaliye kuduka,Hatimaye siku zimefika.,general_prose
kentrans_1400,eng_Latn,rag_Latn,Ga la va ga vandu voosi. Krito Mwami wivuliywi.,"Sisi sote na twimbe, Nao wale wajumbe",general_prose
kentrans_878,eng_Latn,rag_Latn,MTUNGIRI,ALIYETULIPIA,general_prose
kentrans_2844,eng_Latn,rag_Latn,Lwa vaana vahulitsanga no kwimba tsinyimbu no kutivula vitendawili vigaanga mahya na kandi tsinganagani tsiavo tsivambalanga vwangu.,"Wanafunzi wanaposikiza, wanaimba na kutamka vitendawili hivi, huwa wanajifunza mapya na pia akili yao hupevuka haraka.",general_prose
kentrans_3422,eng_Latn,rag_Latn,"Yavo Ava li Ni VA mwidzominya va mu lega, kigira va Loli kyahonyo kikye.","Wote waliomheshimu wanamdharau, kwa maana wameuona uchi wake.",general_prose
kentrans_3031,eng_Latn,rag_Latn,Yivi viveeye vibaga viviri,Hawa ni paka wawili.,general_prose
kentrans_75,eng_Latn,rag_Latn,.Niwivulwa mu mwandu naïve utatsia kandi mwandu mba .,Ukizaliwa na mjane aliyerithiwa nawe pia usirithi mjane.,general_prose
kentrans_3167,eng_Latn,rag_Latn,Ugalase giruke,Wlinge watoroke,general_prose
kentrans_1735,eng_Latn,rag_Latn,Isimindwa,TELEKA,general_prose
luhya_multi_175_en,eng_Latn,rag_Latn,"He sent fire from above into my bones, and it overpowered me.","13 Ya vika muliru mu vigumba vyange ku twula migulu, nagwo vi guuta.",Conversational
kentrans_2999,eng_Latn,rag_Latn,vuvi,Vibaya,general_prose
kentrans_1543,eng_Latn,rag_Latn,Mundu mugeni yaali nagendaa kunzira nimisiigo.,Kulikuwa na mgeni aliyekuwa safarini pamoja na mzigo wake.,general_prose
luhya_multi_310_en,eng_Latn,rag_Latn,"The roads leading to Zion mourn because there is no one coming to its appointed feasts; All its gates have become desolate, its priests groan with bitterness","4 Tsinzira tsya zioni tsi syomanga kigira si ha veye nomundu udza mu lisavo lyelidiku linene; Viribwa vivye vyosi vi gwiye hatswa , avasalisi veve VA menyanga.",Conversational
luhya_multi_283_en,eng_Latn,rag_Latn,3. Going to a place where people are pounding millet without having business with them.,3. Kutsia ahavandu vahuulanga ovolo nivatangi lihuula nutavee.,Conversational
luhya_multi_107_en,eng_Latn,rag_Latn,MY CHICKEN,ENGOKO YANGE.,Conversational
luhya_multi_194_sw,swh_Latn,rag_Latn,"Mimi ninalia kwa sababu ya mambo haya,jicho langu, jicho langu, linatitirika machozi.","16 Inze ndiranga kigira vindu yivi, imoni yange, imoni yange, yidoolanga amadzi.",Conversational
kentrans_1606,eng_Latn,rag_Latn,Mama weeve yaaveta malala ma Anakanani niyingira muhiiru.,Mamake aliyaondoa na Anakanani akaingia sebuleni.,general_prose
kentrans_3513,eng_Latn,rag_Latn,Ya ha musigu lisangala KU ive ya kuminya Lwiga lwa yavo Ava dambidzanga ive.,"Naye amemfurahisha adui juu yako, Ameitukuza pembe ya watesi wako.",general_prose
kentrans_1433,eng_Latn,rag_Latn,Aveeye mulindi mulahi.,Ni mlinzi mzuri,general_prose
kentrans_580,eng_Latn,rag_Latn,Maavakonya kogelanyia amang'ana gavo.,Aliwasaidia kusuluhisha tofauti zao.,general_prose
kentrans_2387,eng_Latn,rag_Latn,Ugende kandi mu vulungi,Tembea kakika ukamilifu,general_prose
kentrans_334,eng_Latn,rag_Latn,Mama wo mwana uyu atakuba tsikwili anaho nasioma ulwavahila mukuzu mukilindwa mba.,Mama mtoto huyo asipige nduru au asilie baada ya mtoto huyo kupelekwa kaburini.,general_prose
kentrans_3429,eng_Latn,rag_Latn,11 Avandu veve vosi lwa venyanga kwenya vyokulia.,Watu wake walipotaka kutafta chakula.,general_prose
kentrans_616,eng_Latn,rag_Latn,Kutungira bwoni;,Kutulipia dhambi zetu,general_prose
kentrans_2469,eng_Latn,rag_Latn,Vacheleva mu inyimba ni vakungwa,Walikoasa nafasi na kufukuzwa,general_prose
kentrans_1033,eng_Latn,rag_Latn,Khu Musalaba khu ga fwira.,Musalabani alipofia.,general_prose
kentrans_1164,eng_Latn,rag_Latn,Khuvira vindu vyosi,Twaamini nguvu za Mungu,general_prose
kentrans_1584,eng_Latn,rag_Latn,"Kalunu muhulilye lugano nilumanyia ""Utakolera wundi vudamanu naho kumukolera kehenyahenye nimusekelera kivune vugira dave.",Leo hii mjue hadithi inayoeleza kuwa usimtendee mwingine maovu au kumfanyia mzaha bila sababu,general_prose
luhya_multi_342_en,eng_Latn,rag_Latn,The Lord has become like an enemy; he has swallowed up Israel.,"5 Yahova u gwiye kuli musigu, u miri Israeli.",Conversational
kentrans_388,eng_Latn,rag_Latn,U mundu uwali niyavugililwa ne HIILI kusingilila miluka niye uwafana UVWALI nokutsia MUKIGULU kusaala ma Nyasaye ayanza.(Soma Zaburi 15: 1),Ni yule mtu aliye kubalika na jamii kuongoza matambiko ndiye alitao kafara na kwenda milimani kwa ajili ya kuomba Mungu ili akubali kafara ya. (soma Zaburi 15: 1),general_prose
kentrans_2885,eng_Latn,rag_Latn,"Lwe Isimba yahulira yahanzuka, “Mirembe"".","Simba aliposikia alijibu kwa sauti, “Sijambo.”",general_prose
kentrans_2940,eng_Latn,rag_Latn,"Kale muno ligali, yaliyo mukaana wavahira ku musatsa",Hapo zamani palikua na mschana aliyeoleka kwa bwana,general_prose
kentrans_1371,eng_Latn,rag_Latn,"Na Maria ya vika makuva yaga,",Naye Maria kachukua ujumbe huu.,general_prose
luhya_multi_362_en,eng_Latn,rag_Latn,How was that grandmother after that incident?,6. Mukeere uyo yaamanya naavandi?,Conversational
luhya_multi_134_en,eng_Latn,rag_Latn,God the Almighty heard us return and bring us then we complain wanting the fruits they will get there.,"""Wele Omunyali Owa Bioosi aulila Khukobola bakhureerera efwe mala khukhwelung'unya khwenywe mala khu matuunda niko banyoolayo.",Conversational
kentrans_1386,eng_Latn,rag_Latn,"Nzidzominyanga lyeta Iilye,",Jina lake litukudzwe,general_prose
kentrans_1675,eng_Latn,rag_Latn,"Namukaana uyo wayalolaa ava kuye mulahi, wayalolaa ava kuye mulahi.","Msichana Yule aliona mmoja wao kuwa mzuri, alipomuona aliyekuwa mzuri.",general_prose
kentrans_1587,eng_Latn,rag_Latn,Tivula mateeva yaga:,Jibu maswali yafuatayo:,general_prose
luhya_multi_233_en,eng_Latn,rag_Latn,Who did that old man call?,2. Nivaaha avo musakulu yalanga?,Conversational
kentrans_1528,eng_Latn,rag_Latn,Masuku,Mapafu,general_prose
kentrans_1491,eng_Latn,rag_Latn,Mkeere yaavega musakulu kukinanwa.,Ajuza alimnyoa mzee kidevu.,general_prose
kentrans_651,eng_Latn,rag_Latn,Yesu Ya leka bwami bwe mwigulu.,Yesu aliacha ufalme wa mbinguni,general_prose
kentrans_3541,eng_Latn,rag_Latn,13 U ndasi nemibano gye imodia yeye mu kikenge kyange.,Amenichoma kwa mishale ya podo lake.,general_prose
kentrans_2729,eng_Latn,rag_Latn,OMWELI,MWEZI,general_prose
luhya_multi_364_sw,swh_Latn,rag_Latn,"Umeona kina cha kisasi chao, na maombi yao yote mabaya dhidi yangu.","60 Ive u Loli kisalya kyavo kyosi, na lisaavira lyavo lyosi Lya vasaviira ku inze.",Conversational
luhya_multi_247_en,eng_Latn,rag_Latn,They have heard that I sigh with no one to comfort me.,21 va huliye nkenyanga si ha veye nomundu Kali mulala wokuneminya mwoyo.,Conversational
kentrans_1015,eng_Latn,rag_Latn,Nobukumi bwibwe.,Na ukuu wake.,general_prose
kentrans_161,eng_Latn,rag_Latn,"kuli umwana avelekangwa imiima jamukola na veye,da niindio yivulangwa najo.","Jinsi mtoto anavyoelekezwa tabia mnazofanya na yeye , ndivyo hivyo alivyokuwa akizaliwa",general_prose
kentrans_707,eng_Latn,rag_Latn,Vosi va manya buyanzi,Wote wajuao upendo,general_prose
kentrans_346,eng_Latn,rag_Latn,Avaguga vitu va kale kandi imisango javo josi jakolelwanga mu vigulu.,Babu zetu wa kale pia mikusanyiko yao yote ilitendeka juu ya milima.,general_prose
kentrans_1407,eng_Latn,rag_Latn,"Kristo ave Uyanzeywi, Krito ave Mwami wetu","Seyidi wa amani, Ametoka mbinguni",general_prose
kentrans_424,eng_Latn,rag_Latn,. Mwana ni yivisanga mu si yali anyala kololeka dave.,Mtoto akijicha hapo haikuwa rahisi kupatikana,general_prose
kentrans_3523,eng_Latn,rag_Latn,21 Muyayi nomusakulu va gonna hasi mu mahasi.,Kijana na mzee hulala chini Katika njia kuu.,general_prose
kentrans_254,eng_Latn,rag_Latn,Tsing' ereng'ani navana vo mweli gwivula.,Nyota ni watoto waliozaliwa na mwezi,general_prose
luhya_multi_119_sw,swh_Latn,rag_Latn,Mtu yeyote akilala na mke wa babake alaaniwe.,"""Omundu yesi yesi okona nende mkha rarawe alaamwe.",Conversational
kentrans_1949,eng_Latn,rag_Latn,Mulala ku mikinu yiji gwali kusindana kulwana kwa vayai.,Miereka ya wavulana Ulikuwa mmoja wa mchezo uliochezwa.,general_prose
luhya_multi_257_en,eng_Latn,rag_Latn,"They are new every morning, your faithfulness is great.","23 Tsi veye tsimpya mugamba nomugamba, busuuvirifu bubwo but blveye bunene.",Conversational
kentrans_1317,eng_Latn,rag_Latn,"Ma ya viruka kuli avana,","Akalelewa, walivyo watoto",general_prose
kentrans_772,eng_Latn,rag_Latn,Ya sungirangari.,Alinirehemu.,general_prose
kentrans_2342,eng_Latn,rag_Latn,Kwogidza myoyo midamano;,Kuosha nyoyo zilizo chafu,general_prose
kentrans_1843,eng_Latn,rag_Latn,Tsing'ombe tsyatsitsagirira kwaywa na vandu vakulundu ho.,Kuchunga Ng’ombe kuliachiwa watu wazima.,general_prose
luhya_multi_33_en,eng_Latn,rag_Latn,No person among the people of this unrighteous generation will see us being good.,'Se aliio omundu khu baandu be selukho emayaanu yino okhabone akhuelesia efwe kali kamalayi.,Conversational
kentrans_3004,eng_Latn,rag_Latn,wavu,Kwa nani? / Wa nani?,general_prose
kentrans_2378,eng_Latn,rag_Latn,Uyanze mwami Nyasaye wowo,Umpende Mungu baba wako,general_prose
kentrans_1896,eng_Latn,rag_Latn,Vatumikiranga ling’ana lyo luswahili MBEGU lwa vagavulanga imwu yokutaga.,Walitumia msamiati wa Kiswahili “ MBEGU” wakati walichukua mbegu ya kupanda.,general_prose
kentrans_1575,eng_Latn,rag_Latn,Vamena kisaala kuduuka nikirava ligali,Walilamba kijiti hicho kikangara,general_prose
kentrans_2434,eng_Latn,rag_Latn,"Sadaka , izaka na engeso","Sadaka, zaka na mavuno",general_prose
kentrans_2962,eng_Latn,rag_Latn,Alala uloli lirere,Alala ameona kipaza sauti,general_prose
kentrans_3102,eng_Latn,rag_Latn,Akaana yako kiirukaa,Haka katoto kanatoroka.,general_prose
kentrans_2641,eng_Latn,rag_Latn,Ee! Kalondo,Ee! Ukoko.,general_prose
kentrans_315,eng_Latn,rag_Latn,"Na mundu musatsa siamala vwangu kulilova mba kuduka mihiga ne mihiga, niiva alitsa vyokulia vilahi ivi mu meda tsinguiu na masahi.","Ilhali uwezo wa mwanaume wa kuzalisha huwa wa muda mrefu hapa duniani wa miaka na mikaka,kama anapata vyakula vizuri vya kuongeza nguvu na damu",general_prose
luhya_multi_189_sw,swh_Latn,rag_Latn,Furaha ya mioyo yetu imekoma.,15 Ubuyanzi bwo mwoyo getu bufweye.,Conversational
luhya_multi_53_en,eng_Latn,rag_Latn,All these cities in the tribe of Manasseh were surrounded by high walls,"""Chingoba chino choosi mu kholo eya Manase chaba chabotookhelelwa ne lisiisi lileeyi",Conversational
kentrans_234,eng_Latn,rag_Latn,Liuva liakanga miyinzi jalio ni mbasu niliakamala malilekela umweli ne tsing’ereng’ani tsitwekitsi miyinzi jitagaye.,"Jua huangaza na kutekeleza majukumu yake mchana, na likishamaliza linaachia mwezina nyota kukamilisha majukumu yaliyosalia.",general_prose
kentrans_155,eng_Latn,rag_Latn,Umwana naveye muinda ya mama wewe ahulila kandi alola vyosi vya ve a vivuli veve.,Mtoto akiwa tumboni mwa mama yake anaskia na kuona vyote ambavyo wazazi wake wanafanya,general_prose
kentrans_2965,eng_Latn,rag_Latn,Abaabu,Abaabu (Jina la mtu),general_prose
luhya_multi_79_en,eng_Latn,rag_Latn,You will do evil and he will make you become a holy tribe as God gave you hope.,"""Mwaaba ne mukhola kamabi ne akhole enywe mube ekholo endakatifu nga wele ne aamusuubisia enywe.",Conversational
luhya_multi_171_sw,swh_Latn,rag_Latn,12. Bibi kuketi kwenye kiti cha bwana.,12. Mukali kwik ala kondeve yo musatsa.,Conversational
kentrans_3593,eng_Latn,rag_Latn,"65 U la va ha budinyu bwomwoyo, vilaamo vivyo kuvo!","Weka pazia juu ya mioyo yao, laana yako na iwe juu yao!",general_prose
kentrans_2871,eng_Latn,rag_Latn,Tariku koo.,Hebu taja,general_prose
kentrans_3645,eng_Latn,rag_Latn,5 avaku londerera vyaveye ku magoti getu.,Wafuatiao wako juu ya shingo zetu.,general_prose
kentrans_231,eng_Latn,rag_Latn,"Nyasaye uwalomba ILIUVA, yalomba iliuva liamihi umweli ne Tsing’ereng’ani.","Mungu mwumba wa jua, aliyeumba jua itawale mwezi na nyota.",general_prose
kentrans_2423,eng_Latn,rag_Latn,Niye wa dada Yahova yatuma,Ndiye aliyetumwa na Mungu,general_prose
kentrans_1126,eng_Latn,rag_Latn,"Kigira lirova lyosi, kandi bwerefu yaho","Kwa sabau ya ulimwengu, na hat mbingu",general_prose
kentrans_1241,eng_Latn,rag_Latn,"Tsingelosi va lindanga, Voosi va yanzanga","Malaika washika dhamu, wote washangilia",general_prose
kentrans_2587,eng_Latn,rag_Latn,Mbeye ne kiguti change vandusivakubira sivakubira kumu mupira mba - Chore,Nina kiwanja change watuhawachezei mpira Kihara,general_prose
luhya_multi_130_sw,swh_Latn,rag_Latn,"Aliyekuwa akiona ng,ombe ama kushona kamba nyingi kisha ufunge kondoo la Muisraeli wenzako maua kona nne za karibu.","""Waaba ne obona ekhaafu namwe “Ruka buusi bukali mala oboe likheese lio Muisiraeli wasio buyenje khu ndulo chine che sisibiimbi.",Conversational
kentrans_1921,eng_Latn,rag_Latn,Yaha na havundu halange halavu himbi hagati he tsinyumba tsyo komenya.,Hapa palikuwa peupe katikati ya nyumba za kuishi.,general_prose
kentrans_280,eng_Latn,rag_Latn,Umweli gutsitsa ku makandi gwilana.,Mwezi hupotea na kasha kurejea.,general_prose
luhya_multi_125_sw,swh_Latn,rag_Latn,“Hapana utazoea sisi pia tulikuwa hivyo tukija siku hizi huwa tunapitana tu kama mfalme anapotembea zizini mwa kondoo wake.,“Tawe olanala. Fwesi khali khurio nikhushiitsa. Leelo khubisianinjia butswa shinga omwami nachenda mwituuli liamakondike”,Conversational
kentrans_619,eng_Latn,rag_Latn,75 WA SOMA LUGANO LWO MUSALA,Ulisoma hadithi ya msalabani,general_prose
kentrans_1295,eng_Latn,rag_Latn,Lingana lyomwana;,Akawatuliza,general_prose
luhya_multi_223_sw,swh_Latn,rag_Latn,2 Ataita kabisa wakati wa usiku katika matanga yake unayookota katika tama zake.,2 A liranga ligali inyinga yobudiku amaliga hehe go doolanga ku tsindama tsitye.,Conversational
luhya_multi_243_sw,swh_Latn,rag_Latn,Kijana na mzee hulala chini Katika njia kuu.,21 Muyayi nomusakulu va gonna hasi mu mahasi.,Conversational
kentrans_2559,eng_Latn,rag_Latn,Kitsanga ku vatugi na vadaka kerengani - Imbula,Inakujia matajiri na maskini kwa usawa -Mvua,general_prose
luhya_multi_110_en,eng_Latn,rag_Latn,"A man had a boy who was troublesome and disobedient to his father and mother, even when they corrected him.","“Omundu aaba no omusoleeli onaania okharia paapa ne maawe tawe, akhaba ne bamukololosia.",Conversational
kentrans_2634,eng_Latn,rag_Latn,Kali misaala gimeera ku lirova.,Miti hupandwa ulimwenguni.,general_prose
kentrans_3007,eng_Latn,rag_Latn,Lola luvivu lula,Ona reki ile.,general_prose
kentrans_1839,eng_Latn,rag_Latn,Mwana muyai mu liviruka lilye yatanganga kolonda ise mu chayo.,Mtoto wa kiume katika kukua kwake alianza kumfuata babake malishoni.,general_prose
luhya_multi_129_en,eng_Latn,rag_Latn,YOU HAVE CONCEIVED THE PREGNANCY OF KYUMU. Also the moon has its blood and it flows and it is RAIN. RAIN burns the moon and cleanses the moon and makes the moon grow fat,"""UHELIDZI INDA YE KYUMU” Kandi umweli goveye na masahi gagwo gagutsitsa mu nago ni “IMBULA” IMBULA etsoma umweli kandi ilavitsa umweli kandi ekomelitsa umweli.",Conversational
kentrans_2310,eng_Latn,rag_Latn,Ogende kuli mundu wovogeli,Tembea kama mtu mwerevu,general_prose
kentrans_1901,eng_Latn,rag_Latn,Inyinga yene yiyi si vwali vodoto kolomba uvukima kutula ku maduma dave.,"Wakati huu, haikuwa rahisi kusonga ugali kutoka kwa mahindi.",general_prose
kentrans_2024,eng_Latn,rag_Latn,YESU YAVAMBWA.,YESU ALISULUBIWA,general_prose
kentrans_2573,eng_Latn,rag_Latn,Lundanga mmagomia - Mulogi,Fito kwa mandizi -Murogi,general_prose
kentrans_726,eng_Latn,rag_Latn,"Yesu ya vukha, muguurhi werhu","Yesu aliamka, mshindi wetu",general_prose
kentrans_3112,eng_Latn,rag_Latn,Rítimu,Mkuki,general_prose
kentrans_2685,eng_Latn,rag_Latn,Haa ninze lledi,Ni mimi Lledi,general_prose
luhya_multi_21_sw,swh_Latn,rag_Latn,Tumekutana na babu na koti jeusi - - Dudumanyoa,.Kwagani na guga ne likoti limwamu - Lugiita,Conversational
kentrans_2468,eng_Latn,rag_Latn,Sivavika maguta mu tsitaya,Taa zao zilikosa mafuta,general_prose
kentrans_711,eng_Latn,rag_Latn,Lyeta lilye li menyanga,Jina lako linadumu,general_prose
kentrans_1049,eng_Latn,rag_Latn,Fuva mwoyoi gugwo khu Yesu;,Weka moyo wako kwa Bwana;,general_prose
kentrans_600,eng_Latn,rag_Latn,I kyova Lidala;,sehemu,general_prose
kentrans_422,eng_Latn,rag_Latn,Tsimanda tsyali nitsikikiri nu vulimu vunyingi,Mito bado ilikuwa na vichaka vingi.,general_prose
kentrans_3540,eng_Latn,rag_Latn,"12 U nyiye buta bwibwe, nokuvika inze kuva kyokusera KU kyombano.","Ameupinda upinde wake, Na kinifanya niwe shabaha kwa mshale.",general_prose
kentrans_2998,eng_Latn,rag_Latn,Luvuvi,Spider/……….,general_prose
kentrans_2644,eng_Latn,rag_Latn,Kamegeri kalondo.,Mniazime ukoko.,general_prose
kentrans_1432,eng_Latn,rag_Latn,Musikaali yikalaa kukituunda naalinda vidundu mukivanda.,Mlinzi aliketi kwenye Mtunda akilinda mianzi mtoni,general_prose
luhya_multi_305_sw,swh_Latn,rag_Latn,Mtoto kuanza kuvuna vyakula shambani bila kibali cha baba,39. Mwana kutanga ligesa viukulia m’mulimi vujira livugilira lia dada.,Conversational
luhya_multi_43_en,eng_Latn,rag_Latn,Those who fall are those who live in your land and will gain power every time.,“Baakwa bali bamenyile mu sibala sienywe balanyoola bunyali buli lwosi.,Conversational
kentrans_3580,eng_Latn,rag_Latn,"52 Va himanga inze kuli linyonyi li himangwa, Ava veye avasigu vange bukira kivuni.",Wale waliokuwa adui zangu bila sababu wameniwinda kama ndege.,general_prose
kentrans_2831,eng_Latn,rag_Latn,Nzie nzie nzie nzie kumitsa.,Niende niende kupanda,general_prose
kentrans_313,eng_Latn,rag_Latn,Mundu mukali namaliyi mihiga avikangwa kulusimbu ivulili inamkono mukali,Mwanamke akiishi miaka huekwa upenuni katika chumba cha kulala mkono wa kushoto,general_prose
kentrans_689,eng_Latn,rag_Latn,"Wa va kudzera voni,",Ulifia wenye dhambi,general_prose
kentrans_1365,eng_Latn,rag_Latn,"Kandi va tsia bwangu, ni va va nyola,","Hima walifika, wakawapata,",general_prose
luhya_multi_377_sw,swh_Latn,rag_Latn,"Katika siku za mateso yake na kutangatanga,Yerusalemu hukumbuka hazina zote ambazo zilikuwa zake siku za kale.","7 Yerusalemi yidzulitsanga mu madiku gelidambizwa lilye na galikenye lilye, yidzulitsanga vindu vivye vyosi vyokuyanzidza vya li ho kutwula ku madiku ga kale.",Conversational
kentrans_1391,eng_Latn,rag_Latn,Yadza kumbonnya.,Aliyekuja kuniokoa,general_prose
kentrans_1271,eng_Latn,rag_Latn,Kwinye kuyanza kwidzominya Yesu.,Twafurahia kumsifu Yesu.,general_prose
kentrans_3171,eng_Latn,rag_Latn,Veyaaho nahaveeye hanifu ligali,Hupafagia na pako safi sana.,general_prose
kentrans_323,eng_Latn,rag_Latn,Amalesi go kwigulu gosi gilana Munyanza no kuvigulu no mumilitu umanye imbula ilakuba.,Hali ya anga ikibadilika kutoka upande wa ziwa hadi milimani basi mvua itanyesha.,general_prose
kentrans_3418,eng_Latn,rag_Latn,"Avanene veve vagwiye kuli tsimboongo tsi ta li nekyayiru, na viruki, si va veye netsingulu imbiri wa uyu u va londereranga.","Wakuu wake wako kama ayala ambaye hapati malisho, katika udhaifu wamekimbia mbele ya anayewasaka.",general_prose
kentrans_2413,eng_Latn,rag_Latn,Umanye Yahova ahenza mumwoyo,Kumbuka Mungu huona nyoyo zetu,general_prose
luhya_multi_15_en,eng_Latn,rag_Latn,Kaleefu was thinking it was a game but he was actually opening up what would truly happen to him.,. Paara akoboola. Chelaasia obulayi eshifune shielikhuwa elo noshiili okhuliboola.,Conversational
luhya_multi_121_sw,swh_Latn,rag_Latn,Mpatanishi hatapokea kikapu kipana na kidogo,“Omusaayi alakaanila sikono sibalaayi ne sitiiti tawe.,Conversational
kentrans_434,eng_Latn,rag_Latn,26. Mukana wavula kwilinda kusingira ku kesero.,Msichana ambaye amepoteza ubikira kabla ya ndoa kwenda unya goni,general_prose
kentrans_1789,eng_Latn,rag_Latn,Mwana naduka mu luyai naho mu lukaana yamanya anyola lyeta lyo luyai naho lyo lukaana komeda ku lyeta lya yagulikwa.,Mtoto akifika katika ujana wake ilibidi apewe jina la ujana kuogeza kwa jina alilopewa,general_prose
luhya_multi_111_sw,swh_Latn,rag_Latn,"Mtu anaweza akwawa adui kwa mungu mweza wa vyote, mungu wangu kisha ajifiche akingojea avamie ako anampatia nyinyi ingawa mwenzake huyo aliyemuua kisha akatorokea kwenu, lima barabara kisha kwa mojawapo wa miji hizo.","""Omundu anyala aaba omusiku khu Wele Omunyali Owa Bioosi, Wele wasie, mala ekise alindiilile ebwaakala alikho amuelesia enywe khuuba owasie oyo amwire, mala elukhile ewenywe, 'Lima kimiyila mala mu lulala khu ngoba echo.",Conversational
kentrans_2969,eng_Latn,rag_Latn,Libaabu alola baba,Libaabu anaona baba,general_prose
kentrans_1885,eng_Latn,rag_Latn,Ndi ku alagenda ne miri nayaatse kuvisa ha vundu ma nayatse kutulitsa ho.,Sasa atatembea na mizizi na aende kuficha mahali na kisha aje kuzitoa.,general_prose
kentrans_2532,eng_Latn,rag_Latn,Mbeye no musungu wange ni mukuba ma vandu vasieva - Indumba,Nina mzungu wangu nikimgonga watu wanacheza -Ngoma,general_prose
kentrans_704,eng_Latn,rag_Latn,Ya meha mbulavu,Aliongoza waziwazi,general_prose
kentrans_1331,eng_Latn,rag_Latn,NI SIGUKU LERO,LEO NI SIKU KUU,general_prose
kentrans_86,eng_Latn,rag_Latn,Kandi nnyia umwivuyi siatsia naye mulukali havundu mba,Mamake aliyemzaa hakuruhusiwa kuenda naye alipooleka,general_prose
kentrans_1660,eng_Latn,rag_Latn,Avalio mukiduma vatigala muuseko nivaseka ligali.,Waliokuwepo kwenye umati walibaki wakicheka sana,general_prose
kentrans_3621,eng_Latn,rag_Latn,Kuduka avandu si vanyala kudila tsingubo tsyavo.,Hata ikawa watu wasiweze kuyaguza mavazi yao.,general_prose
kentrans_2774,eng_Latn,rag_Latn,Yagaya kutindira muleri.,Mama alikataza usichokoze mlezi.,general_prose
kentrans_1711,eng_Latn,rag_Latn,"Ku Mwami yammbolera, ""Katsie na Nyasaye Woovo avehalala niive.""","Kiongozi akwamwambia, “Basi enda na Mungu wako awe pamoja nawe.”",general_prose
kentrans_2623,eng_Latn,rag_Latn,"Ni vakulia chokulia cha hamugolova,avakana vatsitsanga wa guku wavo na avayayi vatsia wa guga wao.",Baada ya chakula cha jini wasichana walienda kumwona nyanya ilhali wavulana walienda kumwona babu.,general_prose
kentrans_3660,eng_Latn,rag_Latn,13 Avoseli vaginga lugina na avana vekigitala netsingu.,Vijana huyachukua mawe na kusagia na watoto hujikwaa wakiwa na kuni.,general_prose
kentrans_2349,eng_Latn,rag_Latn,Mwinye avandu vaveye avange,Ninyi nyote mlio wangu,general_prose
kentrans_1759,eng_Latn,rag_Latn,Halikanyingi avakali valange no vulamu vulahi vavoleranga,Mara nyingi wanawake waliokuwa sawa walikuwa wakisema,general_prose
luhya_multi_45_sw,swh_Latn,rag_Latn,Watu wawili walikuwa wakipigana wakati mke wa mmoja akiangalia wakipigana.,“Babaandu babili baaba ne bapaana mala omukhasi owa mulala aloleleele ne balikho bapana.,Conversational
kentrans_1283,eng_Latn,rag_Latn,"Voosi va msuuvira, Voosi va msiluvira","Kuharibu dhambi, kuharibu dhambi",general_prose
kentrans_319,eng_Latn,rag_Latn,LIDUDU,NDEGE,general_prose
luhya_multi_264_sw,swh_Latn,rag_Latn,mungu mweza wa vyote atafanya kila mara mtakuwa juu ya mbari zingine.,"25""Wele Omunyali Owa Bioosi alakhola buli lwosi mulaba angaaki we chikholo chichiindi.",Conversational
kentrans_1787,eng_Latn,rag_Latn,Na nivalanga ku meta gavali nago.,Na wanapoita baadhi ya majina walio nayo.,general_prose
kentrans_174,eng_Latn,rag_Latn,Ulwausoma kitabu yiki ulalora kuli wa vivulana,Unaposoma kitabu hiki utaona jinsi walivyozaana,general_prose
kentrans_1627,eng_Latn,rag_Latn,Aheene yaho yaalira maliga nigiidooloka.,Hapo akalira machozi ikamdondoka,general_prose
luhya_multi_240_en,eng_Latn,rag_Latn,"And he told him, let me go to Kedesh together with Barak","20 Naye ya mbolera, ive u tsia Kedesh halala na Baraka.",Conversational
luhya_multi_231_en,eng_Latn,rag_Latn,What was grandmother doing in the kitchen?,2. Mukeere yaali naakolaki kumahiga?,Conversational
luhya_multi_6_en,eng_Latn,rag_Latn,Cattle also need to get proper food and when they are at their homes they cause a lot of trouble because there is no nearby place where there is grass that cattle should eat and be satisfied.,. Ing’ombe yosi yenyekhana inyole olwa iria nibari ingo kanyasichia muno khubera aumao abundu aambi ari nende obunyasi bwa ing’ombe ikhoyere khuria khuikura.,Conversational
kentrans_2289,eng_Latn,rag_Latn,"Hambi ku nyasaye kalunu mwosi,",Njooni nyote kwake Mungu,general_prose
kentrans_3473,eng_Latn,rag_Latn,Na wiiti vosi Ava loleka kuva avokuyanzidza imoni.,Naye amewaua hao wote Waliopendeza macho.,general_prose
kentrans_3160,eng_Latn,rag_Latn,Soma isaabu vulahi,Soma hesabu vizuri,general_prose
luhya_multi_209_sw,swh_Latn,rag_Latn,Kwa ajili ya mliza zayuni ulioachwa.,"18 Kigira kigulu Kya Zioni, yiki kyalekwa vutswa.",Conversational
kentrans_530,eng_Latn,rag_Latn,"Amahiolo gandi gaali ho, agokwitila ligondi kuli liitana lia vandu vinyumba avene navene.","Pia kulikuwa na miiko iliyalazimu kuchinjwa kwa kondoo, kama vila kuuana miongoni mwa watu wa familia au jamii moja.",general_prose
kentrans_3128,eng_Latn,rag_Latn,Avaana yava valeta mafa,Hawa watoto walilete miba.,general_prose
luhya_multi_386_en,eng_Latn,rag_Latn,The Lord has purposed to destroy the wall of the daughter of Zion.,8 Yahova u saaviye kwononnya lidigi lyomukana wa Zioni.,Conversational
kentrans_2038,eng_Latn,rag_Latn,Kumlonde konyole lihona. X2,Tumfuate ili tupate uponyaji.,general_prose
kentrans_2791,eng_Latn,rag_Latn,Na makanga sigakamba vutswa.,Kanga hawakunipa mabawa bure.,general_prose
kentrans_492,eng_Latn,rag_Latn,HENZA:,ANGALIA,general_prose
kentrans_3079,eng_Latn,rag_Latn,mavuyu,Mayayi,general_prose
kentrans_1186,eng_Latn,rag_Latn,Li leminya myoyo:,Latulita nyoyo,general_prose
kentrans_1047,eng_Latn,rag_Latn,No wunyali we!,Na uwezo wake!,general_prose
kentrans_563,eng_Latn,rag_Latn,16. Kolola mulwaye nu mukuzu lidiku lilala.,16. Kuona mgonjwa na mfu kwa siku moja.,general_prose
kentrans_866,eng_Latn,rag_Latn,Wina a yanza avandi voosi?,Ni nani anayependa watu wote?,general_prose
kentrans_1235,eng_Latn,rag_Latn,O KADALA KA BETHELEHEMU,MJI MDOGO WA BETHLEHEM,general_prose
luhya_multi_385_en,eng_Latn,rag_Latn,"And when Barak came out to meet Sisera, he told that woman, if you say change, enter, leader go with me, there I am mine, change enter mine I will go but if you fear something","8 Na Baraka twula kuvugana na Sisera, naya mu ya volera mukali uyo, Ive nu u va nu volera, U girunkane, wingire, mwami utsia halala ninze, hene yahoo inze wange, u girunkane wingire ahange;ndatsia;navutswa ive nu u va nu uu ta tia kindu.",Conversational
kentrans_32,eng_Latn,rag_Latn,Nyambura jibi to,Nyambura JIbi to,general_prose
kentrans_225,eng_Latn,rag_Latn,Kuli umwana niyang'aha naho umusatsa utivula naho ikindu kvavoneka ku mundu uyu.,Kama mtoto akiwa amekonda au mume asiye na uwezo wa kuzalisha au kama kunakitu kitu kilichoharibika kwa mtu huyu.,general_prose
kentrans_2455,eng_Latn,rag_Latn,Kulindi mwami Yesu yazanga,Tusubiri BwanaYesu yuaja,general_prose
kentrans_1619,eng_Latn,rag_Latn,"Yaamuteva,","Alimwuliza,",general_prose
luhya_multi_95_sw,swh_Latn,rag_Latn,"Ukijenga nyumba mpya, pigia atasikia kilichotendeka kisha atatii.","“Ne wombakha enju embia, khupila alaulila sisiekholeekhe mala alaria.",Conversational
luhya_multi_73_sw,swh_Latn,rag_Latn,"Msiwachukie Waedomu, walio wanawake ama wa kiume anayefanya jamii zenu.","“Mukhabiila Baedomu tawe, bali bakhasi namwe owe siseecha okhola balebe benywe.",Conversational
kentrans_1264,eng_Latn,rag_Latn,"Yivulwa mu Maria kukonya avandu,",Yesu utukufu uwe wako,general_prose
luhya_multi_245_en,eng_Latn,rag_Latn,"O Lord, turn us back to you, and we shall return;","21 U ku kirunkannye ku ive, o Yahova na kula girunkannywa.",Conversational
kentrans_1994,eng_Latn,rag_Latn,Tsitsanga yahoo,Nakuja huko,general_prose
kentrans_2430,eng_Latn,rag_Latn,Yahova Nyasaye atevanga ndi?,Mungu Baba akuuliza,general_prose
luhya_multi_300_sw,swh_Latn,rag_Latn,Nani awezaye kusema nalo likatendeka kama Bwana hajaamuru?,"37 Ni bwaha u vulanga, ma li va, Ni I va Yahova si ya li laga mba?",Conversational
kentrans_2778,eng_Latn,rag_Latn,Awa! Nzizanga witu.,La hasha!naenda kwetu.,general_prose
kentrans_1161,eng_Latn,rag_Latn,"Ogwakhana ni mwami,",Uwakao kwa nguvu za Mungu,general_prose
kentrans_455,eng_Latn,rag_Latn,47. Mukali kumiza mulimi avikula vatage.,Mwanamke kutawanya mbegu na mwanaume kuzifukia,general_prose
luhya_multi_188_sw,swh_Latn,rag_Latn,"Amenijaza uchungu,amenikinaisha kwa pakanga.","15 U nzizulitsi litsunwa, u nzigutidzi nekilulu kikye.",Conversational
kentrans_3319,eng_Latn,rag_Latn,"Amaleki; yeye, kuduka Sinai zana kya degera Na Benjamini, a londanga hagati","Amaleki, yeye kufika Sinai kwenyewe kukatetemeka na Benjamini, anafuata katikati Mbele ya",general_prose
kentrans_467,eng_Latn,rag_Latn,"Niva mundu yakuzanga maatevwa mu kilindwa vulahi, ma inyima yilananga kololeka kuvaveeye mwoyo mu maloto, sivwalange vulahi dave.","Iwapo mtu aliyeaga na kuzikwa na kisha baadaye kuonekana ndotoni kwa walio hai, halikuwa jambo zuri.",general_prose
kentrans_883,eng_Latn,rag_Latn,Mutungri ave’,Aliyetulipia yupo,general_prose
kentrans_1119,eng_Latn,rag_Latn,"NdoIi vindu vyobugasu Vyavitanga vya nda lola Hambi, m’lole vindu zana","Nimeona vitu safi, Zaidi kushinda vyote, njoni nyote tusadiki",general_prose
kentrans_1697,eng_Latn,rag_Latn,Daudi niyie waavakwa maguta.,Daudi ndiye aliyepakwa mafuta.,general_prose
kentrans_3159,eng_Latn,rag_Latn,isa,Saa,general_prose
luhya_multi_108_sw,swh_Latn,rag_Latn,"Mlawi yeyote anaweza wenu akamtumia nyinyi nabii akatoka kwa mji wowote kwa Israeli kama mimi kutoka kwenu wenyewe, aende mahali palipoteuliwa kuabudukisha mnastahili mmuogope yeye.","""Omulawi yesi yesi owenya, anyala wenywe alamurumira enywe omung'oosi aama mu lukoba lwosi lwosi mu Isirae- nga ese khukhwama mwinywe babeene, aache abuundu aaroborwa khusaaya mala mukhoya mu murie niye.",Conversational
kentrans_1737,eng_Latn,rag_Latn,Nivanga avamanyi linyonyi yiri?,Ni wangapi wanamjua huyu ndege?,general_prose
kentrans_2712,eng_Latn,rag_Latn,VINDU VYA MULOOGOLI,TABIA ZA WAMARAGOLI,general_prose
kentrans_1815,eng_Latn,rag_Latn,Mwene yasingiranga vudinyu imbiri wo mukevi.,Anayetahiriwa alifaa kuwa jasiri mbele ya ngariba,general_prose
kentrans_1115,eng_Latn,rag_Latn,Mihiga gyosidza; Ku Ia lola bukumi mwigulu.,"Milele hata daima, utukufu wako tuuone.",general_prose
kentrans_335,eng_Latn,rag_Latn,Kigira sigenyekana ulwavatsitsa kutema kilova ave nasioma anaho nalila amaliga dave.,Maanake wakati wa kuchimba kaburi hakupaswa kulia.,general_prose
luhya_multi_230_en,eng_Latn,rag_Latn,"2. Sitting on a stone for grinding grain, because you will break your back.","2. Kwikala ku lugina lwavasieraku, kijira ulatula mugongo.",Conversational
kentrans_2531,eng_Latn,rag_Latn,Mukali wi inda - Indumba,Mwanamke mjamzito -Ngoma,general_prose
kentrans_2822,eng_Latn,rag_Latn,MAMA MBE TSIMBINDI,MAMA NIPE MBEGU ZA MKUNDE,general_prose
kentrans_638,eng_Latn,rag_Latn,"U mu voleranga ku, Hasante","Uwe unamwambia, asanti",general_prose
kentrans_216,eng_Latn,rag_Latn,Na niviti saa sita ya mmbasu sivavida naho sivasalisa mba.,Na saa sita mchana hawakuwa wakitibu wala kubariki.,general_prose
luhya_multi_178_sw,swh_Latn,rag_Latn,Manabii wako wameona maono kwa ajili yako Ya ubatili na upumbavu.,"14 Avaprofeti vovo VA KU koleye amalola, amalola ga vutswa na govusiru.",Conversational
kentrans_2325,eng_Latn,rag_Latn,Mu mihiga ne mihiga.,Milele na milele,general_prose
kentrans_1277,eng_Latn,rag_Latn,Ubuyanzi bu ve hoosi; Vandu voosi vimbe;,"Furaha kwake dunia, MwokoziniMfalme",general_prose
kentrans_1516,eng_Latn,rag_Latn,Nimiyinziki jolugembe lukolaa?,Wembe hufanya kazi gani?,general_prose
kentrans_645,eng_Latn,rag_Latn,"Nda yanza musalaba kase,",Naupenda msalaba zaidi,general_prose
kentrans_1397,eng_Latn,rag_Latn,"Va Ii ho mu Bethlehemu avayi va linda Kyayo,","Waimba sikizeni, Malaika mbinguni",general_prose
kentrans_2927,eng_Latn,rag_Latn,Muyayi yalangangwa Agulakiraka no mukaana yalangangwa Muhonja,Mvulana aliitwa Agulakiraka na msichana aliitwa Muhonja,general_prose
kentrans_1720,eng_Latn,rag_Latn,Nuuhenza yigulu mulisooma yiri ulalola ibicha yekinywere.,Unapoangalia hapo juu katika sura hii unaona nini?,general_prose
kentrans_1541,eng_Latn,rag_Latn,Lugembe luvega liisu.,Wembe hunyoa nywele,general_prose
kentrans_882,eng_Latn,rag_Latn,U tungiye kwinye;,Ametulipia;,general_prose
luhya_multi_311_sw,swh_Latn,rag_Latn,"Ameupinda upinde wake kama adui, Amesimama na mkono wake wa kuume kama mtesi.","4 U nyiye ubuta bwibwe kuli musigu, u singiye nomukono gwigwe mulungi kuli Mudamdidzi.",Conversational
kentrans_3018,eng_Latn,rag_Latn,yeeye,Anafagia,general_prose
kentrans_126,eng_Latn,rag_Latn,Ave emoni ne kelolelo kya avandu valungi.,Awe jicho na kioo cha wote walio wakamilifu.,general_prose
luhya_multi_315_en,eng_Latn,rag_Latn,4. A man staying in the kitchen.,4. Musatsa kugunza ivwasi.,Conversational
kentrans_3577,eng_Latn,rag_Latn,"49 Imoni yange I sundukanga amadzi, si I lekeranga mba, si I kamulukanga.","Macho yangu yatatiririka machozi bila kukoma, bila kupata nafuu",general_prose
kentrans_2693,eng_Latn,rag_Latn,Haa ninze Lledi,Ni mimi lledi,general_prose
kentrans_2320,eng_Latn,rag_Latn,Oyo aveye muvulavu vwa Kristo,Anaongozwa na nuru ya Bwana.,general_prose
kentrans_3210,eng_Latn,rag_Latn,Tivula amiita gamanyonyi gabulukaa yigulu,Taja majina ya ndege wanaopaa angani.,general_prose
kentrans_3439,eng_Latn,rag_Latn,"Ga hambanyeywi halala, ga nini kwigoti lyange, u heridzi tsingulu tsyange.","Hayo yaliyoshikamana, yamepanda juu shingoni mwangu, amezikomesha nguvu zangu.",general_prose
kentrans_26,eng_Latn,rag_Latn,Zaza mmbo,Zaza mtoto wa Mmbo,general_prose
kentrans_1438,eng_Latn,rag_Latn,Inyama Wataaga haliki inyaanya yoyo?,Inyama ulipanda wapi nyanya yako?,general_prose
kentrans_1392,eng_Latn,rag_Latn,Na Suuviranga Yesu nunu,Namuamini yesu hata sasa,general_prose
kentrans_3140,eng_Latn,rag_Latn,Amakasi neisa viveeye kumesa,Makasi na saa ziko mezani,general_prose
kentrans_739,eng_Latn,rag_Latn,Yeu u samihi;,Ndiye wa kusamehe;,general_prose
kentrans_3235,eng_Latn,rag_Latn,Eng'ereng'ani iveeye yigulu.,Nyota iko juu.,general_prose
kentrans_1096,eng_Latn,rag_Latn,Si ha ye mundu u ta mwenya mba.,Hapana hata mmoja usiye mtaka,general_prose
kentrans_2841,eng_Latn,rag_Latn,AGOKUTANGA,YANAYOTANGULIA,general_prose
kentrans_2695,eng_Latn,rag_Latn,Haa niinze Lledi,Haa ni mimi Lledi.,general_prose
kentrans_2495,eng_Latn,rag_Latn,Ndaleta avakali nimbakuyi mavatsira ligali -Amatu go misaala,Nilikuwa naoa wanawake nikiwachapa hawarudi-matawi ya miti,general_prose
kentrans_108,eng_Latn,rag_Latn,MUNDU MUSATSA AVEYE ILIUVA NAHO UVULAVU VWE LILOVA GADUKANA OVEE KULI NDI,MWANAUME NI JUAAMA MWANGA WA ULIMWENGU NA INABIDII KUKAA HIVYO,general_prose
luhya_multi_196_sw,swh_Latn,rag_Latn,"Amenivunja meno yangu kwa changarawe,amenifunika majivu.",16 Kandi u vunanyi amino gange netsinzalo u nkuniki ligoke.,Conversational
kentrans_3085,eng_Latn,rag_Latn,Yaka nakaana koko,Haka ni katoto kako,general_prose
kentrans_2514,eng_Latn,rag_Latn,Inyingu ya babira - Kirindwa,Chungu kichafu -Kaburi,general_prose
kentrans_2547,eng_Latn,rag_Latn,Kisiki mu mbalambala - Mudoga,Kisiki barabarani -Gari,general_prose
kentrans_1758,eng_Latn,rag_Latn,Si gaali alumangwa na mino dave navutswa umwana yenyanga inzira yatulira munda mwayamenyanga imyeri josi tisa.,Sikwamba anaumwa na meno bali ni mtoto anataka njia ya kutokea kutoka tumboni alimokuwa akiishi miezi zote tisa,general_prose
kentrans_927,eng_Latn,rag_Latn,"Nda Iekha hango zana Khuduukha hasi hanu,","Nitawacha nyumbani penyewe na kushuka chini,",general_prose
kentrans_3591,eng_Latn,rag_Latn,"63 Henza likala lyavo, ne lisingira lyavo, mbeye lwimbu lwavo.","Watazame! Wakiwa wameketi au wamesimama, nimekuwa kama wimbo kwao.",general_prose
kentrans_3499,eng_Latn,rag_Latn,"13 Nku lolekidzira kindu ki, Nda fwanannya na kindu ki ive, o mukana wa Yerusalemi?","Nikushuhudie nini? Nikufananishe na nini, Ee Binti Yerusalemu?",general_prose
kentrans_1506,eng_Latn,rag_Latn,Nivanga avakikiri kumanya?,Ni wangapi bado hawajafahamu?,general_prose
kentrans_1435,eng_Latn,rag_Latn,Indimu enderere eveeye indulu.,Ndimu laini ni chachu,general_prose
kentrans_3086,eng_Latn,rag_Latn,Lola akaana kaveeye nekiduuda mu mkono,Ona kana pakiti kwa mkono.,general_prose
luhya_multi_65_sw,swh_Latn,rag_Latn,"Babu asante. Hadithi ilikuwanzuri, hata kama ni ya kuhuzunisha kwa kifo cha Kaleefu.","“Kuuka, orio muno. Olukanolwo lubeele olulayi, kata nululi olweshibeela khulwa okhufwa khwa Kallefu.",Conversational
kentrans_1976,eng_Latn,rag_Latn,. Kumanyia uguteywi vingirizana kandi atuulwe naho naye atuule ma vavukana.,Ili kujua aliyeshinda wanamwingiza tena aliyeangushwa pia naye amuangushe kisha wafumukane.,general_prose
luhya_multi_219_sw,swh_Latn,rag_Latn,"Amka ulalamike usiku, Mwanzo wa kukesha kwake.",19 Vuka u kupe lwanga mbudiku mu litanga lyobulindi.,Conversational
kentrans_634,eng_Latn,rag_Latn,"Wa mu henza nobuvereri,",Aliyemwangalia kwa huzuni,general_prose
luhya_multi_338_en,eng_Latn,rag_Latn,"Those who oppress it have become the head, his enemies have prospered; because the Lord has afflicted it because of the multitude of its sins","5 Ava mu dambidzanga va gwiye mutwe, avasigu veve vagasidzeywi; kigira yahova u mu vereridzi kigira ubunyingi bwa mahyolo gege.",Conversational
kentrans_2368,eng_Latn,rag_Latn,Valamenya mu vuyanzi bwange.,Watadumu katika pendo langu.,general_prose
kentrans_425,eng_Latn,rag_Latn,Avanyalanga kwivisa vavula konyolwa vevolanga vakoli ikindu ekenene musigali utamiywi kuvanyola.,Waliofanikiwa kujificha walijidai na kujigamba kwa kuwa askari alikuwa ameshindwa kuwapata.,general_prose
luhya_multi_103_en,eng_Latn,rag_Latn,"""Grass has grown near the house""",“Nyumba yayi nyumbila”.,Conversational
kentrans_1280,eng_Latn,rag_Latn,"Mwami, Mwami wetu, udzi.","Rudisheni, na rudisheni sauti.",general_prose
luhya_multi_36_en,eng_Latn,rag_Latn,Let him be brought to go around.,""" kho ererwe obotookhelesie.",Conversational
luhya_multi_64_en,eng_Latn,rag_Latn,"Grandfather, thank you for teaching us. Many grandfathers of our generation speak before thinking about the source of the matter.","“Kuuka, orio muno okhukhuchetsihia. Ababuukha abanji abolubaka lwefwe baboolanga nibashiili okhupaara eshufune shielikhuwa.",Conversational
kentrans_3584,eng_Latn,rag_Latn,"56 Was hulira mwoyo gwange, u ta Visa ugutu gugwo ku miyika gyange, KU lilira lyange.",Ulisikia ombi langu: “Usikizibie masikio yako kilio changu nikuombapo msaada.,general_prose
kentrans_1733,eng_Latn,rag_Latn,"Ing'inga Daudi yaatsa, avasikaali veriihe vaamuteeva, ""Uloliku mundu munene ula?""","Wakati Daudi aliwasili, askari wa vita walimuuliza, “ Je, umeona yule mtu munene?”",general_prose
kentrans_2726,eng_Latn,rag_Latn,Muduya vakuvula ku magodo.,Waliandaa kitoweo cha maharagwe kwa kuondoa ganda lake.,general_prose
kentrans_1449,eng_Latn,rag_Latn,Eng'ereng'ani ekonyanga mundu kulola mukisundi.,Nyota humsaidia mtu kuona gizani,general_prose
luhya_multi_170_sw,swh_Latn,rag_Latn,"Amka, amka, Debora; mimi na mwimbia Mungu namshukuru, amka, amka imba wimbo","12 Vuka, Debora; sig ! Inze ndimbira Yahova lidzomi-a vuka,vuka, wimbe Iwimbu;",Conversational
kentrans_3020,eng_Latn,rag_Latn,aleraa,Analea,general_prose
kentrans_3427,eng_Latn,rag_Latn,10 Mudamdidzi u nyiye mukono gigwe ku vindu vivye vyosi vyokuyanzidza.,"Adui ametia mikono juu ya hazina zake zote,",general_prose
luhya_multi_100_en,eng_Latn,rag_Latn,"Just as you were one thousand one hundred fifty people and other people from Mount Sinai the almighty God, our God told us 'You have stayed a long time at the mountain.'","“Nga ne mwabeele be babaandu eelefu emia ndala kamakhumi karano ne babaandu babaandi be a sikulu sia Sinai Wele Omunyali Owa babaandu, Wele wefwe akhuboolela efwe 'Mwamenyile siise sileeyi a sikulu.",Conversational
kentrans_2887,eng_Latn,rag_Latn,Isimba yalonda ku navutswa siyakenyola mba.,Simba alimfuata lakini hakumpata.,general_prose
kentrans_2403,eng_Latn,rag_Latn,Nzisundanga ku ive wengine,Naja kwoko wewe pekee,general_prose
kentrans_246,eng_Latn,rag_Latn,Umukali na maliyi kutula mu mweli avetsa usaalisiywi no mukali munene.,Mwanamke akisha maliza kipindi cha hedhu huwa ametakasika kwa kwa hisani ya mmwanamke mkuu,general_prose
luhya_multi_389_sw,swh_Latn,rag_Latn,Kwa nini watu hawa walikufa?,8. Kigiraki aviguliri vaakutsa?,Conversational
kentrans_2993,eng_Latn,rag_Latn,Adede alolaa lubada,Adede anaonna chapii.,general_prose
kentrans_1527,eng_Latn,rag_Latn,Mutwi,Kichwa,general_prose
kentrans_396,eng_Latn,rag_Latn,Vasinzilanga hakilindwa kyo mundu zana hayatevwa ku umundu mwene wakutsa ulie naho anwa ku masahi ge eng'ombe yiyi.,Ilichinjiwa juu ya kaburi ya Yule aliyeaga ndiposa Yule mtu aliyeaga ale ama anywe damu ya ngombe wake,general_prose
kentrans_1769,eng_Latn,rag_Latn,Litulitsa lyali ligali kuhaana munwa uwivula atule mu nyumba agende ichova kuli avandu vandi.,Kutolewa huku ilikuwa kama ishara ya kumruhusu aliyejifungua kutoka kwa nyumba na kutembea nje kama watu wengine,general_prose
kentrans_3366,eng_Latn,rag_Latn,"17 gwa li netsingulu ku Jabin mwami wa Mwinye avikalanga ku visero Kanani,kuduka iwa va dividza Nomwinye ava gendaga ku jabin mwami wa Kanani.",Ilikuwa na nguru kwa Jabin kiongozi wenu wanao keti kwenye ngozi Kanani kufika alikoteswa wanaotembea kwa Jabim mkuu wa Kanani,general_prose
kentrans_350,eng_Latn,rag_Latn,Liuva nilitula litulila kuvigulu na niligwa naho niliyela mu inyanza.,Jua likichomoza huanzia milimani na likitua hutua kwenye ziwa.,general_prose
kentrans_3433,eng_Latn,rag_Latn,"Henze, mu lole, Ni ha va Ni ha veye nelivererera Lindi kuli livererera Lindi kuli livererera Lya mbeye nalyo, Lya nkolerwa.","Angalieni, mtazame kama kuna majonzi yoyote kama yangu, niliyotendwa.",general_prose
kentrans_275,eng_Latn,rag_Latn,Namali kuva mu mweli ku madiku kutula 3-6 avetsa mu tsinganangani tsinyingi kali mutsing’endo tsitsie ihale anaho ukutsia muvandu havaveye vanyingi siyenya mba.,Akishamaliza hedhi kwa siku 3-6 huwa na fikira nyingi hata katika safari zake za mbali au kwenda kwa watu wengi hakutaka.,general_prose
kentrans_1943,eng_Latn,rag_Latn,Vamanya vavika mu amamera,Walikuwa wakitia ndani viungo vingine.,general_prose
kentrans_2814,eng_Latn,rag_Latn,"Nangodekere ichai, gona",Nitakupikia chai lala.,general_prose
luhya_multi_117_sw,swh_Latn,rag_Latn,Mtu yeyote anayelala na mkwe wake alaaniwe.,"""Omundu yesi yesi okona ne masalaawe alaamwe.",Conversational
kentrans_1534,eng_Latn,rag_Latn,Masahi galuhi girananga kandi mumwoyo.,Damu huzunguka tena na kurudi moyoni,general_prose
luhya_multi_238_en,eng_Latn,rag_Latn,"The breath of our nostrils, the Lord's anointed, was taken in their pits.",20 Miyika gya umolo getu wa Yahova yamuvaka maguta yagumirwa mu bwongo bwavo.,Conversational
kentrans_2725,eng_Latn,rag_Latn,Kigira ki muduya na majira sigafanana mba?,Kwa nini vitoweo vya maharagwe havifanani?,general_prose
kentrans_2907,eng_Latn,rag_Latn,Engoko nayo yatanga kusangala sagala hasi niyenyanga logembe lwe liive.,Kuku naye alianza kuchakurachakura chini akitafuta wembe wa mwewe.,general_prose
kentrans_1749,eng_Latn,rag_Latn,Umanyi tsing'ano tsianga tsietsislimindwa?,Unafahamu ngano ngapi za teleka?,general_prose
kentrans_1281,eng_Latn,rag_Latn,"Ubwoni si bu nyala mba, Kwameha avandu:","Dhambi zisiongezeke, wala wahalifu",general_prose
kentrans_390,eng_Latn,rag_Latn,Sihali ho ne lilago iliavugilila umundu mkali ukuva ahimbi anaho kusingilila MULUKA MBA.,Hapakuwa na sheria iliyoruhusu mwanamke kukaribia ama kuongoza tambiko hata kidogo.,general_prose
luhya_multi_113_en,eng_Latn,rag_Latn,"A person who has a wife whom he has recently married, then you are found to be going to war or doing work, you are evil.","""Omundu ne ali no mukhasi omwea, mala ewe onyoolekhe khuuba khocha mwiie, namwe akhole kimilimo oli omumayaanu.",Conversational
kentrans_1634,eng_Latn,rag_Latn,Lwayaali naaninanga Anakamuna yaahambitsa umusembe gwa Anakanani.,"Jini (Anakanani) alipokuwa anapanda mti, Sungura (Anakamuna) akawasha mkia wa jinni (Anakanani)",general_prose
kentrans_1858,eng_Latn,rag_Latn,Kusaata.,Kuwekwa alama mwilini.,general_prose
kentrans_1389,eng_Latn,rag_Latn,Yadza ku mbonnya;,Aliyekuja kuniokoa,general_prose
kentrans_1695,eng_Latn,rag_Latn,Uvutumwa vugiranga uyanzwa kandiohevwa ikivisiywi.,Utumwa husababisha upendo na kupewa kile kilichofichwa.,general_prose
kentrans_936,eng_Latn,rag_Latn,"Khu vandu vomshvala, Nda lerha busamehe Khu vandu vianra,","Kwa watu wa duniani, nilileta msamaha kwa wanaonililia,",general_prose
kentrans_1850,eng_Latn,rag_Latn,Hali kanyingi avakana vaduki vavugula avana vavo vayai vatula navo mu nyumba vatsia navo mu chavogono chavo.,Wakati mwingine wasichana wakikua wangechukua wavulana wao na kwenda nao katika chumba chao cha malazi.,general_prose
kentrans_1762,eng_Latn,rag_Latn,Inyinga yindi mwana ya munyolereranga kuinzira mayivula ma aginga akana zana atsia yengo avaleki hango valola vutswa alingira na kana.,Wakati mwingine mtoto angempata njiani kisha anajifungua kisha anakabeba katoto kenyewe anaenda naye nyumbani aliowaacha nyumbani wanamuona akiingia na mtoto,general_prose
kentrans_881,eng_Latn,rag_Latn,"Ku suuvire nunu,","Tumwamini leo,",general_prose
kentrans_2667,eng_Latn,rag_Latn,Ndanyola tuvuli tu mwayi.,Nilikutana na mbuzi wa mchungaji mmoja,general_prose
luhya_multi_97_en,eng_Latn,rag_Latn,This is what made the Luhya say that 'a child surpasses their mother in intelligence.',“Neshichilanga Abaluyia nibaboola mbu “Namwana ahila nyina amachesi”,Conversational
luhya_multi_56_sw,swh_Latn,rag_Latn,Siku ya leo naenda kuwaelezea hadithi ya wazee wawili wanaoitwa Kaleefu na Okwaro.,“Inyanga ino enzia okhumuupila imbakha akabakofu babili abalaangwa mbu Kaleefu nende Okwaro.,Conversational
kentrans_2875,eng_Latn,rag_Latn,Yatsia kwenya chokulia mumi navutswa siyanyola inyama yosi yo kwita dave.,Alienda kutafuta chakula mwituni lakini hakupata mnyama yeyote wa kuua.,general_prose
kentrans_3030,eng_Latn,rag_Latn,Logera lulala lula luveeye kuludiigi,……. Ile moja iko kwa ukuta,general_prose
kentrans_1763,eng_Latn,rag_Latn,Vali vayegitswa navakeere kuli vanyala kukala lulera no kolovoha mwana avule kutaatsa dave.,Walikuwa wamefunzwa na kina mama jinsi wanavyoweza kukata mshipa wa kitovu mtoto asimwage damu nyingi,general_prose
kentrans_2480,eng_Latn,rag_Latn,Kumulikanga kuli itaya,Twaangaza kama taa,general_prose
kentrans_3648,eng_Latn,rag_Latn,7 Avaguga vetu vakola ubwoni na sivaveyeho.,Babu zetu waliotenda dhambi hata hawako.,general_prose
kentrans_1208,eng_Latn,rag_Latn,Kisinuku kyobuyanzi.,Chemichemi ya furaha,general_prose
kentrans_3089,eng_Latn,rag_Latn,Yirana uhe akaana maveere,Rudi umpe motto maziwa,general_prose
luhya_multi_3_en,eng_Latn,rag_Latn,Fine of one thousand shillings x2,. Ifaini ya shilingi elfu ndala x2,Conversational
kentrans_2917,eng_Latn,rag_Latn,"lwa vwacha mugamba ,Evelia yirana murimi gwavo yigwo","Kulipo kucha siku iliyofuata ,Evelia alirudi kwa hile shamba lao",general_prose
luhya_multi_60_sw,swh_Latn,rag_Latn,Kumbuka ambayo waameleki waliwafanyisha kazi kana watumwa.,"""Khebulila niko Baameleki bamukhosia kimilimo nga banasioobi.",Conversational
kentrans_2594,eng_Latn,rag_Latn,"Yigula inyama, muusi kesero – Emondo","Alinunua nyama, ndani ni ngozi Firigisi",general_prose
kentrans_2558,eng_Latn,rag_Latn,Mbeye na vasungu vange vaviri vandu vosi vavayaanza tsia tsindala na tsisaa tsindi vavasuula - Imbula no mbasu,Nina wazungu wangu wawili watu huwapenda wakati mwingine na wakati mwingine wanawakataa -Jua na Mvua,general_prose
kentrans_1127,eng_Latn,rag_Latn,Kigira buyanzi bubwo bu ku kumbiridzanga,Kwa sababu ya pendo lako liltukumbatialo,general_prose
kentrans_517,eng_Latn,rag_Latn,"Muyai naho mukana ukikiri konyoola ku mwana niyakuzanga,","Mvulana au msichana ambaye hakuwa na mtoto angeaga,",general_prose
kentrans_270,eng_Latn,rag_Latn,Umwana yisunga kuli umundu muhindila yisunganga natamiki ne kivala chamenyi mu.,Mtoto aliyejinyonga kama mtu mzima alifanya hivo akishindwa nan chi aishipo.,general_prose
kentrans_608,eng_Latn,rag_Latn,Busaliri bwibwe;,Rehema zake;,general_prose
kentrans_2492,eng_Latn,rag_Latn,Kwake mu lilova hosi na hosi,Hapa duniani na kotekote,general_prose
luhya_multi_186_en,eng_Latn,rag_Latn,Go away! Do not touch the unclean.,"15 Mweyahule mu tsie Ni ndiyo va kupa lwanga, budamano Mweyahule mu ta dira mba.",Conversational
luhya_multi_120_sw,swh_Latn,rag_Latn,Mtu yeyote anayempoteza kipofu kwa safari yake alaaniwe.,"""Omundu yesi yesi otiimia omubofu khu lukeendo lwewe alaamwe.”",Conversational
kentrans_302,eng_Latn,rag_Latn,Umundu mukali Wangari Maathai yamanyandi ukulinda ivigulu ne militu ja avasatsa valogooli kwagotwa ikivuni kye Vigulu ne militu?,Bi. Wangari Mathai alijua vipi kuhifadhi milima na misitu ambayo wanaume wamaragoli hawakujua umuhimu wa milima na misitu?,general_prose
kentrans_3034,eng_Latn,rag_Latn,Aliriraa lirere,Analilia kipaza sauti.,general_prose
kentrans_2918,eng_Latn,rag_Latn,Yavugura vulimbu nanaala ku lidsuma liyadola linyonyi ni lilitsa ma nabama liyadola linyonyi ha masalas,Alichukuwa ulimbo akapachika kwenye hindi aliloona ndege likila akajificha kando ya mti,general_prose
kentrans_2009,eng_Latn,rag_Latn,Vamutigaye hano mulilova,Waliobaki hapa duniani,general_prose
luhya_multi_47_sw,swh_Latn,rag_Latn,"Wasimamizi wakuu watauliza uzima kwa uzima, macho kwa tena watu wengine kuwa, kuna mtu ambaye jicho, jino kwa jino, mkono damu yake yaliyeyuka sababu uoga na kwa mkono na mguu kwa yaliyokuwa hivyo aende nyumbani.","""Babemeelesi bakhulu balareeba bulamu khulwe bulamu, emoni khulwe lundi babaandu bali, 'Aliio omundu niye moni, liliino khulwe liliino, kumukho- kamafuki kewe keelulukha sikila buuri? no khulwe kumukhono ne sikele khulwe Kaaba kario ache engo.",Conversational
kentrans_2811,eng_Latn,rag_Latn,Omwana wa baba gona,Lala mtoto wa baba.,general_prose
luhya_multi_262_sw,swh_Latn,rag_Latn,"Bwana ni mwema kwa wale ambao tumaini lao ni kwake, kwa yule ambaye humtafuta.","25 Yahova a veye mulahi kuvo VA mu lindiranga, KU mwoyo gu mwenyanga.",Conversational
kentrans_1646,eng_Latn,rag_Latn,Lero giviti mihiga giduuka makomi gatano nagiviri Yaaliho musaakulu mulala waali mutugi muno.,"Zaidi ya miaka 12 iliyopita, paliishi mzee mmoja aliyekuwa na mali nyingi sana.",general_prose
luhya_multi_330_sw,swh_Latn,rag_Latn,Mwanamke kupiga mbija,46. Mukali kukuba ling’al’la.,Conversational
kentrans_250,eng_Latn,rag_Latn,Ulwe liuva limala miyinzi jagwo vudiku guyekanga imadioli munyanza.,"Punde Jua limalizapo majukumu yake usiku, huwa inatua baharini upande wa magharibi.",general_prose
luhya_multi_62_en,eng_Latn,rag_Latn,Why do you now want the child to share his food with you?,"“Kigiraki kalunu wenyanga umwana akuheku chokulia chiche?""",Conversational
kentrans_2636,eng_Latn,rag_Latn,Kali tsinyama tsiosi tsingendanga ku lirova,Wanyama wote hutembea katika ulimwengu huu.,general_prose
luhya_multi_363_en,eng_Latn,rag_Latn,How did that old man know which young man stole?,6. Musakulu uyo yaamanya ndi muyayi wiiva?,Conversational
luhya_multi_37_sw,swh_Latn,rag_Latn,Kwa hayo mteuwe miji zingine tatu za kutorokea.,” Kwako murobore chingoba chichiindi chitaru che khukhwilukhilamo.,Conversational
luhya_multi_128_en,eng_Latn,rag_Latn,May He heal us all,A khu honie efwe fwesi.,Conversational
luhya_multi_179_en,eng_Latn,rag_Latn,from Ephraim they came down,14 kutwula mu Efiraimu va sulunguta,Conversational
kentrans_178,eng_Latn,rag_Latn,Na amangana yaga ganzimila vudinyu vwene,Na maneno haya yaliniongoza katika ugumu wenyewe,general_prose
luhya_multi_331_en,eng_Latn,rag_Latn,"We have suffered from great fear and sudden trouble, destruction and ruin.","47 Ubutii na bogo vi duki ku kwinye, ubudivi na bwoneku.",Conversational
kentrans_3661,eng_Latn,rag_Latn,14 Avakulundu va leka kutsia na kiribwa.,Wazee wameacha kwenda langoni.,general_prose
kentrans_1852,eng_Latn,rag_Latn,Litula lya vana kutula mu nyumba mwavo kutsia kogona ahandi kwalangangwa ukutsia isimba.,Watoto kutoka kwa nyumba zao kwenda kulala kwingine kuliitwa kwenda isimba.,general_prose
kentrans_447,eng_Latn,rag_Latn,39. Mwana kutanga ligesa viukulia m’mulimi vujira livugilira lia dada.,Mtoto kuanza kuvuna vyakula shambani bila kibali cha baba,general_prose
kentrans_2432,eng_Latn,rag_Latn,Inze mbeye Yahova walomba vyosi,Mimi ni Mungu muumba wa vyote,general_prose
kentrans_1483,eng_Latn,rag_Latn,Kinanwa,Kidevu,general_prose
kentrans_1837,eng_Latn,rag_Latn,Avakana vatsitsanga kogona mu nyumba yo mukeere waleka liivula naho wo musakulu wewe yakutsa ma yavula kwiranywa kigira sia nyala kandi kwivula dave.,Walikuwa wakienda kuishi kwa nyumba ya mwanamke aliyefikia kikomo kwa uwezo wa kupata watoto au kwa mwanamke mjane ambaye hakuolewa tena kwa sababu ya kufikia kikomo kwa uzazi.,general_prose
kentrans_3670,eng_Latn,rag_Latn,Vinywere vi tsitsanga yiyi na yiyi kukyo.,Mbweha hutembea juu yake huku na kule.,general_prose
luhya_multi_395_sw,swh_Latn,rag_Latn,Malango yake yamezama katika nchi; Ameyaharibu makomeo yake na kuyavunja.,9 Viribwa vivye vya sikira hasi ya dividza nokuvunanya miluguyu gyavyo.,Conversational
luhya_multi_277_en,eng_Latn,rag_Latn,Surely against me he turns his hand again and again the whole day long.,3 Ligali ya girunkannya mukono gwigwe ku inze Hali kanyingi mbasu Bei,Conversational
luhya_multi_145_sw,swh_Latn,rag_Latn,1.Ni hadithi ipi uliyoisoma?,1. Niluganoki usomi?,Conversational
kentrans_1725,eng_Latn,rag_Latn,Kihiimanga tsingoko kigira nitsiotsiakinyaanyanga.,Huwinda kuku kwa sababu hicho ndicho chakula chake.,general_prose
kentrans_215,eng_Latn,rag_Latn,Iliuva liturange navo nivaveye ku inzi.,Jua likichomoza awe amemaliza shughuli hiyo.,general_prose
kentrans_1087,eng_Latn,rag_Latn,"Yahova Mwami Nyasaye Munene,",Mungu Baba Mfalme mwenye enzi,general_prose
kentrans_714,eng_Latn,rag_Latn,"Yesu Musoli a yanza vandu,",Yesu mtafutaji anapenda watu,general_prose
luhya_multi_256_sw,swh_Latn,rag_Latn,"24 Basi hivyo Mungu akamshinda Baraka, inuka maana siku hii Yabin Bwana wa Kanani mbele ya Mungu umueke Sisera kwa mkono watoto wa Israeli ili sik hiyo Mungu hakuenda mbele","23 kunangwa Nyasaye ya guuta Baraka, Vuka ;kigira ku lidiku yili Jabin mwami wa Kanani imbiri wa Yahova u viki Sisera mmukono avana va Israeli ku lidiku yilyo, gugwo;Yahova si ya tsia imbiri |24 Na mukono gwavana va Israeli",Conversational
kentrans_1327,eng_Latn,rag_Latn,Kandi kalunu ku Ia sangala,Tutamwabudu milele daima,general_prose
kentrans_2412,eng_Latn,rag_Latn,Lwa ive mwene utamanya,Hata pale hatutujui,general_prose
kentrans_1468,eng_Latn,rag_Latn,Emenyaa haliki?,Anaishi wapi?,general_prose
kentrans_61,eng_Latn,rag_Latn,"Mukwasi uyu ni uwaahila mbotso woovo naho musaatsa wo mukana winyu, Umukoo uyu ni isee umkali wovo (wawakwela Tsing'ombe) naho guga.","Shemeji ni aliyeoa dada yako ama mume wa dada yenu, my wa ukoo baba wa mke wako mke(aliyelipa mahari) ama babu.",general_prose
kentrans_540,eng_Latn,rag_Latn,"Ma kandi yavugulanga engoko ndavu yila agemeyitsa kuye, ma luva lufeye.",Tena alichukua yule kuku mweupe na kumpapasapapasa nayo kama ishara ya heri njema ya kamaliza utakaso wa jambo hilo.,general_prose
kentrans_3461,eng_Latn,rag_Latn,22 Ubudamano bwavo bwosi budze imbiri wowo.,Huo uovu wao wote na uje mbele zako wewe.,general_prose
kentrans_2708,eng_Latn,rag_Latn,Gendi kusale,Twendeni tuombe,general_prose
kentrans_451,eng_Latn,rag_Latn,43.Mukali kwihila evembe.,Mwanamke kung’ oa nyasi maalum za kuezeka nyumba,general_prose
kentrans_715,eng_Latn,rag_Latn,A langa vosidza va mu londe.,Anawaita wote wamfuate,general_prose
luhya_multi_347_sw,swh_Latn,rag_Latn,Lile ninaloliona huniletea huzuni nafsini kwa sababu ya wanawake wote wa mji wangu.,"51 Imoni yange I hayahayidzanga mwoyo gwange, kigira avakana vosi velidala lyange.",Conversational
kentrans_3166,eng_Latn,rag_Latn,Madiku !,Siku,general_prose
luhya_multi_129_sw,swh_Latn,rag_Latn,”UMEAMBULIA UJAUZITO WA KYUMU”vilevile mbalamwezi huwa na damu yake na ni”MVUA” MVUA huchoma mbalamwezi na kusafisha mwezi na kufanya mwezi kunenepa,"""UHELIDZI INDA YE KYUMU” Kandi umweli goveye na masahi gagwo gagutsitsa mu nago ni “IMBULA” IMBULA etsoma umweli kandi ilavitsa umweli kandi ekomelitsa umweli.",Conversational
kentrans_12,eng_Latn,rag_Latn,Kayambiva umwanavu?,Nyungu ndogo ya kupikia kuku ni mtoto wa nani,general_prose
kentrans_3597,eng_Latn,rag_Latn,"Ga duka ndi va validzwa kuva viju vyobudohi, miyinzi gyo mukono gwomulongi.","Wanavyodhaniwa kuwa vyombo vya udongo, kazi ya mikono ya mfinyanzi.",general_prose
luhya_multi_159_en,eng_Latn,rag_Latn,"My eyes fail with tears, My heart is troubled.","11 Tsimoni tsyange tsi luhi kigira maliga, mwoyo gwange gu kaliki.",Conversational
luhya_multi_220_en,eng_Latn,rag_Latn,"Remember my affliction and my sorrow, the wormwood and bitterness.","19 Widzulitse lidambidzwa lyange na likenya lyange, kilulu nendulwe",Conversational
kentrans_955,eng_Latn,rag_Latn,"Ga nyala khwogidza bwoni,","Inayoweza kuosha dhambi,",general_prose
kentrans_885,eng_Latn,rag_Latn,Yesu Mutungiri u ku sooye,Yesu aliyetulipia ametuokoa,general_prose
luhya_multi_378_en,eng_Latn,rag_Latn,Having sexual relations with a clan member.,7. Kogona nu mwiiko.,Conversational
luhya_multi_255_sw,swh_Latn,rag_Latn,22. Wanawake kuchimba kaburi na kuzika wafu.,22. Avak ali kuyava kilindwa nukuyavila avakuzu.,Conversational
luhya_multi_199_en,eng_Latn,rag_Latn,"But they called Barak son of Abinoam to fulfill so he could pursue his own chariots from Kedesh-naphtali, and he told me about his battles reaching Harosheth of God, the Lord of Israel, not tribes but all of Sisera's battles which he gave permission and said go to the remaining hill of Tabor and take along with one man to have ten thousand children.","16 Navutswa Ba langa Baraka mwana wa Abinoam ku-raka ya Londerera magari zana, twula Kedesh-nafitali, na a mbolera, nelihe, lilye, kuduka Haroshethu lya Yahova, Nyasaye wa Israeli,si ya Tsihiri; nelihe lyosi lya Sisera lyaya haana munwa,na a vola, Utsie ku yuwa nobwogi bwekivali: Si ha tigala kigulu kya Taboru,na u hile halala nomundu kali mulala.nive avandu tsielfu likumi tsyavana",Conversational
luhya_multi_64_sw,swh_Latn,rag_Latn,Babu wengi wa rika zetu huongea kabla hawajafikiria chanzo cha jambo.,"“Kuuka, orio muno okhukhuchetsihia. Ababuukha abanji abolubaka lwefwe baboolanga nibashiili okhupaara eshufune shielikhuwa.",Conversational
kentrans_841,eng_Latn,rag_Latn,A kha khu honia nesisa sie.,Atuponye.,general_prose
kentrans_2313,eng_Latn,rag_Latn,Mutamenya kuli vandu vuvusira,msiish kama wasiojua,general_prose
kentrans_516,eng_Latn,rag_Latn,Tsinyinga tsindi nasuyi avikilivwa vene yamanyanga atsia wavo manyolelayo musatsa wundi.,Wakati mwingine akikataaalikuwa akienda kwao alikopatana na mume mwingine.,general_prose
kentrans_1367,eng_Latn,rag_Latn,"Lwa va ka lola Yesu va va volera,",Walipomuona Yesu wakawaambia,general_prose
kentrans_208,eng_Latn,rag_Latn,Kandi illievika lilye lialange lugano na avand vandu.,Tena kuvaa kwake kulikuwa tofauti na watu wengine.,general_prose
kentrans_88,eng_Latn,rag_Latn,"Luswa umundu musatsa ogoni no mkali umwiko kuli nnyia,mbotso, senge,guku mushara navandi lugano lugano vavola ugwiyi uluswa nagadukana mundumwene uyu atuli muhili yeye na umwana uyu wivuliywi avuli kununa kutsembere tsia nnyia na mwana mwenye uyu atevwe ihale nakutsi","Mwanaume anayeshiriki ngono na mamake,dadake,shangazi,nyanya,binamu na wengineo hakubaliki katika jamii na mtoto huyo akizaliwa asinyonyeshwe na mamake na pia akifa azikwe mbali",general_prose
kentrans_2446,eng_Latn,rag_Latn,Muhane nu vuyanzi Yahova avolanga,"Toeni kwa furaha, Mungu asema",general_prose
kentrans_2620,eng_Latn,rag_Latn,TSINGANO,HADITHI,general_prose
kentrans_2629,eng_Latn,rag_Latn,Ndiegu vava.,Jamani Ndiegu.,general_prose
luhya_multi_1_sw,swh_Latn,rag_Latn,tuna wazazi wengi wanaoketi kuzungumza kimarachi kinachofanya watu walalamike.,:huri nende bebusi bangi ebehalanga husunga lumarachi likiranga bandu bathia hulalamika.,Conversational
kentrans_2715,eng_Latn,rag_Latn,Ne kehengera,Kikitazama.,general_prose
luhya_multi_376_en,eng_Latn,rag_Latn,"The Lord has cast off his altar, He has abhorred his sanctuary.","7 Yahova ya ta ubwali bwibwe, kandi ya ta hatakatifu hehe.",Conversational
kentrans_3096,eng_Latn,rag_Latn,Umukeere mulahi yahaa likuvi mu mulimi,Nyanya mzuri anachuna kunde shambani.,general_prose
kentrans_501,eng_Latn,rag_Latn,Uganagananga chagira Avalogooli nivalonda mwima yigu niki?,Unafikiria kilichowafanya Wamaragooli kuzingatia mila hii ni kipi?,general_prose
kentrans_778,eng_Latn,rag_Latn,Ondekhela a li ninda;,Aniachapo anilinda;,general_prose
kentrans_1131,eng_Latn,rag_Latn,"Kigira yava venyumba, mwavo, mbotso vivuli","Kwa sababu ya jamii yangu, bdugu, dada na wazazi wangu",general_prose
kentrans_1631,eng_Latn,rag_Latn,Anakamuna yeenya vugeri vwokwita Anakanani.,Subgura akawa anatafuta marifa ya kumuua Jini (Anakanani).,general_prose
kentrans_249,eng_Latn,rag_Latn,Na umweli sigunyala kuvala nigutagani ne LIUVA mba.,Vivyo hivyo mwezi hauwezi angaza pasipo kukutana na JUA.,general_prose
luhya_multi_229_sw,swh_Latn,rag_Latn,"Bwana ameyameza makao yote ya Yakobo, na wala hakuonyesha huruma.","2 Yahova u miri ubumenyo bwosi bwa yakobo, na si ya li netsimbavasi mba.",Conversational
kentrans_2642,eng_Latn,rag_Latn,Kafunyi ha mwamba.,Kamenukia kwa mwamba,general_prose
kentrans_3498,eng_Latn,rag_Latn,Lwe myoyo gyavo gyi tsukeywi mu viritu vya vamama vavo.,Hapo walipomiminika nafsi zao Vifuani mwa mama zao.,general_prose
kentrans_1505,eng_Latn,rag_Latn,Vasomi valahi vamanyi amiita namadiku gemieri jomuhiga.,Wanafunzi wazuri wanajua majina na siku ya miezi katika mwaka.,general_prose
luhya_multi_251_en,eng_Latn,rag_Latn,"And behold, when the son of Abinoam had finished climbing the mountain. Baraka followed Sisera, Jael went to Mount Tabor","22 Na, henza lwa mwana wa Abinoam u mali kwanegera Baraka ya londa Sisera, Jaeli ya tsia mkigulu",Conversational
kentrans_3539,eng_Latn,rag_Latn,"11 U girunkanyi Tsinzira tsyange nokuntandulanya, na u nkoli kuva hatswa.","Amezigeuza njia zangu na kunirarua-rarua, na amenifanya kubaki bure.",general_prose
kentrans_1486,eng_Latn,rag_Latn,Ulalola munwa.,Utaona mudomo,general_prose
kentrans_968,eng_Latn,rag_Latn,Gwa li bwoni bwange.,Zlikuwa dhambi zangu,general_prose
kentrans_1822,eng_Latn,rag_Latn,Yiyi niyo inyinga yavegitsangwa imiima.,Huu ndio wakati walikuwa wakipewa mafunzo.,general_prose
kentrans_1817,eng_Latn,rag_Latn,Ageligali vali avandu valuviriri avali vanyala kwikutsira ku muvano kuli ndi.,Watu jasiri waliweza kuvumilia tohara hii.,general_prose
kentrans_890,eng_Latn,rag_Latn,Ku bugiri bwangu.,Tuitike haraka.,general_prose
luhya_multi_30_sw,swh_Latn,rag_Latn,Mko mnafanya hivyo kwa nini.,'Mulakholanga murio sikila.,Conversational
luhya_multi_154_en,eng_Latn,rag_Latn,10. Getting involved with a wife while she is menstruating.,10. Kuva nu mukali naveeye mu vusinga.,Conversational
kentrans_135,eng_Latn,rag_Latn,"Kandi mwana mwene uyu yenya avuguli kuligondo, ne miima, ne vindu vyo mundu wamulanga ilieta yili.","Yule mtoto vilevile afuanane sura , tabia na mienendo kama ya yule mtu aliyempa jina hilo",general_prose
kentrans_3689,eng_Latn,rag_Latn,"Lwe isimba yahulira yahanzuka,","Simba aliposikia haya, alijibu kwa sauti kubwa",general_prose
kentrans_3367,eng_Latn,rag_Latn,Inzira.,Njia,general_prose
luhya_multi_193_sw,swh_Latn,rag_Latn,Juu adui zako wote Wamepanua vinywa vyao kwako.,16 Avasigu vovo vosi va kunuye minwa gyavo ligali ku ive.,Conversational
kentrans_2005,eng_Latn,rag_Latn,Vatende vange na viko vosi,Majirani na wakoo wangu wote,general_prose
kentrans_406,eng_Latn,rag_Latn,Tsing’erengani tsiveye mu itsia ILIUVANA NO MWELI (Baba na Mama) vatsisuvila ndi (ILIUVA NILIGOLOVI VUDIKU) na MWELI nigutsiyi mu Maternity Leave Itsikola nitsiamiha iligulu ne lilova.,"Nyota ni watoto,jua ni baba na mbalamwezi ni mama wanafikiria hivi (JUA IKITUA USIKU ) na MBALAMWEZI akienda kujifungua huwa zinaongoza mbingu na nchi",general_prose
luhya_multi_271_en,eng_Latn,rag_Latn,"A woman eating chicken (if she ate it, she had to go home to bring a cow and goat).",28. Mukali kulia engoko. (Niyalitsanga kuduuka atsia wavo koleeta eng'ombe naho imbuli).,Conversational
kentrans_2977,eng_Latn,rag_Latn,Lola liiru lirala lira.,Ona lile goti moja,general_prose
kentrans_3041,eng_Latn,rag_Latn,Vaaloli agaavo gala,Wameona ile yao.,general_prose
kentrans_2406,eng_Latn,rag_Latn,Kigira liminika lio bwoni,Katika mzigo wa dhambi,general_prose
luhya_multi_99_sw,swh_Latn,rag_Latn,"Wakati mtaingilia kwa nchi ambayo nabii alizungumza, kisha mungu mweza wa vyote, mungu wenu ambia watu kuwa kitu ambacho mimi niko nawapatia nyinyi","""Nga ne mulengila mu sibala nisio omung'oosi nisio alomaloma, mala Wele Omunyali Owa Bioosi, Wele wenywe boolele babaandu buli siindu nisio ese alikho amuelesia enywe, mukha- mulaka.",Conversational
luhya_multi_181_en,eng_Latn,rag_Latn,"I have become the laughingstock of all my people, their song all day long.","14 Ngwiye kihenyahenye KU Avandu vange vosi, lwimbu lwavo mbasu Bei.",Conversational
luhya_multi_161_sw,swh_Latn,rag_Latn,Huwaharibu wanawake katika Sayuni.,11 Vononnya vakali netsingulu muzioni.,Conversational
kentrans_3044,eng_Latn,rag_Latn,Uloli liguyaguyi lira,Umeona yule buibui?,general_prose
kentrans_2747,eng_Latn,rag_Latn,Mwana wa mbiri vayayi.,Kifungua mimba ni mtoto wa kujivunia,general_prose
kentrans_1520,eng_Latn,rag_Latn,ARTERICS,MISHIPA,general_prose
kentrans_3643,eng_Latn,rag_Latn,4 Ku nwedzanga amadzi getu ga kugulanga na ifetha.,Tunakunywa maji tununuayo kwa fedha.,general_prose
kentrans_1592,eng_Latn,rag_Latn,5. Aviri vaakolaki kuye?,Walimfanyia nini nyanya huyo?,general_prose
luhya_multi_80_en,eng_Latn,rag_Latn,"You were obeying God, anyone who perverts the justice of the orphan and widow be cursed","""Mwaaba ne muria Wele ""Omundu yesi yesi otiimia bung'ali Wobwo omukwa omufuubi ne namulekhwa alaamwe.",Conversational
luhya_multi_182_en,eng_Latn,rag_Latn,"They wander blindly through the streets, defiled with blood.",14 Va voyavoya kuli vaboku mu Tsinzira va vikenywi budamano vya masahi.,Conversational
kentrans_399,eng_Latn,rag_Latn,Kandi inyama yiyi siadila ku mba.,Hakuruhusiwa kuguza ile nyama,general_prose
kentrans_476,eng_Latn,rag_Latn,Venyanga musambi kutula ihale.,Walitafuta wa kumchoma kutoka mbali.,general_prose
kentrans_2018,eng_Latn,rag_Latn,Lwa kudambizwangwa hano mulirova,Tunaposumbukana hapa duniani,general_prose
kentrans_1247,eng_Latn,rag_Latn,Mu myoyo milungi muno Kristo a lingira,Kristo apate kuingia katika nyoyo safi,general_prose
kentrans_153,eng_Latn,rag_Latn,"Niiva mwana yanyagula ligan mama umanye umwana uyu alakave umwana wo vutima, umutingu, um ugata kandi ulivula kuhulitsana na vandu vandi, omundu wo kwikala umulumindi.","kama mtoto alikimbia mama ujue mtoto huyo atakuwa mtoto wa hasira ,mzembe tena hatawai elewana na watu wengine, mtu anayeonekana kuwa muovu",general_prose
kentrans_186,eng_Latn,rag_Latn,A - Vagavo? -Vagavo Ninga,Vagavo mtoto wa Ninga,general_prose
kentrans_573,eng_Latn,rag_Latn,24. Mwikula kukuba kigalagala.,24. Mwanaume kupiga vigelegele.,general_prose
kentrans_478,eng_Latn,rag_Latn,"Lidiku lio kusamba lwaliaduuka, avandu va hango hene yaho vahanilangwa munyumba m’mbasu gwosi kuduuka Iwo musambi amala miyinzi jije.","Siku ya kuchomwa kwa mfu, wenye jamii hiyo walifungiwa kwa nyumba mchana kutwa hadi shughuli nzima ikamilike.",general_prose
kentrans_3430,eng_Latn,rag_Latn,Va twuliza vindu vyavo vyokuyanzidza kuva vyokulia vyokwiranya myoyo gyavo ubuhya.,Walikuwa wakitoa vitu vyao vya kupendeza ndipo wabadilishane na chakula.,general_prose
kentrans_2660,eng_Latn,rag_Latn,Iladuvula matsi.,Ilikuwa ikitoboa maji.,general_prose
luhya_multi_295_sw,swh_Latn,rag_Latn,Kwenda mahali pa sherehe baadaa ya kutoka palipo matanga,34. Kutsia hanyangi eveeye nutula halukuzu.,Conversational
kentrans_2872,eng_Latn,rag_Latn,Kwumbakira musaala ki?,Tulijengea mti upi?,general_prose
kentrans_1902,eng_Latn,rag_Latn,Kivune si vali vanyala kusia amaduma kuli vasietsanga ovolo na mavere dave.,Sababu maalumu ikiwa hawakuwa na njia ya kusaga mahindi jinsi walivyokuwa wakisiaga wimbi na mtama.,general_prose
kentrans_2603,eng_Latn,rag_Latn,Baba niganza - Iswa,Baba amevaa kanzu -Kumbekumbe,general_prose
kentrans_259,eng_Latn,rag_Latn,Visukulu ne visukululwi nivyo ivyamulola hasi vudiku mu ing'inga ye kisundi.,Wajukuu na vitukuu ndio muwaonao angaza chini usiku wakati kuna giza.,general_prose
luhya_multi_142_en,eng_Latn,rag_Latn,We pray to you Oh Bethlehem,"0, Mwana wa Bethelehemu ku saala ku lve;",Conversational
kentrans_2499,eng_Latn,rag_Latn,Avikifwavi vakiyanza - Kisundi,Waovu wanaipenda -Giza,general_prose
kentrans_2300,eng_Latn,rag_Latn,"Mwisave avene muve avanifu,",Mjisafishe wenyewe muwe safi,general_prose
kentrans_2538,eng_Latn,rag_Latn,Mwivi ahenzerera mwidirisha – Mamira,Mwizi anachungulia dirishani -Kamasi,general_prose
kentrans_103,eng_Latn,rag_Latn,iligulu(inguba).,Mbingu.,general_prose
kentrans_1932,eng_Latn,rag_Latn,Avandu vali mu district' yalangangwa “NORTH KAVIRONDO” vanyoleka na vandu vamolomanga lulimi lulala kali niva vavukananga ku mu mativuli lugano lugano.,Watu waliokuwa katika wilaya iliyoitwa “KAVIRONDO KASKAZINI” ilibainika kuwa ni watu waliozungumza lugha moja hata kama walikuwa na matamshi tofauti tofauti.,general_prose
kentrans_958,eng_Latn,rag_Latn,Ga nyala khwogidza,Inatakasa,general_prose
kentrans_2765,eng_Latn,rag_Latn,Gamaliye avaana nzie nzie,Yamemaliza watoto.,general_prose
luhya_multi_302_sw,swh_Latn,rag_Latn,"Je, si ni kwenye kinywa cha Aliye Juu Sana ndiko yatokako maafa na mambo mema?",38 Mu munwa gwa uyu uveye igulu ligali si ha twulanga amadamano Nobulahi?,Conversational
kentrans_1522,eng_Latn,rag_Latn,Mieri jerimenya lirio jirava mirahi.,Miezi yako ya kiushi itakuwa nzuri,general_prose
kentrans_2616,eng_Latn,rag_Latn,Mulingedi gwange gwakira tsinda -Tsing'erengani,Blanketi yangu imejaa chawa -Nyota,general_prose
kentrans_1561,eng_Latn,rag_Latn,Libada nerikanga gaateera mavuyu.,Bata na kanga walitaga mayai,general_prose
kentrans_2395,eng_Latn,rag_Latn,Vayeki kuvudamanu,Wamependa maovu,general_prose
kentrans_1074,eng_Latn,rag_Latn,"Nyasaye Yahova, Umutakatifu,","Baba, mwana, Roho, wakuaminio",general_prose
kentrans_3452,eng_Latn,rag_Latn,Avakana vagima vange na vayai vange va tsiye my lyadikidzwa.,Wasichana bikira wangu na wavulana wangu wametekwa.,general_prose
kentrans_3485,eng_Latn,rag_Latn,"U nyiye mugoye, na so yegaliye mukono gwigwe gu vule kudividza mba.","Ameinyosha hiyo kamba, Hakuuzuia mkono wake usiangamize.",general_prose
luhya_multi_172_en,eng_Latn,rag_Latn,Young men carry millstones and children stumble under loads of wood.,13 Avoseli vaginga lugina na avana vekigitala netsingu.,Conversational
kentrans_1510,eng_Latn,rag_Latn,Masahi gatulanga mumwoyo gingira mumasuku kandi mummbiri.,Damu itokapo kwa moyo huingia mapafuni na kwa mwili mzima.,general_prose
kentrans_3413,eng_Latn,rag_Latn,"4 Tsinzira tsya zioni tsi syomanga kigira si ha veye nomundu udza mu lisavo lyelidiku linene; Viribwa vivye vyosi vi gwiye hatswa , avasalisi veve VA menyanga.","Barabara zielekeazo Sayuni zaomboleza kwa kuwa hakuna yeyote anayekuja kwenye sikukuu zake zilizoamriwa; Malango yake yote yamekuwa ukiwa, makuhani wake wanalia kwa uchungu,",general_prose
kentrans_507,eng_Latn,rag_Latn,Lidiku lialondangaku liali liokutulitsa amasu.,Siku ifuatayo ilikuwa ya kunyoa nywele.,general_prose
kentrans_3508,eng_Latn,rag_Latn,16 Avasigu vovo vosi va kunuye minwa gyavo ligali ku ive.,Juu adui zako wote Wamepanua vinywa vyao kwako.,general_prose
kentrans_3609,eng_Latn,rag_Latn,Ligodo lyavo li handi ku vigumba vyavo lyumi li gwiye kuli kisala.,Ngozi yao yagandamana na mifupa yao imekauka na kuwa kama mti.,general_prose
kentrans_1617,eng_Latn,rag_Latn,Lidiku lirala Anakanani yaaduuka aha Anakamuna vaali Yaalola,Siku moja Anakanani alifika alipokuwa Anakamuna na akaona,general_prose
kentrans_3453,eng_Latn,rag_Latn,"19 Nda langa avayanze vange, navutswa va ngada.",Niliwaita hao walionipenda lakini walinidanganya.,general_prose
kentrans_3124,eng_Latn,rag_Latn,Fana muliru mumafefe,Washa moto ……….,general_prose
luhya_multi_219_en,eng_Latn,rag_Latn,"Arise, cry out in the night, at the beginning of the watches.",19 Vuka u kupe lwanga mbudiku mu litanga lyobulindi.,Conversational
kentrans_1628,eng_Latn,rag_Latn,"Anakanani yaamuteeva, ""Uliriraaki gu?""","uSungura akamuuliza, *unalilia nini?”",general_prose
kentrans_3264,eng_Latn,rag_Latn,Ndakogera ng'oo!,"Hata kionjo huonji, ng’oo!",general_prose
luhya_multi_89_en,eng_Latn,rag_Latn,"Don't trust a poor servant when he comes, you who are starting, he doesn't answer again, he who is poor by giving him again.",“Okhamiina omukholi omutaambi Beecha wewe owe khunyoa se amukobosia lundi ooli omubanani mu khumuelesia.,Conversational
kentrans_2771,eng_Latn,rag_Latn,Ndoolo!mbombera umwana,Lala toto lala.,general_prose
kentrans_3555,eng_Latn,rag_Latn,27 Nobulahi umundu aginge inira mu bwana buke bwibwe.,Ni vyema mtu kuchukua nira bado angali kijana.,general_prose
luhya_multi_62_sw,swh_Latn,rag_Latn,“Kwa nini sasa unataka mototo akugawie chakula chake?”,"“Kigiraki kalunu wenyanga umwana akuheku chokulia chiche?""",Conversational
kentrans_577,eng_Latn,rag_Latn,MIIMA JI LIHOLITSA NI LILEKERANA,TAMBIKO ZA UTAKASO NA KUSAMEHEANA,general_prose
kentrans_309,eng_Latn,rag_Latn,"Imigera ne tsinyanza kandi tsikamanga, mainyima tsiloleka kuli mundu mukali aloleka ku yengoo wayivulwa muing'inga indambi.","Mito na maziwa hukauka ,nyuma zinaonekana kama mwanamke anayerudi alikozaliwa baada ya muda mrefu",general_prose
kentrans_1919,eng_Latn,rag_Latn,Luhya,Waluhya,general_prose
kentrans_472,eng_Latn,rag_Latn,"Nuvulahi asambwi"".",Ni vizuri achomwe.,general_prose
kentrans_1388,eng_Latn,rag_Latn,"No mukono gwigwe, gunzimirira",Nao mkono wake huniongoza,general_prose
kentrans_3058,eng_Latn,rag_Latn,Kiduuda kirala kiveeye yo,Tayari pakiti moja ipo,general_prose
kentrans_3561,eng_Latn,rag_Latn,"33 Kigira si a VA vikanga mu kivi, Kinga kuvereridza avana VA vandu nomwoyo gwobuyanzi.",Kwa maana hapendi kuwaletea mateso au huzuni watoto wa wanadamu.,general_prose
luhya_multi_329_sw,swh_Latn,rag_Latn,Adui zetu wote wamefumbua vinywa vyao wazi dhidi yetu.,"46 Avasigu vetu vosi valaminyi minwa gyavo ku kwinye, ubudivi na bwoneku.",Conversational
kentrans_1053,eng_Latn,rag_Latn,"Hasi ho musalaba, Ndenya khusinjira,","Chini ya msalaba, Nitasimama",general_prose
kentrans_674,eng_Latn,rag_Latn,Mutungiri wetu nive,Mlipaji wetu ni wewe,general_prose
kentrans_1117,eng_Latn,rag_Latn,Nguyu Yesu Mwami wange Yikalanga ha mukono Umulungi gwa Nyasaye,Yesu Kristo tumwabudu Ni mtoto wake mungu Kiti chake cha enzi,general_prose
kentrans_3651,eng_Latn,rag_Latn,Na si ha veye nomundu wokukuhonnya ku makono gavo.,Na hakuna mtu wa kutuponya mikononi mwao.,general_prose
kentrans_1499,eng_Latn,rag_Latn,Mweri,Mwezi,general_prose
luhya_multi_67_en,eng_Latn,rag_Latn,boat; canoe,eliaro,Dictionary
kentrans_542,eng_Latn,rag_Latn,"Amahiolo gavasuulanga koholitsa amadamanu, vakunganga mundu zana atula hagati havo","Japo, maovu aliyotenda ilikuwa mbaya sana ya kutotakasika, basi mhusika alifukuzwa asiishi miongoni mwa jamiii yake.",general_prose
kentrans_823,eng_Latn,rag_Latn,"Yesu Muhonnyi,","Yesu mponyaji,",general_prose
kentrans_720,eng_Latn,rag_Latn,"Nunundi, nunundi,","Leo hii, leo hii",general_prose
luhya_multi_174_en,eng_Latn,rag_Latn,name,eliira,Dictionary
luhya_multi_98_sw,swh_Latn,rag_Latn,"Wakati mnaenda kuvamia mji wengi kushinda wenu, msiwaogope la kuanza patia watu wake.","“Nga ne mucha khwibwaakala lukoba bakali khukhila babenywe, mukhabaria, lie khunyoa eelesia babaandu bewe.",Conversational
luhya_multi_75_en,eng_Latn,rag_Latn,You will plant many seeds and during the day you will harvest only a few that come out of yours because locusts will eat then you will be completely lost.,"""Mulamiicha bumiicho bukali ne kumuusi mulakesa busa bikeekhe bibiaamo bienywe sikila chisike chilalia mala mulatiimatiima busa.",Conversational
kentrans_1209,eng_Latn,rag_Latn,Liduukanga hoosi.,Twaipata wote,general_prose
kentrans_370,eng_Latn,rag_Latn,"ILIUVA niye MUSATSA, naïve mundu musatsa ololeke kandi uvala se liuva.","JUA ndio MUME, nawe mwanaume uonekane tena ungae kama jua.",general_prose
kentrans_3000,eng_Latn,rag_Latn,Wiva,Uliiba,general_prose
kentrans_1495,eng_Latn,rag_Latn,Mkeereoyo yamuha maveere naanwa.,Ajuza naye akampa maziwa akanywa.,general_prose
kentrans_2374,eng_Latn,rag_Latn,Tovola lero chawenyanga,Chagua leo ni lako,general_prose
kentrans_137,eng_Latn,rag_Latn,Umwana mwene wivuliywi uyu akuhetsa uvwiyangu vokekeke wenyelitsi ilieta lidukana naye.,Mtoto huyu ambaye amezaliwa angekupa muda mchache utafute jina linalomfaa,general_prose
luhya_multi_390_sw,swh_Latn,rag_Latn,"Kumcheka mtu mzee, bibi au mtu mgonjwa au aliye na kovu.","8. Koseka musakulu, mukeere naho mundu walwala naho we li gonzo.",Conversational
kentrans_1266,eng_Latn,rag_Latn,"Huliri kalunu tsingelosi vimba,","Leo sikizeni waimba malaika,",general_prose
kentrans_162,eng_Latn,rag_Latn,"Umukali naveye ninda yilindi vulahi mu likora nlete uvuyanzi muinyumba, mu menye mu mirembe, mumenye mu liva lilahi","Msichana akiwa na ujauzito, alikuwa akijitunza vizuri kwa vitendo analeta furaha kwa nyumba, wanaishi kwa amani na umoja",general_prose
kentrans_2648,eng_Latn,rag_Latn,Kuba magulu,Piga magoti.,general_prose
kentrans_2571,eng_Latn,rag_Latn,Mudoga gwange gugingi misaala Minyingi - Kibiriti,Gari langu limebeba miti mingi -Kiberiti,general_prose
kentrans_398,eng_Latn,rag_Latn,Kandi sialia ku inyama yiyi mba kandi siavitila mukiliango che mugitsi dave,Vilevile hangekula nyamahiyo na hangepita mlango wa mbele wa nyumba,general_prose
luhya_multi_269_en,eng_Latn,rag_Latn,Looking at the body of his dead brother if he had not visited him while alive.,"27. Kohenza ku amwavo wovo nakuzi, niva wamugendelel, nakikiri mwoyo.",Conversational
kentrans_561,eng_Latn,rag_Latn,14. Kohenza navizala kumulugu.,14. Kuangalia mama mkwe au baba mkwe kwenye mhundi.,general_prose
kentrans_2789,eng_Latn,rag_Latn,MUKEERE NE NGOKO,MWANAMKE NA KUKU.,general_prose
kentrans_2701,eng_Latn,rag_Latn,Lwali lugano lwa changuba,Paka alikuwa akinihadaa.,general_prose
kentrans_3144,eng_Latn,rag_Latn,Vaakola magera kuli vaalola.,Walifanya mitihani jinsi walivyoweza.,general_prose
kentrans_2953,eng_Latn,rag_Latn,mukali oyo yamanya niyiruka ku linani niyirana wavo.,Mwanamke huyo alitoroka kwa lile zimwi akarudi kwao,general_prose
kentrans_3095,eng_Latn,rag_Latn,Adekaa amuumu,Anapika ilokauka,general_prose
kentrans_2777,eng_Latn,rag_Latn,Muleri koole mwana.,Mlezi chukua mtoto.,general_prose
kentrans_1027,eng_Latn,rag_Latn,Ala mbugirira.,Atanikubali.,general_prose
kentrans_3543,eng_Latn,rag_Latn,"15 U nzizulitsi litsunwa, u nzigutidzi nekilulu kikye.","Amenijaza uchungu,amenikinaisha kwa pakanga.",general_prose
kentrans_779,eng_Latn,rag_Latn,A li khwosia ni khwikhonya,Atatusaidia,general_prose
kentrans_2608,eng_Latn,rag_Latn,Mbeye no mukaana wange yayanza kwivaka maguta -Kimuga,Nina msichana anapenda kujipaka mafuta -Kibuyu,general_prose
kentrans_898,eng_Latn,rag_Latn,Hango ha Nyasaye.,Nyumbani kwa Mungu.,general_prose
kentrans_1444,eng_Latn,rag_Latn,Kegoye vaanyagula vulahi nivanyoola ingavo.,Kegoye walikimbia vizuri wakapata ngao,general_prose
kentrans_2487,eng_Latn,rag_Latn,Kulinde lilagana lilie,Tungoje ahadi zake,general_prose
kentrans_943,eng_Latn,rag_Latn,Na inze ndaama burhengu bwange.,Nami nisiyezaa maua.,general_prose
kentrans_1173,eng_Latn,rag_Latn,Vugula mwoyo gwange.,Utwae moyo wangu,general_prose
kentrans_2035,eng_Latn,rag_Latn,Uvwoni vwa vandu vosi,Dhambi za kila mtu,general_prose
kentrans_3053,eng_Latn,rag_Latn,Aleyo yania naniina,Aleyo alikunya akikwea,general_prose
kentrans_3559,eng_Latn,rag_Latn,31 Kigira Yahova si a la ta mihiga nemihiga.,Kwa kuwa watu hawakatiliwi mbali na Bwana milele.,general_prose
kentrans_201,eng_Latn,rag_Latn,Kandi siyalange umundu ukitsia nyumba yaani umundu musatsa ukili mu ni kizaro ilivoola ndi uchegomba naho ukitonyatonya amate valoli kyahonyo kyomundu mkali mba.,Tena hakuwa mwamamume ambaye bado ana tamaa ya akiona uchi wa mwanamke.,general_prose
kentrans_2810,eng_Latn,rag_Latn,Gona omwana gona,Lala mtoto lala.,general_prose
kentrans_3223,eng_Latn,rag_Latn,Vosi vaamanya engoko.,Wote wanajua kuku.,general_prose
kentrans_34,eng_Latn,rag_Latn,Avana vange vasyezanga ambere ga ndeda,Watoto wangu walikuwa wakisiaga mawele kwa Ndeda,general_prose
luhya_multi_126_en,eng_Latn,rag_Latn,Glory to God and peace to people,“Ubukumi Ku Nyasaye nemirembe Ku ayandu”,Conversational
kentrans_1622,eng_Latn,rag_Latn,Anakanani yaamulondehitsa naamanya Iwimbu Iwokwigulihitsa.,Anakanani alimfuatilia na akajua wimbo wa kufunguliwa mlango.,general_prose
kentrans_2697,eng_Latn,rag_Latn,Niinze ingoyi ya vakayanga ku makayu,Ni mimi kichoma nguo,general_prose
kentrans_90,eng_Latn,rag_Latn,"Uluswa umukali unini ku nyumba ukuvimba,akungangwa mulukali hayatsia",Mwanamke anayeezeka nyumba alikooleka mara nyingi hufukuzwa,general_prose
kentrans_1210,eng_Latn,rag_Latn,"Avami va la mwidzominya,",Watasujudu watawala,general_prose
luhya_multi_223_en,eng_Latn,rag_Latn,"He cries out completely at night time in his mourning, tears flow on his cheeks",2 A liranga ligali inyinga yobudiku amaliga hehe go doolanga ku tsindama tsitye.,Conversational
luhya_multi_199_sw,swh_Latn,rag_Latn,"Lakini waliita Baraka wa Abinoam kutimiza ndio akafuatilia magari yenyewe kutoka Kedeshnafitali,na akaniambia na vita vyake kufika Haroshethu ya Mungu, bwana wa Israeli si makabila ni vita vyote vya Sisera yenye alipeana ruhusa na akasema uende kilibaki kilima cha Taboru na upeleke pamoja na mtu hata mmoja wawe na watu elfu kumi za watoto.","16 Navutswa Ba langa Baraka mwana wa Abinoam ku-raka ya Londerera magari zana, twula Kedesh-nafitali, na a mbolera, nelihe, lilye, kuduka Haroshethu lya Yahova, Nyasaye wa Israeli,si ya Tsihiri; nelihe lyosi lya Sisera lyaya haana munwa,na a vola, Utsie ku yuwa nobwogi bwekivali: Si ha tigala kigulu kya Taboru,na u hile halala nomundu kali mulala.nive avandu tsielfu likumi tsyavana",Conversational
kentrans_2355,eng_Latn,rag_Latn,Muhulili inze mulonde inze,Munisikize munifuate,general_prose
kentrans_1471,eng_Latn,rag_Latn,Enzoka yolugano lundi emenyi munda.,Aina tofauti ya nyoka huishi tumboni.,general_prose
luhya_multi_273_sw,swh_Latn,rag_Latn,Kushiriki tendo la ndoa na mnyama (mwiko),29. Kwononyia mutugu. (Luswa.),Conversational
kentrans_1563,eng_Latn,rag_Latn,Miyinzi jomwana nukukoonya avivuli hango,Kazi ya mtoto ni kuwasaidia wazazi wake nyumbani,general_prose
kentrans_972,eng_Latn,rag_Latn,Nda samefwa bwangu.,Nisamehewe.,general_prose
luhya_multi_154_sw,swh_Latn,rag_Latn,10. Kujihusisha na mke akiwa kwenye hedhi.,10. Kuva nu mukali naveeye mu vusinga.,Conversational
kentrans_1980,eng_Latn,rag_Latn,Tsinyinga tsindi visundanga kuhambana kali no losoma lwa himbi lwa valwanangi nalwo ku lwana no losoma lundi ihale ho hadi.,Wakati mwingine wanaungana na ukoo wa karibu waliokuwa wakipigana nalo ili wapigane na ukoo mwingine ulio mbali kidogo.,general_prose
luhya_multi_377_en,eng_Latn,rag_Latn,"In the days of her affliction and wandering, Jerusalem remembers all the treasures that were hers in days of old.","7 Yerusalemi yidzulitsanga mu madiku gelidambizwa lilye na galikenye lilye, yidzulitsanga vindu vivye vyosi vyokuyanzidza vya li ho kutwula ku madiku ga kale.",Conversational
luhya_multi_170_en,eng_Latn,rag_Latn,"Wake up, wake up, Deborah; I sing to God and thank him, wake up, wake up, sing a song","12 Vuka, Debora; sig ! Inze ndimbira Yahova lidzomi-a vuka,vuka, wimbe Iwimbu;",Conversational
kentrans_1238,eng_Latn,rag_Latn,"Kivalaki sangalanga kigira bulavu,",Nchi inachangilia kwa sababu ya mwanga,general_prose
kentrans_1025,eng_Latn,rag_Latn,Ala li duukidza.,Atatimiza.,general_prose
kentrans_2828,eng_Latn,rag_Latn,Nololi kanyama,Ukiona nyama,general_prose
kentrans_1738,eng_Latn,rag_Latn,Linyonyi yiri lirangwa isimindwa.,Huyu ndege anaitwa teleka,general_prose
kentrans_2618,eng_Latn,rag_Latn,Mukaana mulaya - Emoni,Msichana malaya -Jicho,general_prose
kentrans_1226,eng_Latn,rag_Latn,Nomulindi wetu:,U mlinzi wetu,general_prose
kentrans_2407,eng_Latn,rag_Latn,Ombe tsingulu kuguta,Nipe nguvu za ushidi,general_prose
kentrans_1416,eng_Latn,rag_Latn,U ku konye kumuguute uyu umusigu wetu.,"Pamoja katika vita, tumshinde shetani",general_prose
luhya_multi_185_en,eng_Latn,rag_Latn,And the chiefs of Issachar were together with the leaders to take the people,"15 Avanene va iskari va li halala na tsinene tsya li bugura avandu,",Conversational
kentrans_303,eng_Latn,rag_Latn,Imigera naho ivivanda,Mito na mabonde.,general_prose
kentrans_648,eng_Latn,rag_Latn,Yesu aduke kumba itaji.,Yesu anituze taji,general_prose
kentrans_2239,eng_Latn,rag_Latn,"Aviko vosi kwali kwamuyanza,",Jamii sote tulimpenda,general_prose
kentrans_2776,eng_Latn,rag_Latn,Awa! Nzizanga witu.,La hasha! Naenda kwetu.,general_prose
kentrans_1179,eng_Latn,rag_Latn,"Shigira ubuyanzi bwibwe,",Kwa upendo wake,general_prose
luhya_multi_393_sw,swh_Latn,rag_Latn,Ameziziba njia zangu kwa mawe yaliyochongwa; Ameyapotosha mapito yangu.,"9 U hani Tsinzira tsange na magina ga vadzwa , u kyaminyi Tsinzira tsyange.",Conversational
kentrans_39,eng_Latn,rag_Latn,Ndazya mwiguru ndasinga simbi dione,Nilienda juu nikamwoosha Simbi Dione,general_prose
luhya_multi_202_en,eng_Latn,rag_Latn,Because of this our hearts are faint.,17 Kigira yaga muyoyo getu gi kudzi.,Conversational
kentrans_1046,eng_Latn,rag_Latn,Yesu mwene niye wanjeta:,Yesu mwenyewe aliniita:,general_prose
kentrans_1883,eng_Latn,rag_Latn,Naho ‘vuyu' wakutsa ula vatsie kuyavulula vigumba vivye visambwe kigira niye usyukanga.,"Au,yule aliyeaga waende kufukua mifupa yake ichomwe kwa sababu ndiye anayerejea kama jinamizi.",general_prose
kentrans_1041,eng_Latn,rag_Latn,Menya na Yesu Mwami wange.,Niishi na Yesu Bwana.,general_prose
kentrans_3598,eng_Latn,rag_Latn,"3 Kali vibwe vi twulidza tsimbeere, nokunyuunya avana vavyo.","Hata mbwa mwitu hutoa matiti, na kuwanyonyesha watoto wao.",general_prose
kentrans_1889,eng_Latn,rag_Latn,Avandu vatemanga endeme kindu kidamanu ni keloleki.,Watu walikusanyika kwa tambiko la endembe iwapo jambo bovu lilitendeka,general_prose
kentrans_952,eng_Latn,rag_Latn,GA LI MASAHI,DAMU,general_prose
kentrans_2389,eng_Latn,rag_Latn,Ulanyola liva mwoyo,upate pia kuishi,general_prose
kentrans_987,eng_Latn,rag_Latn,Mwana wa Nyasaye Muderwa;,Mwana wa Mungu mpendwa.,general_prose
kentrans_2799,eng_Latn,rag_Latn,Na vayi sivamba vutswa.,Wachungaji hawakunipea bure.,general_prose
kentrans_2539,eng_Latn,rag_Latn,Komi na moja- Mamira,Kumi na moja -Kamasi,general_prose
kentrans_1567,eng_Latn,rag_Latn,Mwana wenya ayaanzwe navivuli veeve gamudukira avakoonye miyinzi.,Mtoto akitaka apendwe na wazazi wake ni lazma awasaidie kazi,general_prose
kentrans_2497,eng_Latn,rag_Latn,Musungu wange natula mmba atula niinzala na niyingira mu yingira niyiguti - Isiongo,Mzungu wangu akitoka kwa nyumba anatoka akiwa na njaa akirudi ameshiba - Chungu,general_prose
kentrans_324,eng_Latn,rag_Latn,"Ivindu vikoleka ndio ku mundu mukali niyenya kulola umweli naho niyenya kuhelitsa umwana Umukali alwala kuvindu yivi vyoosi kandi imbula niyenya kukuba, inyanza ilwala umweli gulwala,vigulu vilwala, imbutsa ilwala.",Mambo yanayomtokea mwanamke akitaka kupata hedhi au kupata ujauzito hugonjeka sana na pia mvua ikitaka kunyesha ziwa na mwezi huugua,general_prose
kentrans_3445,eng_Latn,rag_Latn,Kigira wokuneminya mwoyo wa ga dukiranga kwirannya mwoyo gwange a veye ihale kuinze.,Kwa sababu mfariji wangu anayestahili kunifariji yu mbali nami.,general_prose
kentrans_697,eng_Latn,rag_Latn,Mutwe gwa vikwa amafwa,Kicwa kilivishwa miba,general_prose
kentrans_738,eng_Latn,rag_Latn,Ubwoni bwenyu no bunene,Dhambi zenu ni nyingi,general_prose
kentrans_2793,eng_Latn,rag_Latn,Na ovolosivwakali vwange,Wimbi haukuwa wangu.,general_prose
luhya_multi_357_sw,swh_Latn,rag_Latn,Tumewapa hao Wamisri mkono na Waashuri nao ili tushibe chakula.,6 kuheye avaegepeti makono na avasura ku Duke kwiguta vyokulia.,Conversational
kentrans_1688,eng_Latn,rag_Latn,Yaalanga avaisiraeri vatume mundu valwane naye,Aliwaambia Waisraeli walete mtu apigane naye.,general_prose
luhya_multi_144_en,eng_Latn,rag_Latn,1. Cutting bananas using an axe.,1. Kotema ligomia nimbatsi..,Conversational
kentrans_1001,eng_Latn,rag_Latn,"Tsmbabasi tsya Nyasaye,","Rehema za Bwana,",general_prose
kentrans_1765,eng_Latn,rag_Latn,Mama mwene siyali anyala kutula mu nyumba kuli ayanzi dave.,Mama hakuruhusiwa kutoka kwa nyumba ovyovyo,general_prose
kentrans_1536,eng_Latn,rag_Latn,Musakulu yediira imbiimbu.,Mzee amejishilikia kwa fimbo,general_prose
kentrans_1469,eng_Latn,rag_Latn,Enyoolangandi vaana vayo?,Hupataje watoto wake?,general_prose
kentrans_1202,eng_Latn,rag_Latn,A la duuka hasi hano,Hapa dunia atafika,general_prose
kentrans_230,eng_Latn,rag_Latn,"LIUVA, MWELI, TSING’ERENG’ANI","JUA, MWEZI, NYOTA",general_prose
kentrans_1329,eng_Latn,rag_Latn,Na ku Ia mu yanza madiku gosi.,"Kwa pendo la dhati, tumsudie",general_prose
kentrans_189,eng_Latn,rag_Latn,A-Mmbo? -Mmbo Kavil,Mmbo mtoto wa Kavili,general_prose
luhya_multi_230_sw,swh_Latn,rag_Latn,"2. Kuketi kwenye jiwe la kusiaga nafaka, kwa sababu utapasuka mgongo.","2. Kwikala ku lugina lwavasieraku, kijira ulatula mugongo.",Conversational
kentrans_1227,eng_Latn,rag_Latn,Ku tsinzira tsyetu tsyosi:,Katika njia zetu zote,general_prose
luhya_multi_118_en,eng_Latn,rag_Latn,Any person who sleeps with his sister let him be cursed.,“Omundu yesi yesi okona ne waandaye omukhaana alaamwe.,Conversational
kentrans_682,eng_Latn,rag_Latn,KWA KUDZA,TUME KUJA,general_prose
kentrans_1818,eng_Latn,rag_Latn,Nivakakevwa vatsitsanga komenya halala kuli mudomitori na vanyola musingiriri mundu wakevwa kale.,Walipopashwa tohara walienda kuishi pamoja na kupewa mlinzi aliyepashwa tohara kitambo.,general_prose
luhya_multi_288_sw,swh_Latn,rag_Latn,Kulala kwenye malazi ya wazazi wako ukiwa mtu mzima,31. Kogona muvogono vwa vivuli vovo noveeye mundu uduuki.,Conversational
kentrans_2884,eng_Latn,rag_Latn,"“Mirembe munyumba yange"".",“Hamjambo waliomo”,general_prose
kentrans_2596,eng_Latn,rag_Latn,Mbeye no musungu wange atsitsaamwirova ne vesiti na yirana ne Likoti - Injugu,Nina mzungu wanguu anaingiia mchangani na nguo ya ndani na anarejea na koti -Njugu,general_prose
kentrans_3115,eng_Latn,rag_Latn,Yiri niritimu lirahi,Huu ni mkuki mzuri,general_prose
kentrans_404,eng_Latn,rag_Latn,"Umweli gokomela ku kandi gung’aha kuliwagunyunya avana va gwo (Tsing'ereng'ani) avatambi na vimbi avalavu na vamwamu, avami na vatugi.","Mbalamwezi hunenepa pia na vilevile hukonda wakati inaponyonyesha watoto wake(Nyota) warefu kwa wafupi weupe kwa wausi,viongozi na matajiri",general_prose
kentrans_1778,eng_Latn,rag_Latn,Vahenzelitsanga mwana wivuliywi mmbiri gwosi.,Walikuwa wakimwangalia mtoto aliyezaliwa mwili mzima,general_prose
kentrans_371,eng_Latn,rag_Latn,MWELI niye mundu mkali niye uhelitsa naho kuli mweli guhelitsa ma gwivula Tsing'ereng’ani.,MWEZI ndio mwanamke ambaye hubeba mimba ama kama vile mwezi hupata ujauzito na kuzaa nyota.,general_prose
kentrans_3059,eng_Latn,rag_Latn,Kaana kaavo kala kaaloli livoholi,Kale katoto kao kameona fungu,general_prose
kentrans_3613,eng_Latn,rag_Latn,Va li vyokulia vyavo mu badivi bwomukana wa avandu vange.,Walikuwa ndio chakula chao katika uharibifu wa binti ya watu wangu.,general_prose
kentrans_1178,eng_Latn,rag_Latn,"Khwidzominya Yesu,",Nimsifu yesu,general_prose
kentrans_2586,eng_Latn,rag_Latn,Asporo ku musaala - Mavi ge linyonyi,Asporo kwa mti juu -Mavi ya ndege,general_prose
kentrans_962,eng_Latn,rag_Latn,shulahi munono,Nzuri kabisa,general_prose
kentrans_281,eng_Latn,rag_Latn,Umweri gwivisa ku mumalesi guvula kuloleka makandi gololeka.,Mwezi uliojificha mawinguni huwa hauonekani na baadaye pia huonekana.,general_prose
kentrans_2530,eng_Latn,rag_Latn,Ulwanguyanga mwana wangenalira ma vatende vange vavina -Indumba,Nikimchapa mtoto wangu analia na majirani zangu wanacheza- Ngoma,general_prose
kentrans_148,eng_Latn,rag_Latn,"Miima milala jo mwana navaye muinda ya mama wew Nokumulomba asuli ivyokulia vilala, nokulomba mama wewe okuva omugata, ma wewe okuva neliyoga linyingi, okututsa amate isaa yosi, okusula umundu Musa wewe, noho ayanze vyokulia vilala ne vindi asula.","Tabia zingine za mtoto akiwa tumboni mwa mama yake ni kama vile kumfanya asusie vyakuka vingine,kumfanya mama yake kuwa mvivu, kuwa na kelele nyingi,kutema mate kila wakati, kuwakataa watu wengine ama apende vyakula vingine na vingine akatae",general_prose
kentrans_1999,eng_Latn,rag_Latn,Inze maliye miyinzi gyange,Nimemaliza mambo yangu hapa duniani,general_prose
kentrans_3111,eng_Latn,rag_Latn,Itaya,Taa,general_prose
kentrans_2944,eng_Latn,rag_Latn,Mukana uyu yamanya niyirana wavo kuvugula amwavo weve kuva muleri wavo.,Mschana huyo alirudi nyumbani kwao na kumchukua ndugu yake kuwa mlezi wao,general_prose
luhya_multi_289_sw,swh_Latn,rag_Latn,Ameniketisha penye giza kama waliokufa zamani.,"6 U nzikalidzi ha veye nekisundi, kuli avakudzuzu KU inyinga intambi.",Conversational
kentrans_1298,eng_Latn,rag_Latn,Mu lidala Iya Daudi,“Mji ule wa Daudi,general_prose
kentrans_1557,eng_Latn,rag_Latn,Daudi avalitsaa mirimi javo.,Daudi anahesabu mashamba yao,general_prose
luhya_multi_227_sw,swh_Latn,rag_Latn,Urithi wetu umegeuka kuwa mali ya wageni.,2 Miyandu gyetu gyi girunkannyiywi kutsya ku vageni.,Conversational
kentrans_2763,eng_Latn,rag_Latn,Nzia kulanga kanasimba nzie nzie,Naenda kuita mtoto,general_prose
kentrans_1346,eng_Latn,rag_Latn,"Kwenya ku musaale, ku lidiku yili,","Kwake siku ya leo, tunataka kuomba",general_prose
kentrans_329,eng_Latn,rag_Latn,Avana vayai na vakana avaletana vadukana vamanye ilinga'ana livoola “KUTEMA KELOVA”.,Wavulana na wasichana waliokuwa wakioana walipaswa kujua mambo ya “KUCHIMBA KABURI.”,general_prose
kentrans_2662,eng_Latn,rag_Latn,Yandahira vusinu. Ndatsia nisundula.,Alinichotea maji chafu ikabidi nimwage.,general_prose
luhya_multi_392_en,eng_Latn,rag_Latn,And he said truly I will go with you,"9 Naye ya vola, Ligali inze nda tsia huuma nengubo",Conversational
kentrans_2838,eng_Latn,rag_Latn,Mwegitsi yegitse mangano mahya noho vikolwa lugano lugano.,Mwalimu awafunze wanafunzi maneno mapya na matukio tofauti tofaut,general_prose
kentrans_2553,eng_Latn,rag_Latn,Mama nginga - Kidali,Mama nibebe -Kitanda,general_prose
luhya_multi_261_en,eng_Latn,rag_Latn,A man ululating.,24. Mwikula kukuba kigalagala.,Conversational
kentrans_3202,eng_Latn,rag_Latn,Musikaali yikalaa kukituunda naalinda vidundu mukivanda.,Asikari hukalia nyumba ya kumbikumbi ashikapo zamu kutunza mimea mtoni.,general_prose
kentrans_1924,eng_Latn,rag_Latn,Nu muluhya yimu mwavihaniranga tsinderu.,Hapo pia ndipo walipokuwa waking’oana ndevu.,general_prose
kentrans_307,eng_Latn,rag_Latn,"Umundu mukali natsiyi ilukali naho ku musatsa wewe numulinda vulahi mayivulayo umwana, yivila yengo wayivulwa vwangu ma ihiili yatsiyi mu yilana ukuva ihiili yeye, naniyakivula avana kuduka kuvisukulu kalunu avana veve vivilila wanga mama weve muvifwa nitali avana vatsangayo kuli avageni","Binadamu wa kike anapooleka ama kwa mwanaume wake na anamtunza vizuri kasha anajifungua mtoto, yeye husahau alikozaliwa haraka alafu ukoo alimo oleka hugeuka kuwa wake,na anapozaa watoto hadi kuwa na wajukuu watoto hao husahau kwa kina mama yao lakini watoto huenda huko kama wageni",general_prose
kentrans_633,eng_Latn,rag_Latn,Wa Ii ku musala,Aliye kuwa kwenye msalaba,general_prose
luhya_multi_186_sw,swh_Latn,rag_Latn,Ondokeni msiguse uchafu.,"15 Mweyahule mu tsie Ni ndiyo va kupa lwanga, budamano Mweyahule mu ta dira mba.",Conversational
kentrans_1680,eng_Latn,rag_Latn,"Avaveeye Ivumavi Anilgoke, Avaveeye vigulu Anligoke na vaveeye 'lvukitsungu ivusuva Antu ivusuva Aniigoke.","Walioko mashariki Aniiogoke,waliojuu Aniigoke walio kaskazini mashariki Aniigoke",general_prose
kentrans_2960,eng_Latn,rag_Latn,ula Baba,Baba yule,general_prose
kentrans_63,eng_Latn,rag_Latn,Navitsara uyu ni mkali wo muyai wowo naho muyai wahila mkana ni guku.,Mkazamwana ni mke wa mvulana wako ama mvulana aliyeoa msichana ni bibi,general_prose
kentrans_1872,eng_Latn,rag_Latn,"Mukumu yamanya amwikalitsa hasi maavika keseero chiche hasi maaleta magina gege atanga kukina nago kokeseero na muteva amateva kuli ndi, oveye ku ne ngoko isasage?","Mganga wa kienyeji alikuwa akimketisha chini na kuweka ngozi ya mnyama chini na kuleta mawe yake na kuanza kuyachezesha kwenye ngozi hiyo na kuuliza maswali hivi, je, una kuku aliyechinjwa na kukatwa vipande?",general_prose
kentrans_409,eng_Latn,rag_Latn,Kandi Nyasaye yasuvila umundu wa yalomba UMUSATSA no MUKALI vakilindi.,Vilevile mungu alithani mtu aliyemuumba MKE NA MUME waingoje,general_prose
kentrans_1804,eng_Latn,rag_Latn,Likevwa,Kupashwa tohara,general_prose
kentrans_3617,eng_Latn,rag_Latn,Mudambidzi na musigu nkano vakingira mu Viribwa vya Yerusalemi.,Ya kwamba mtesi na adui wangeingia katika malango ya Yerusalemu.,general_prose
kentrans_1360,eng_Latn,rag_Latn,Si ha Ii nobugono bulahi,Hapakuwa na nafasi chumbani,general_prose
kentrans_2418,eng_Latn,rag_Latn,Si ulanyola lisamefwa mba,Hautasamehewa kamwe,general_prose
luhya_multi_248_sw,swh_Latn,rag_Latn,21. Mke ambaye bado ni mgeni kwenda jikoni kwa wakwe.,21. Mukali ukikiri mwiha kutsia ivwasi wa navizala.,Conversational
kentrans_3599,eng_Latn,rag_Latn,"Mukana wa avandu vange u gwiye mudinyu, kuli maudo gomwigendanyama.","Binti ya watu wangu amekuwa mkali, mfano wa mbuni jangwani.",general_prose
kentrans_152,eng_Latn,rag_Latn,Niiva mwana yanyagula liga ya mama wewe nijo ijaliva najo niyivuliywi.,kama mtoto alikuwa akikimbia akiwa tumboni mwa mama yake hivyo ndivyo atakavyo kuwa atakapozaliwa,general_prose
kentrans_2029,eng_Latn,rag_Latn,Kumsalaba Yesu yavambwa.,Msalabani Yesu alisulibiwa,general_prose
kentrans_624,eng_Latn,rag_Latn,"Ya kudzira ubwoni bubwo,",Alikufa kwa sababu ya dhambi zako,general_prose
kentrans_2671,eng_Latn,rag_Latn,Mwayi mwene yandeva,Mchungaji aliniuliza,general_prose
kentrans_3246,eng_Latn,rag_Latn,Niwumika yigulu mukisundi uliiduya kerenge.,"Ikiangalia juu wakati wa giza, utajikwaa mguu.",general_prose
kentrans_2719,eng_Latn,rag_Latn,VYA KULITSA NE VYA KUTALITSA,TUNAVYOKULA NA TUSIVYOVILA.,general_prose
kentrans_1582,eng_Latn,rag_Latn,Vaaseka ligali kuduuka nivasalira tsimbigu..,"Walicheka hadi kuumia figo. O: Ma, mukeere uyo yaavuka naalola vosi vakutsi beyi Nyanya huyo aliamka na kupata wameaga wote.",general_prose
kentrans_1562,eng_Latn,rag_Latn,Mwana yakoonya baba namama kuvalitsa viminyu vialulwa.,Mtoto aliwasaidia wazazi wake kuhesabu vifaranga walioanguliwa,general_prose
kentrans_2889,eng_Latn,rag_Latn,Kale muno engoko yali nuvulina ne liive.,Hapo zamani kulikuwa na urafiki kati ya kuku na mwewe.,general_prose
kentrans_1938,eng_Latn,rag_Latn,Kutsilomba tsive amalwa vinikanga kandi ma vavika mu amamera.,Ili kutengeneza pombe kutoka kwa mchanganyiko huo walikua wakiiwacha igande tena.,general_prose
kentrans_3051,eng_Latn,rag_Latn,Alola inuuniru yoluveere,Anaona nyonyo ya titi,general_prose
kentrans_1304,eng_Latn,rag_Latn,U lingiywi mu tuguvo,Amelazwa kihorini,general_prose
kentrans_179,eng_Latn,rag_Latn,Gagila ndamanya amangana ne miima ne tsihili tsia valoogoli,"Yamesababisha nijue maneno, desturi na koo za wamaragoli",general_prose
kentrans_1683,eng_Latn,rag_Latn,Jese yaali niyenyi amanye kuli vaali nivaaveye,Jese alitaka kujua jinsi walivyokuwa.,general_prose
kentrans_3177,eng_Latn,rag_Latn,Vaakubanira matimu nemivano novuta nevivaavi.,"Walipigana kwa mikuki, visu ,nyuta na njora.",general_prose
kentrans_3509,eng_Latn,rag_Latn,"Va kunukanga nokudyedyeidza amino gavo va vola, ku Mali kumumira.","Huzomea, husaga meno yao, Husema, Tumemmeza.",general_prose
luhya_multi_118_sw,swh_Latn,rag_Latn,Mtu yeyote anayelala na dadake msichana alaaniwe.,“Omundu yesi yesi okona ne waandaye omukhaana alaamwe.,Conversational
kentrans_2343,eng_Latn,rag_Latn,Lisuuviridza lyosi ni lyange.,Imani yote ni yangu,general_prose
kentrans_979,eng_Latn,rag_Latn,Buyanzi bwa Nyasaye:,Furaha ya Bwana:,general_prose
kentrans_3600,eng_Latn,rag_Latn,4 Lulimi lwendanya i nunanga lu handirani mu kikalakula kigira ubuluhu.,Ulimi wa mtoto anyonyaye wagandamana na kaakaa lake kwa sababu ya kiu.,general_prose
luhya_multi_306_en,eng_Latn,rag_Latn,He has made my flesh and my skin waste away and broken my bones.,"4 U koli inyama yange neligodo lyange kuva vikulu, u vunanyi vigumba vyange.",Conversational
kentrans_1319,eng_Latn,rag_Latn,Avayi va linda magondi mbudiku.,Walipolinda wanyama wao,general_prose
luhya_multi_165_en,eng_Latn,rag_Latn,Leaders are hung by their hands;,12 Avanene vasungwa kumukono gwavo.,Conversational
kentrans_1546,eng_Latn,rag_Latn,Yaagwa hasi vudinyu ligali.,Akaanguka chini kwa kishindo,general_prose
kentrans_3538,eng_Latn,rag_Latn,"10 A veye KU inze kuli iduba I gonekanga, kuli king'ang'a mu lyevisa.","Alivyo kwangu ni kama dubu aoteaye, kama samba mafichoni.",general_prose
kentrans_3528,eng_Latn,rag_Latn,"Yavo Ava nda lera nokuvirukidza, musigu wange u Mali KU VA heridza.",Hao niliowabeba na kuwalea Huyo adui yangu amewamaliza.,general_prose
kentrans_1362,eng_Latn,rag_Latn,Na ingelosi ya va volera:,Naye malaika kawapasha,general_prose
kentrans_1414,eng_Latn,rag_Latn,Kuvukidza avadivi va lavidzwe mu masahi,"Tufanane na Wewe, kwetu sifa upewe",general_prose
kentrans_3625,eng_Latn,rag_Latn,Vavula kwelidza ku liva lyavasalisi si va tovolannya ku vakulundu.,"Hawakujali nafsi za wale makuhani, Hawakuwaheshimu wazee wao.",general_prose
kentrans_1830,eng_Latn,rag_Latn,Mukana natsia kutsia mu mihiga likomi ndi yigitsangwa kutsia mukidaho no kotenya itsingu.,Msichana akielekea miaka kumi hivi alikuwa akifundishwa kwenda mtoni na kutafta kuni.,general_prose
kentrans_609,eng_Latn,rag_Latn,Ku manya asungwa yaho,Tunajua alisulubishwa hapo,general_prose
luhya_multi_367_en,eng_Latn,rag_Latn,"Look! Whether they sit or stand, I have become like a song to them.","63 Henza likala lyavo, ne lisingira lyavo, mbeye lwimbu lwavo.",Conversational
kentrans_2704,eng_Latn,rag_Latn,Moi yaleta.,Moi alikuwa akileta.,general_prose
luhya_multi_187_sw,swh_Latn,rag_Latn,"15 Na Mungu akawaachilia sisera na Rama kwa Beth-eli katika dunia ya magari yake yote.Na vita vya ke vyote, vilima vya Efraim watoto wa Israeli kwa makali ya upanga mbele ya Baraka: Wakapanda kwenda kwa Debora Kuamua na Sisera akashuka katika gari lake na akakimbi","15 Na Yahova ya salanya Sisera, na ha Rama ha Beth-eli mu kivali kye-magari gege gosi,nelihe lilye lyosi, vigulu kya Efiraim: Navana va Israeli nobwogi bwekivali imbiri wa Baraka: Vanegira kutsia ku Debora kukala- na Sisera yika ku ligari lilye,na girwa.",Conversational
kentrans_3455,eng_Latn,rag_Latn,"20 Henza, o, Yahova, kigira mbeye my lidambidzwa , mwoyo gwange gu galiki.","Angalia, Ee Bwana; maana mimi ni katika dhiki; Mtima wangu umetaabika;",general_prose
kentrans_1223,eng_Latn,rag_Latn,Lisaala lyetu kuleta,Zetu saala twaleta,general_prose
luhya_multi_331_sw,swh_Latn,rag_Latn,"Tumeteseka kwa hofu kuu na shida ya ghafula, uharibifu na maangamizi.","47 Ubutii na bogo vi duki ku kwinye, ubudivi na bwoneku.",Conversational
kentrans_3514,eng_Latn,rag_Latn,18 Myoyo gyavo gyanira Yahova.,Mioyo yao ilimlilia Bwana.,general_prose
luhya_multi_156_en,eng_Latn,rag_Latn,All her people groaned as they searched for food.,11 Avandu veve vosi lwa venyanga kwenya vyokulia.,Conversational
kentrans_1095,eng_Latn,rag_Latn,"Nyasaye; wenya voosi va wa lomba,",Watutaka sisi wote eh Mungu,general_prose
kentrans_3507,eng_Latn,rag_Latn,"Lidala yili nilyo Lya langwa umudukiru wobulahi, busangali bwelirova lyosi?","Je! Mji huu ndio ulioitwa, Ukamilifu wa uzuri, Furaha ya dunia yote?",general_prose
kentrans_1393,eng_Latn,rag_Latn,Yadza kumbonnya:,Aliyekuja kuniokoa,general_prose
luhya_multi_115_sw,swh_Latn,rag_Latn,Mtu yeyote asiyeogopa maagizo haya na mtu yeyote anayesongeza mpaka wa mwenzake alaaniwe.,"""Omundu yesi yesi okharia kamalaka kano ne ""Omundu yesi yesi osendia lulwakha lwo owasie alaamwe.""",Conversational
kentrans_3236,eng_Latn,rag_Latn,Eng'ereng'ani yaakanga vudiku.,Nyota hung’aa.,general_prose
kentrans_3407,eng_Latn,rag_Latn,Mukana womwami hagati hevivala yivyo ya duka ndi kunigwa ku lisolola!,Bintiye kiongozi kati ya nchi hizo alianzaje kulazimishwa kuchanga!,general_prose
kentrans_3684,eng_Latn,rag_Latn,Chalola tsinduvatiru tsie samba.,Aliona nyayo za simba,general_prose
kentrans_286,eng_Latn,rag_Latn,Eng’ereng'ani yene yiyi umukali yavuzu uvukima avike ku Eng’ereng’ani ma asuva ichova.,Mke angechukua nyota huyo kumwekea ugali na kisha kumrusha nje.,general_prose
kentrans_560,eng_Latn,rag_Latn,13. Kwuhila mulam wa wovo amazi.,13. Kumwagia shemeji wako maji.,general_prose
kentrans_3057,eng_Latn,rag_Latn,Livoho lira nirikekeke,Lile fungu ni dogo.,general_prose
kentrans_2456,eng_Latn,rag_Latn,Yazanga kuvugula valindanga,Yuaja kuchukua watu wake,general_prose
kentrans_781,eng_Latn,rag_Latn,"Yesu a yanzangainze,","Mungu anipenda,",general_prose
kentrans_1572,eng_Latn,rag_Latn,Vaaganagana nuvulahi vatsatsameku,Walifikiria kuwa ni vizuri waonje,general_prose
kentrans_1871,eng_Latn,rag_Latn,Musatsa maatsia wo mukumu.,Kisha mumewe anaenda kwa mganga wa kienyeji.,general_prose
luhya_multi_8_sw,swh_Latn,rag_Latn,Mito ilikuwa na nyasi kubwa kubwa.,. Lise mu vivanda lyali linene lyene,Conversational
kentrans_1935,eng_Latn,rag_Latn,Keteve,Kiti moto,general_prose
kentrans_1977,eng_Latn,rag_Latn,Vakolanga ndyo kuduka avayai vosi ve tsingulu valwana.,Wanafanya hivyo hadi wavulana wote wenye nguvu wapigane.,general_prose
kentrans_1702,eng_Latn,rag_Latn,"Naye yaavativulira naavoola, ""Mundu munene kuli uyu siaveeye kindu, kigira atihitsanga nokutindira amahe gavandu va Nyasaye werivamwoyo.","Naye alitamka na kuwaambia, “Mtu mkubwa kama huyu si kitu, maanake anatisha na kuchokoza watu wa Mungu wa uzima wa milele.",general_prose
kentrans_1120,eng_Latn,rag_Latn,Yesu alanganga mwinye Yenya voosi kudza bwangu A lombanga vindu vyosi.,Nyote njoni awaita Fanya hima tuje wote Ndiyue mweza wa yote,general_prose
kentrans_2890,eng_Latn,rag_Latn,Vakolanga vindu vyavo vyosi halala.,Walikuwa wakifanya mambo yao pamoja.,general_prose
kentrans_1196,eng_Latn,rag_Latn,"Yidzominywe U tovoiwa,",Atukuzwe Mteule,general_prose
kentrans_2936,eng_Latn,rag_Latn,Agulakiraka yatsa nanyola masahi,Agulakiraka alirudi akapata damu,general_prose
kentrans_631,eng_Latn,rag_Latn,"O, u va samehe.”","Oh, wasemehe”",general_prose
kentrans_2654,eng_Latn,rag_Latn,Singira matsi-yasata inda yakambala.,Alipata maumivu ya tumbo.,general_prose
kentrans_482,eng_Latn,rag_Latn,"Kaliva vilindwa vive siviayavangwa musi ligali kuli kalunu, navutswa gwalange muyinzi mudinyu.","Japo kaburi siku hizo hazikuchimbwa kwa kimo kirefu, bado ilikuwa shughuli nzito",general_prose
kentrans_1891,eng_Latn,rag_Latn,Valala,Baadhi,general_prose
kentrans_465,eng_Latn,rag_Latn,Avalogooli valange no mwima gwo kusamba mundu wakuza.,Wamaragoli walikuwa na mila ya kuchomwa kwa wafu.,general_prose
kentrans_3497,eng_Latn,rag_Latn,Lwa VA kudzanga kuli avaateywi tsingoma ku mahasi ya madala.,Hapo wazimiapo kama waliojeruhiwa Katika mitaa ya mji.,general_prose
kentrans_3663,eng_Latn,rag_Latn,15 Ubuyanzi bwo mwoyo getu bufweye.,Furaha ya mioyo yetu imekoma.,general_prose
kentrans_1672,eng_Latn,rag_Latn,Mukeere uyo yakagulika Aniigoke.,Mama huyu alimpa msichana wake jina Aniiogoke,general_prose
kentrans_57,eng_Latn,rag_Latn,Mbotswa uyu no mwana mkana wa mwivulwa naye.,Ndugu huyu ni mtoto msichana mliye zaliwa naye,general_prose
kentrans_1273,eng_Latn,rag_Latn,Ubuyanzi bu ye hosi Yesu udzi hasi,Furaha kwa ulimwengu Bwana amekuja,general_prose
kentrans_649,eng_Latn,rag_Latn,"O musala yigu, Gu dunyirwa hosi,",Msalaba huu,general_prose
kentrans_2908,eng_Latn,rag_Latn,"Kuduka na kalunu engoko isagalanga hasi ni yenya logembe Iwe live, ne live livugulanga viminyu vye engoko kigira likikiri kohevwa logembe lwalio.","Hadi wa leo kuku bado huchakurachakura chini akitafuta wembe wa mwewe, naye mwewe huchukua vifaranga wa kuku kwa sababu bado hajapewa wembe wake.",general_prose
kentrans_981,eng_Latn,rag_Latn,Mwana wa Nyaye Muderwa.,Mwana wa Mungu mpendwa.,general_prose
kentrans_3274,eng_Latn,rag_Latn,VAKALAGI,WAAMUZI,general_prose
kentrans_2494,eng_Latn,rag_Latn,"Nyala kunyagula,na sinyagulanga mumbalabala dave,nyagula ku tsimbaso - Mwoki",Naeza kimbia lakini sikimbii kwa barabara nakimbia kando ya barabara -moshi,general_prose
kentrans_2581,eng_Latn,rag_Latn,Mbeye no mulimi gwange ndataga mu misaala gitano - Kigalo,Nina shamba langu nimepanda ndani miti mitano -Kiganja,general_prose
luhya_multi_307_sw,swh_Latn,rag_Latn,"Wakati huo Debora,nabii,wako?","4 24 4 Inyinga yeyo Debora,muprofeti, wowo?",Conversational
luhya_multi_147_en,eng_Latn,rag_Latn,"To me he is like a bear lying in wait, like a lion in hiding.","10 A veye KU inze kuli iduba I gonekanga, kuli king'ang'a mu lyevisa.",Conversational
kentrans_1986,eng_Latn,rag_Latn,Imadyoli.,Magharibi.,general_prose
kentrans_2861,eng_Latn,rag_Latn,Navandi vavoola kuladiva nikutirana ku mwiima gwa vaguuga.,Wengine waliona kuwa wangepata taabu wakishikilia desturi za kina babu,general_prose
kentrans_1795,eng_Latn,rag_Latn,Amadiku gene gakale gala muhalikwa yalange nomunwa kunyunyia mwana wa muhalikwa wewe koloveere lwire.,Hapo zamani mkemwenza alinyonyesha mtoto wa mke mwenzake,general_prose
kentrans_1180,eng_Latn,rag_Latn,"Khandi tsimbabasi,",Na neema zake,general_prose
kentrans_1094,eng_Latn,rag_Latn,Nive u henza vandu voosi—ninze.,Unatuangalia sisi sote – hata nami,general_prose
kentrans_834,eng_Latn,rag_Latn,A li hena? Khumweyigine,Yu wapi? Tunamtafuta,general_prose
kentrans_212,eng_Latn,rag_Latn,MUSAALISI,ANAYEBARIKI,general_prose
luhya_multi_383_sw,swh_Latn,rag_Latn,Atuponye.,A kha khu honia nesisa sie.,Conversational
kentrans_1811,eng_Latn,rag_Latn,Avaluhya vakevanga ne miima lugano lugano.,Waluhya walitahiri wakifuata mila tofauti tofauti.,general_prose
kentrans_2562,eng_Latn,rag_Latn,Tsiagoyana - Tsiseke,Zinachanhanyikana -Matawi,general_prose
kentrans_3099,eng_Latn,rag_Latn,Yiyi netaya yoyo naho yeye,Hii ni taa yako ama yake?,general_prose
kentrans_2551,eng_Latn,rag_Latn,.Kwagani na guga ne likoti limwamu - Lugiita,Tumekutana na babu na koti jeusi - - Dudumanyoa,general_prose
kentrans_1482,eng_Latn,rag_Latn,Munwa,Mudomo,general_prose
kentrans_223,eng_Latn,rag_Latn,"Uyu no mundu uwali niyahevwa uluyali kuli musaalisi, navutswa miyinzi jije javukani ku no musaalisi no mbidi.","Huyu ni mtu aliyepewa heshima kama mtu wa kubariki, lakini shughuli zake zilikuwa tofauti na wa kubariki na kupaka dawa.",general_prose
kentrans_1693,eng_Latn,rag_Latn,Samweli yali niyavaka daudi maguta,Samweli alikuwa amemchagua danieli,general_prose
kentrans_1893,eng_Latn,rag_Latn,Liria lyavo lya maduma lugano yiru nirwo lwa vayanza.,Kula kwao kwa mahindi sambuli hiyo ndiyo iliyowapendeza.,general_prose
luhya_multi_114_en,eng_Latn,rag_Latn,Anyone who accepts a bribe let it be so,"""Omundu yesi yesi ofukiilila asoya bali ""Kabe kario.",Conversational
kentrans_2694,eng_Latn,rag_Latn,Onzeere wange ninze Lledi goo.,Onzeere ni mimi Lledi.,general_prose
luhya_multi_334_en,eng_Latn,rag_Latn,A woman going to traditional healers,48. Mukali kutsia ku vukumu.,Conversational
kentrans_3379,eng_Latn,rag_Latn,"Nywa, Nyasaye wa Israeli.","Kunywa, Mungu wa Israeli",general_prose
kentrans_1656,eng_Latn,rag_Latn,"Yaavugula litimu navavoolera,",Alichukua panga kasha akawambia,general_prose
luhya_multi_87_en,eng_Latn,rag_Latn,And if you find a bird's nest in a tree.,"""Ne onyoola siswi sie nyuni khumurongoro.",Conversational
luhya_multi_330_en,eng_Latn,rag_Latn,A woman beating a drum,46. Mukali kukuba ling’al’la.,Conversational
kentrans_1325,eng_Latn,rag_Latn,Na voosi va genya Iwa va hulira,Kwa furaha tele na mshangao,general_prose
luhya_multi_70_sw,swh_Latn,rag_Latn,“Hamjambo waliomo”,"“Mirembe munyumba yange"".",Conversational
kentrans_1289,eng_Latn,rag_Latn,INYINGA AVAYI VAYA,WACHUNGA WALIPOLINDA,general_prose
kentrans_361,eng_Latn,rag_Latn,"siwilana hasi mba kandi uhiliiywi nikigulu kyene yiki kali wenywe, uloleka ku mba.","hungerudi chini na tena angemezwa na mlima wenyewe hungepatikana hata ukitafutwa, na hungeonekana",general_prose
luhya_multi_75_sw,swh_Latn,rag_Latn,Mtapanda mbegu nyingi na mchana mtavuna tu vichache vitakvyotoka humo vyenu sababu nzige watakula kisha mtapoteapoteatu.,"""Mulamiicha bumiicho bukali ne kumuusi mulakesa busa bikeekhe bibiaamo bienywe sikila chisike chilalia mala mulatiimatiima busa.",Conversational
kentrans_151,eng_Latn,rag_Latn,Miima jo mwana yali naj mwa mama wewe nijo ijaliva najo niyivuliywi.,Tabia alizokuwa nazo mtoto alipokuwa tumboni mwa mama yake ndizo atakazo kuwa nazo akizaliwa,general_prose
luhya_multi_399_sw,swh_Latn,rag_Latn,Kavili mtoto wa nyambura,A - Kavili? -Kavili Nyambura,Conversational
kentrans_3116,eng_Latn,rag_Latn,Leta litimu lira hano,Lete ile mkuki hapa,general_prose
kentrans_3333,eng_Latn,rag_Latn,"Himbi ku migera gy Rubeni vuka,",Karibu na mito ya Rubeni amka.,general_prose
kentrans_1641,eng_Latn,rag_Latn,Mulala yagaada ndi wundi?,Mmoja alimdang’anyaje mwenzake?,general_prose
kentrans_2714,eng_Latn,rag_Latn,Ne kedonye che kituva,Ni kidogo kabisa,general_prose
kentrans_3516,eng_Latn,rag_Latn,"U tesosidza, u ta leka indolero yemoni yoyo I ta Hera mba.",Usijipatie kupumzika; Mboni ya jicho lako isikome.,general_prose
kentrans_2030,eng_Latn,rag_Latn,Yavora baba uvavere x2,Yesu alisema kuwa mumesamehewa.,general_prose
kentrans_2842,eng_Latn,rag_Latn,Kitabu yiki keveyemu ne tsinyimbu na vidandawili.,Kitabu hiki kina nyimbo na vitendawili.,general_prose
kentrans_1687,eng_Latn,rag_Latn,Yaaduka mumuse hagati natanga kwiyaya naatumba.,Alipofika kati kati mwa bonde alianza kujigamba,general_prose
kentrans_1351,eng_Latn,rag_Latn,A Ii nobuyanzi kuvo voosi lero;,Mwenye pendo kwa watu wote.,general_prose
kentrans_659,eng_Latn,rag_Latn,Nyala kutsiginga kuduka lwa nduka.,Ninaweza kuibeba hadi nitakofika,general_prose
kentrans_429,eng_Latn,rag_Latn,. Yavandu vakulundu isaa ya mugolova inyima wa saa nane. Na vana mugamba isaa ya mbasu.,Wazee walisoma mida ya saa nane ilhali watoto walisoma mchana.,general_prose
kentrans_2745,eng_Latn,rag_Latn,Miima mirahi giyanzitsa avivuli.,Tabia nzuri hufurahisha wazazi,general_prose
kentrans_1316,eng_Latn,rag_Latn,Ya gwa mudambi halala na kwinye,"Kaja dunia, kuishi na sisi",general_prose
kentrans_1366,eng_Latn,rag_Latn,"Maria na Yosefa na akana,",Maria na Yusuf na mtoto,general_prose
luhya_multi_201_sw,swh_Latn,rag_Latn,Ilikuwa na nguru kwa Jabin kiongozi wenu wanao keti kwenye ngozi Kanani kufika alikoteswa wanaotembea kwa Jabim mkuu wa Kanani,"17 gwa li netsingulu ku Jabin mwami wa Mwinye avikalanga ku visero Kanani,kuduka iwa va dividza Nomwinye ava gendaga ku jabin mwami wa Kanani.",Conversational
kentrans_1426,eng_Latn,rag_Latn,Nuvulahi avandu vakoleki kumatunda?,Ni vizuri watu kufanya nini kwa matunda?,general_prose
kentrans_1926,eng_Latn,rag_Latn,Havundu yaha niho havali vanyala koleta mwana osoleye vasakulu vamukumbiriza vamuha mageri.,Hapa ndipo wangeweza kumleta mtoto asiyeheshimu wazee na kumzunguka huku wakimpa ushauri.,general_prose
kentrans_374,eng_Latn,rag_Latn,Umwana niyenya kwivulwa kutula mu inda yo umundu mkali akola kuli IMBULA IHIZA niyenya kwivulwa.,"Wakati wa kuzaliwa mtoto kutoka tumboni mwa mama yake, hufanya sawia na migurumo ya mvua itakayo kunyesha.",general_prose
kentrans_3576,eng_Latn,rag_Latn,"48 Imoni yange yidoolanga migera gya madzi, kigira ubwoneku bwomukana wavandu vange.","Vijito vya machozi vinatiririka kutoka machoni mwangu, kwa sababu watu wangu wameangamizwa.",general_prose
kentrans_3336,eng_Latn,rag_Latn,"4 24 4 Inyinga yeyo Debora,muprofeti, wowo?","Wakati huo Debora,nabii,wako?",general_prose
kentrans_2601,eng_Latn,rag_Latn,Ni Chavasakulu veng'ine - Ikituva,Ni cha wazee tu -kiti ya miguu mitatu,general_prose
luhya_multi_93_sw,swh_Latn,rag_Latn,"Na mkikopesha pesa, ama chakula ama kitu kingine chochote kwa kulinda kambi ya muisaraeli mwenzake, hata akiweka riba.","""Ne wikopia chirupia, namwe siakhulia namwe sisindu sisiindi siosi siosi khu Khuliinda ekambi eye Muisiraeli wasio, okharaakho bukhala.",Conversational
kentrans_2398,eng_Latn,rag_Latn,Suvira mu Yesu kristo.,tumaini Yesu Kristo,general_prose
kentrans_744,eng_Latn,rag_Latn,Li kunga butii bwetu lero.,Linatuondolea woga wetu leo.,general_prose
luhya_multi_346_sw,swh_Latn,rag_Latn,hadi Bwana atazame chini kutoka mbinguni na kuona.,"50 kuduka Yahova yumike, nokulola kutwula migulu ha a veye.",Conversational
luhya_multi_184_sw,swh_Latn,rag_Latn,14. Kuangalia mama mkwe au baba mkwe kwenye mhundi.,14. Kohenza navizala kumulugu.,Conversational
kentrans_2669,eng_Latn,rag_Latn,Ndatubama uba!,Niliwapiga,general_prose
kentrans_1928,eng_Latn,rag_Latn,Inyinga ya mugolova avakali valuganga uvukima valetera vasakulu valira halala.,Nyakati za jioni wanawake wangepika ugali na kuletea wazee kula kwa pamoja.,general_prose
kentrans_718,eng_Latn,rag_Latn,"U langangwa lero, u la khola shi?","Ukiitwa leo, utafanya nini?",general_prose
kentrans_3098,eng_Latn,rag_Latn,Yirurukaa ligali,Anatoroka hakika,general_prose
kentrans_3126,eng_Latn,rag_Latn,Yiri nelifedete linene,Hii ni ……………. Kubwa.,general_prose
luhya_multi_63_en,eng_Latn,rag_Latn,Death announcement.,"""Kumulaasi kwe luufu""",Conversational
kentrans_2361,eng_Latn,rag_Latn,Mutovole bwangu mutuli mu bwoni,Fanyeni uamuzi mtoke kwa zambi.,general_prose
kentrans_1104,eng_Latn,rag_Latn,"Udze Mwami Munene, Konya Kwimbe ku ive","Mungu baba njoo, twaimba sifa kwako",general_prose
kentrans_3365,eng_Latn,rag_Latn,24 Na mkono wa bwana Israeli,Na mkono wa wana wa Israeli,general_prose
kentrans_2754,eng_Latn,rag_Latn,Mwana wa mbiri ni chekoyero.,Kifungua mimba ni mtoto wa kujivunia.,general_prose
kentrans_3133,eng_Latn,rag_Latn,Asava asosaa,Asava anapumzika,general_prose
kentrans_85,eng_Latn,rag_Latn,Mwana uyu siavugilwa ku miima avilukii muhili mba,Mtoto huyu hakubaliwa kukua katika ukoo huo,general_prose
luhya_multi_342_sw,swh_Latn,rag_Latn,"Bwana amekuwa kama adui, Amemmeza Israeli.","5 Yahova u gwiye kuli musigu, u miri Israeli.",Conversational
kentrans_2357,eng_Latn,rag_Latn,Uvulungi bwenyu vumanyekane,Njia zenu nzuri na zijulikane,general_prose
kentrans_3425,eng_Latn,rag_Latn,Kigira yaga lika lilye lya li neligenya; si a veye nowokuleminya mwoyo.,"Anguko lake lilikuwa la kushangaza, hapakuwepo na yeyote wa kumfariji.",general_prose
kentrans_2762,eng_Latn,rag_Latn,Nzie nzie nzia mmbo,Naenda naenda naenda kwao.,general_prose
kentrans_938,eng_Latn,rag_Latn,Bukhonyi bu lerherwi ndi Shigira nda khu yanza.,Msaada umepokea kwa sababu nakupenda.,general_prose
kentrans_375,eng_Latn,rag_Latn,Umundu mkali alolekaa mulufu kandi mulwaye kuli vigulu vilolekitsa imbula niyenya kukuba.,Mwanamke huonekana mchovu na pia mgonjwa sawia na jinsi milima huonekana mvua itakapo kunyesha.,general_prose
luhya_multi_46_sw,swh_Latn,rag_Latn,Watu wa kike wasivae nguo za watu wa kiume ama watu wa kiume wasivae mavazi ya watu wa kike.,"“Babaandu be siikhasi bakhafwara chingubo che babaandu be siseeche tawe, namwe be sisecha bakhafwara chingubo che babaandu be sikhasi tawe.",Conversational
kentrans_1026,eng_Latn,rag_Latn,Ni nzirana kuye mwene,Nikirejea kwake,general_prose
kentrans_2473,eng_Latn,rag_Latn,HAMBI VALINA,NJOONI MARAFIKI,general_prose
luhya_multi_12_sw,swh_Latn,rag_Latn,Umechelewa Florence umechelewa x2,. Ochelewe Florence ochelewe x2,Conversational
kentrans_3009,eng_Latn,rag_Latn,Alolaa luderu lulala lula,Anaona ile sinia moja.,general_prose
kentrans_1770,eng_Latn,rag_Latn,Hali kanyingi avaluti valetanga vyokulia kuli vihaanwa ku nyumba yo mwana yivuliywi mu.,Mara nyingi waliomtembelea walitenga vyakula kama zawadi kwa nyumba ya Yule aliyejifungua,general_prose
kentrans_164,eng_Latn,rag_Latn,Na henza liuva no mweli na tsingerengani likumi ne indala vya sigamira inze.,"Tazama jua,mwezi na nyota kumi na moja zikaniinamia.",general_prose
kentrans_2450,eng_Latn,rag_Latn,YESU YANZA KUVUGULA LIVUGANA,YESU ANAKUJA KUCHUKUA KANISA,general_prose
kentrans_330,eng_Latn,rag_Latn,Kandi ava pastor na vakolitsanga iviselelo gadukana vamanye amang'ana ga vegitsa avaletananga na avana avadoto vakutsanga kuli vayavila avana yava.,Tena mhubiri na waliosimamia harusi walipaswa kujua maneno mambo waliyofundisha waliooana na watoto wadogo walioliofariki jinsi walipaswa kuzikwa.,general_prose
kentrans_2023,eng_Latn,rag_Latn,Kigira yamala kuguta lilova x2,Kwa sababu alishakomboa ulimwengu,general_prose
luhya_multi_365_en,eng_Latn,rag_Latn,"O Lord, you have heard their insults, all their evil schemes against me.","61 Wa hulira amanyego gavo, O Yahova, na lisaavira lyavo Lya vasaviira ku inze.",Conversational
kentrans_1116,eng_Latn,rag_Latn,YESU MWAMI WANGE,YESU MFALME WANGU,general_prose
luhya_multi_358_sw,swh_Latn,rag_Latn,"6 katika siku za shamkari mtoto kutoka Zebuloni,amewashika.","6 Mu madiku ga Shamigari mwana Nokutwula Zebuloni, ava guni",Conversational
kentrans_2867,eng_Latn,rag_Latn,Imijilu,Tambiko,general_prose
kentrans_1246,eng_Latn,rag_Latn,"Liidza lilye si lila manywa mu lirova lyosi,",Kuja kwake ni kwa wale wanaoamini,general_prose
kentrans_2821,eng_Latn,rag_Latn,"Kandi kizuulanga zuu,ngo! ngo! ngo!","Kililia tena zuu, ngo! ngo! ngo!",general_prose
kentrans_1920,eng_Latn,rag_Latn,Mihiga amakoni saba giviti avandu vaduki velikula lya vise vana vavugananga mu luhya.,Miaka sabini imepita na watu wamefika umri ambao babazao walikuwa wakikutana pembeni.,general_prose
kentrans_510,eng_Latn,rag_Latn,"Nivakikiri kovega mundu wosi wosi,","Kabla mtu yeyote kunyolewa,",general_prose
kentrans_1799,eng_Latn,rag_Latn,ligenda muleri yamugumiranga mu maha atanga ku mugеnditsa kumunalitsa okogenda.,Ili mtoto aweze kutembea mlezi wake alimshika makwapani na kumzoesha kutembea.,general_prose
kentrans_1183,eng_Latn,rag_Latn,"Khu vandu voosi ha nda tsia,",Kote kote kwa watu wote,general_prose
luhya_multi_193_en,eng_Latn,rag_Latn,All your enemies open their mouths wide against you.,16 Avasigu vovo vosi va kunuye minwa gyavo ligali ku ive.,Conversational
kentrans_3377,eng_Latn,rag_Latn,"Inze, yee inze ,ndimbira Yahova;","Mimi ndiye mimi, namwimbia Mungu",general_prose
kentrans_3068,eng_Latn,rag_Latn,Vala navaana vahaani,wale ni watoto wakarimu.,general_prose
kentrans_2438,eng_Latn,rag_Latn,Muhanila imbula noho mbasu,Mvua na hata jua nina wapeni,general_prose
kentrans_1260,eng_Latn,rag_Latn,"Nyee, Yesu. Omwami ku Ia ku cheridza;","Jeshi la mbinguni, imbeni kwa nguvu",general_prose
kentrans_3247,eng_Latn,rag_Latn,Eng'ende niveeye mu kerenge iranuuna masahi.,Funza akiwa mguuni ataninyonya damu.,general_prose
kentrans_680,eng_Latn,rag_Latn,"Kase, kase ku Ia yanza","Milele, milele tutafurahia",general_prose
luhya_multi_395_en,eng_Latn,rag_Latn,Her gates have sunk into the ground; He has destroyed and broken her bars.,9 Viribwa vivye vya sikira hasi ya dividza nokuvunanya miluguyu gyavyo.,Conversational
kentrans_293,eng_Latn,rag_Latn,Avaveye ne vigulu mukivala kyavo vadukana vasanditsi Nyasaye na vamanye ikivu vigulu.,Walio na milima nchini mwao wanapaswa kushukuru Mungu na wajue,general_prose
kentrans_3386,eng_Latn,rag_Latn,14 kutwula mu Efiraimu va sulunguta,kutoka Efraim walikeremka,general_prose
kentrans_1089,eng_Latn,rag_Latn,"Wa lomba vindu vyosi kale, ive,",Mwumba wa viumbe vyote,general_prose
kentrans_611,eng_Latn,rag_Latn,Likudza ya ku kudzira,Kifo alichotufia,general_prose
luhya_multi_29_en,eng_Latn,rag_Latn,Remember to separate and marry.,'Khebulila Khulekhana ne khuyilana.,Conversational
luhya_multi_171_en,eng_Latn,rag_Latn,12. A wife sitting on her husband's chair.,12. Mukali kwik ala kondeve yo musatsa.,Conversational
kentrans_471,eng_Latn,rag_Latn,"Naho valala vatsitsanga ku vukumu, ma mukumu avoola, “Vuyu winyu wakuza oyo niye oletanga vulwaye nu vudinyu vwamulo langa yivwo.","Wengine waliwaendea wagagnga, kasha mganga anawaambia, “Mwenzenu aliyeaga ndiye anayesababisha magonjwa na shida mnazopitia.”",general_prose
luhya_multi_153_sw,swh_Latn,rag_Latn,"Na akasimama kwenye mlango wa hema ,na ya Baraka akakutanisha pamoja watukwa wote mtu akikuja kwako Zebuloni na Nafitali alienda na kuuliza na akasema kwake hapo Kedeshi; na watu elfu kumi na wanne watu wote? Wapi hapo utampata na mguu yake na Debora akasema hapana hamna","10 Na singire mu kiliango kyelihema, na ga Baraka ya vugannya halala avandula va ku vosi mundu ni yadza ku ive, va zebuloni na Naftali ya tsia nokukuteva, na a vola, A yeye hano Kedesh;navandu tsielfu likumi vane-mundu ku vosi? Hene yahoo u la gira ha virenge vivye:na Debora tivula, Auwa, si a veye ho.",Conversational
kentrans_811,eng_Latn,rag_Latn,"Yn ginga bwoni bwange, Yagingi bwoni bwange.","Amebeba dhambi zangu, Amebeba dhambi zangu",general_prose
kentrans_3293,eng_Latn,rag_Latn,Mu tsindolo tsinene kigira ya luha;,Kwa usingizi mnono kwa sababu alichoka,general_prose
kentrans_2709,eng_Latn,rag_Latn,Gendi kusaliri Moi.,Twendeni tuombee Moi.,general_prose
kentrans_2416,eng_Latn,rag_Latn,Weyame ulasamefwa.,Tubu usamehewe,general_prose
kentrans_2561,eng_Latn,rag_Latn,Mwana wange aviruka mba - Ligina,Mtoto wangu hakui - Jiwe,general_prose
kentrans_3241,eng_Latn,rag_Latn,Kegoye vaanyagula vulahi nivanyoola ingavo.,Kegoye walikimbia vizuri wakashinda ngao.,general_prose
kentrans_3227,eng_Latn,rag_Latn,Engege inyolekaa haliki?,Ngege hupatikana wapi?,general_prose
luhya_multi_339_sw,swh_Latn,rag_Latn,Wafuatiao wako juu ya shingo zetu.,5 avaku londerera vyaveye ku magoti getu.,Conversational
kentrans_957,eng_Latn,rag_Latn,Masahi ga Yesu,Damu ya Yesu,general_prose
kentrans_2816,eng_Latn,rag_Latn,Engoko yange yatera mavuyu.,Kuku wangu alitaga mayai.,general_prose
kentrans_292,eng_Latn,rag_Latn,Ivigulu viveye ne kivuni ekenene ligali kuvandu vekivala yikyo.,Milima ina sababu kuu kabisa kwa watu wa dunia hiyo.,general_prose
kentrans_1860,eng_Latn,rag_Latn,Avayai vakevangwa kumanyia vuluviriri vwayo Iwa vatanganga kuva avandu vanyala kwelinda.,Wavulana walipashwa tohara kuonyesha ujasiri wao wanapoanza kuwa watu wanaoweza kujilinda.,general_prose
kentrans_2880,eng_Latn,rag_Latn,Chalola tsinden vatiru tsie simba.,Aliona nyayo za simba.,general_prose
kentrans_1159,eng_Latn,rag_Latn,E tsi kha nyala khuhwa.,Zisiko pungua,general_prose
kentrans_2896,eng_Latn,rag_Latn,Yavega avaana vavaga vatigala vavaga.,Aliwanyoa watoto watatu wakasalia watatu.,general_prose
kentrans_1181,eng_Latn,rag_Latn,"Yeu Kristo, Mwami wange,","Yesu Kristo, Baba yangu",general_prose
kentrans_949,eng_Latn,rag_Latn,Khumuha Yesu shihaanwa shyange;,Kumpa Yesu zawadi;,general_prose
kentrans_134,eng_Latn,rag_Latn,"Kandi umwana uyu yenya afanane na vandu vene yava ku anuni tsimbele tsia mama weve, yinyale aminyali, anie amavi, na ahenze kuli avandu vandi vahenza makali agone tsindolo kuli avandu vanyoye mkivala kuli vagonanga.","Pia huyo mtoto alihitajika kufanana na watu wao ndiposa anyonye matiti ya mama yake, akojoe mkoje, akunie mavi, na atazame jinsi watu wengine wanavyotazama na pia alale usingizi jInsi watu aliopata duniani walikuwa wakilala",general_prose
kentrans_1193,eng_Latn,rag_Latn,YIDZOMINYWE MWAMI YESU,ATUKUZWE BWANA YESA,general_prose
kentrans_1925,eng_Latn,rag_Latn,Tsisaa tsya mugamba zuri vafwananga muliru kwota.,Asubuhi na mapema walikuwa wakiwasha moto ili waote.,general_prose
kentrans_2824,eng_Latn,rag_Latn,Mama mbe tsimbindi nzie kumitsa.,Mama nipee mbegu za mkunde niende kupanda,general_prose
luhya_multi_79_sw,swh_Latn,rag_Latn,Mkawa mkifanya mabaya na afanye nyinyi muwe ukoo mtakatifu jinsi mungu alivyowapa tumaini nyinyi.,"""Mwaaba ne mukhola kamabi ne akhole enywe mube ekholo endakatifu nga wele ne aamusuubisia enywe.",Conversational
luhya_multi_269_sw,swh_Latn,rag_Latn,Kutazama mwili wa ndugu yake aliyekufa iwapo hakumtembelea akiwa hai,"27. Kohenza ku amwavo wovo nakuzi, niva wamugendelel, nakikiri mwoyo.",Conversational
kentrans_11,eng_Latn,rag_Latn,Mama ngwegwe kayambiva,Mama ngwegwe nyungu ndogo ya kupikia kuku.,general_prose
kentrans_642,eng_Latn,rag_Latn,Gwo buvereri bunene.,Wenye huzuni mwingi,general_prose
kentrans_308,eng_Latn,rag_Latn,Navutswa ihiili yo mundu musatsa emenya vutswa mihiga ne mihiga.,Lakini ukoo wa mwanaume huishi miaka na miaka,general_prose
kentrans_712,eng_Latn,rag_Latn,Buyanzi mwlgulu.,Furaha mbinguni,general_prose
luhya_multi_273_en,eng_Latn,rag_Latn,Engaging in sexual act with an animal (taboo).,29. Kwononyia mutugu. (Luswa.),Conversational
kentrans_644,eng_Latn,rag_Latn,A twulidze bwoni bwavo.,Awaondolee dhambi zao,general_prose
kentrans_333,eng_Latn,rag_Latn,Lilonda ku mama wewe yegitswe ILISIOMA umwana uyu nakutsi.,Kilichofuata mama mtoto huyo alifundishwa jinsi ya kuomboleza mwanawe aliyeaga.,general_prose
luhya_multi_309_en,eng_Latn,rag_Latn,The tongue of the nursing infant clings to its palate because of thirst.,4 Lulimi lwendanya i nunanga lu handirani mu kikalakula kigira ubuluhu.,Conversational
kentrans_2563,eng_Latn,rag_Latn,Mbeye no musungu wange yafanana na inze - Ipicha,Nina mzungu wangu ananifanana - Picha,general_prose
kentrans_852,eng_Latn,rag_Latn,"Si yeganagana Mwene,","Hakujifikiria,",general_prose
kentrans_3125,eng_Latn,rag_Latn,Amafa gaveeye amugi kuli lufa,Miba iliyo na makali kama shindano.,general_prose
kentrans_407,eng_Latn,rag_Latn,Sililiho nelidiku lilala ikisundi nekeveye ho ne liuva nili gwiyi Tsing'ereng’ani tsidake kuligulu mba.,Hakuna siku hata moja giza ikiwa na jua likianguka nyota hawaezi kosa angani,general_prose
kentrans_3032,eng_Latn,rag_Latn,Lola Aliguula na Ababu vereraa,Ona Aligula na Ababu wananing’inia.,general_prose
kentrans_2498,eng_Latn,rag_Latn,Yiyi ng'oo kandi yiyi ng'oo - Kisundi,"Huku ng,oo!kule Ng,oo -Giza",general_prose
kentrans_247,eng_Latn,rag_Latn,“MWELI” ku atsie kuhelitsa.,“ Mwezi” ndio aende kushika mimba.,general_prose
kentrans_2544,eng_Latn,rag_Latn,"Baba natula atula yengine, namama atula na vaana -Tsingerengani","Baba akitoka anatoka pekeake ,na mama akitoka anatoka na watoto-Nyota",general_prose
kentrans_2330,eng_Latn,rag_Latn,MUGERA GWE MIREMBE,Mto mtulivu,general_prose
kentrans_1251,eng_Latn,rag_Latn,"Hamba, mwadza, U ku linde Mwami Imanueli.","twakusihi njoo, Emmanueli utuponye",general_prose
kentrans_1757,eng_Latn,rag_Latn,Mukali lwa yatanganga kusaalira yavoleranga avandu alumangwa.,Mwanamke alipoanza kuumwa aliwambia watu kuwa anaumwa,general_prose
kentrans_2411,eng_Latn,rag_Latn,Umanye Nyasaye ahenza mumwoyo,Kumbuka Mungu huona nyoyo zetu,general_prose
kentrans_3524,eng_Latn,rag_Latn,Avakana vagima vange navasoleli vange va gwiye ku kivavi.,Wasichana wangu mabikira na wavulana wangu Wameanguka kwa upanga.,general_prose
kentrans_1218,eng_Latn,rag_Latn,UMULINDI WETU,U MLINZI WETU,general_prose
kentrans_1814,eng_Latn,rag_Latn,Tsyali tsisoni tsinene mundu okevwa kulira,Aliyepashwa tohara akilia alipata aibu.,general_prose
kentrans_1846,eng_Latn,rag_Latn,avalulu na vahooma.,Wakali na wapole.,general_prose
luhya_multi_173_sw,swh_Latn,rag_Latn,Ni kwa sababu ya dhambi za manabii wake na maovu ya makuhani wake.,13 Ga veye kigira ubwoni bwa vaprofeti veve na budamano va vasalisi veve.,Conversational
kentrans_3178,eng_Latn,rag_Latn,Vaakola vudamanu ligali,Walikuwa wanafanya vibaya sana.,general_prose
kentrans_925,eng_Latn,rag_Latn,Inyumba ya Nyasaye,Nyumba ya Mungu,general_prose
kentrans_2534,eng_Latn,rag_Latn,Mbeye nu mulimi gwange nuliimi ma utage ivyakulia vitula mu vikutsutsu vutswa - Umutwi novegi irisu,Nina shamba langu nikilima kisha nipande mazao vyakula vinatoka vidogo vidogo –Kichwa ukinyoa nywele,general_prose
kentrans_3239,eng_Latn,rag_Latn,Niimali kukuba ulanyagula.,Ikishagonga utakimbia.,general_prose
kentrans_3687,eng_Latn,rag_Latn,Chasingila hambeta ho muliango niketeva:,Alisimama kando ya mlango na kuuliza,general_prose
kentrans_2484,eng_Latn,rag_Latn,Kwimbe tsinyimbu tsio kusandiza,Tuimbe nyimbo za shukrani,general_prose
kentrans_1705,eng_Latn,rag_Latn,Yaamanya naavoolera Mwami.,Akamwambia kiongozi.,general_prose
kentrans_3132,eng_Latn,rag_Latn,Sara asimaa Susana,Sarah anamuita Susana kwa ishara.,general_prose
kentrans_486,eng_Latn,rag_Latn,"“Ndemeye a ndemeye”,","""Ndemeye, Ndemeye”",general_prose
kentrans_1017,eng_Latn,rag_Latn,Ku twulidza tsimbi tsya voni,Kuondoa maovu ya watenda dhambi,general_prose
kentrans_349,eng_Latn,rag_Latn,Nyasaye yali nikivuni kuviguru ekenene kyene kulilova.,Mungu alikuwa na sababu kuu juu ya milima kwa dunia.,general_prose
luhya_multi_190_en,eng_Latn,rag_Latn,All who pass your way clap their hands at you.,15 vosi Ava vitanga va mu kongondera makono.,Conversational
kentrans_612,eng_Latn,rag_Latn,Ku nyole buhonnyi;,Tupate uponyaji,general_prose
kentrans_622,eng_Latn,rag_Latn,He ligovi Iilyo lya tungirwa.,Alipolipia deni lako,general_prose
kentrans_220,eng_Latn,rag_Latn,Avandu yava nivo ko avavika amakono ku mwami uvikiywi.,Hawa ndio watu ndio pia waliokuwa wakimtawaza kiongozi alyeteuliwa.,general_prose
kentrans_2812,eng_Latn,rag_Latn,Omwana wa baba gona.,Mtoto wa baba lala,general_prose
kentrans_2579,eng_Latn,rag_Latn,"Teka teka, mukaana wa Andeso - Likere",Teka teka msichana wa Andeso -Chura,general_prose
kentrans_2364,eng_Latn,rag_Latn,Inze mbeye Nyasaye wenyu.,Mimi ndimi Mungu wenu,general_prose
kentrans_304,eng_Latn,rag_Latn,IHILI YO MUSATSA NO MUKALI,UKOO WA MUME NA MKE,general_prose
kentrans_2015,eng_Latn,rag_Latn,"Lwa magelizu gamali kuduka,",Majaribio haya yameshatufika,general_prose
kentrans_1642,eng_Latn,rag_Latn,Waaleka nnya yaali vwaha?,Ni nani hakumula mamake?,general_prose
kentrans_268,eng_Latn,rag_Latn,Umwana uyu naloli ilimenya siliveye muinda yila ililahi dave amanya atula mu.,Mtoto huyu anapotambua uhai haupo tumboni humo basi angetungua ule uja uzito.,general_prose
luhya_multi_303_sw,swh_Latn,rag_Latn,Kumkasirikia au kumgombeza mjomba wako,38. Kusinyikira no kogondokera mifwa wovo.,Conversational
kentrans_468,eng_Latn,rag_Latn,"Mundu mwene oyo yasiukanga, siyaluma malova kuli yavoolerwa dave.","Mtu huyo akirejea kutoka kuzimu, hakulala kaburini salama jinsi walivyosema kwake wakati wa mazishi.",general_prose
kentrans_1957,eng_Latn,rag_Latn,vwene.,Yenyewe.,general_prose
kentrans_3530,eng_Latn,rag_Latn,"2 Ya nzimirira nokungendidza mukisundi, si mwa li mu bulavu.",Ameniongoza na kuniendesha katika giza wala si katika nuru.,general_prose
kentrans_1035,eng_Latn,rag_Latn,Mwoyo gwa siwa mmavanga ge;,Moyo wangu ulioshwa kwa damu yake,general_prose
kentrans_211,eng_Latn,rag_Latn,"Kandi umbidi uyu yalange umundu wo mkali mulala ovo no mugitsi gwigwe no mkeere wewe na vana, navisukulu.",Tena tabibu huyu alikuwa na mke mmoja aliye na boma lake na mkewe na watoto na wajukuu.,general_prose
kentrans_756,eng_Latn,rag_Latn,Inzira ye.,Njia yake.,general_prose
kentrans_1396,eng_Latn,rag_Latn,LWIMBU LWE INGELOSI,KUZALIWA KWA YESU NA UFUFUO WAKE,general_prose
luhya_multi_316_en,eng_Latn,rag_Latn,This custom seemed more difficult. And it involved a man and a woman.,4. Mwima yigu gololekanga mululu ligali. Nagwo goveeye ku mu satsa nu mu kali.,Conversational
kentrans_1961,eng_Latn,rag_Latn,Vatigala mu yavo avavugirizani kulwana.,Walibakia wale ambao walikuwa wamekubaliana kupigana.,general_prose
kentrans_1923,eng_Latn,rag_Latn,Niva nukutsia kulwana musigu naho nokutsia kokola muyinzi gwe lisanga kuli kwombaka inyumba yo mulala kuvo.,Kama kwenda kupigana na adui au kufanya shughuli za ushirikiano kama vile kujenga nyumba ya mmoja wao.,general_prose
kentrans_1165,eng_Latn,rag_Latn,Ni likhudza lya Yesu;,Hata kifo cha Yesu Kristo,general_prose
kentrans_2352,eng_Latn,rag_Latn,Vohonyi bwizuye ku mwinye.,Uponyaji uko juu yenu,general_prose
kentrans_51,eng_Latn,rag_Latn,Kisikulwi Chicho chivula kesoni.,Kilembwe chako kikazaa kilembekeza,general_prose
luhya_multi_211_en,eng_Latn,rag_Latn,And Jael put her hand,18 Na Jaeli ya vika mmkono gugwo.,Conversational
kentrans_421,eng_Latn,rag_Latn,Vulimu vwali ni vukikiri ku vonene vwene mwana ni yivisi mu siyali anyala konyoleka dave.,Vichaka hivi vilikuwa vikubwa na mtoto angejificha hapo hangepatikana.,general_prose
kentrans_3667,eng_Latn,rag_Latn,17 Kigira yaga muyoyo getu gi kudzi.,Kwa sababu ya haya mioyo yetu imezimia.,general_prose
kentrans_3084,eng_Latn,rag_Latn,Kaveeye akaana kakekeke,Haka ni katoto kadogo,general_prose
kentrans_3558,eng_Latn,rag_Latn,"30 A Haane ku uyu u mu kuyanga lusaya lwilwe, yizule amanyego.","Na atoe shavu lake kwa yule ampigaye, na ajazwe na aibu.",general_prose
kentrans_2613,eng_Latn,rag_Latn,Musungu wange avula virenge na agenda vwangu - Enzoka,Mzungu wangu hana miguu lakini anatembea haraka -Nyoka,general_prose
luhya_multi_58_en,eng_Latn,rag_Latn,remember the lesson that what you are doing does not benefit,“itsulila oluechelo mbu omwikholelela shikufubanga tawe”,Conversational
kentrans_2857,eng_Latn,rag_Latn,Kuvitaga kuliha mu liviruka zana?,Ukuaji huu umefikia wapi?,general_prose
kentrans_1197,eng_Latn,rag_Latn,"U tangi kwameha,",Mfalme mpya,general_prose
luhya_multi_246_sw,swh_Latn,rag_Latn,"Furahi, ushangilie, Ee binti Edomu, ukaaye katika nchi ya Usi.","21 U yanze, u sangale, o Mukana was Edom umenya mu kivala Kya Uzu.",Conversational
kentrans_224,eng_Latn,rag_Latn,Uyo nu mundu walangangwa naho umwulia gwoneka.,Huyu ndiye aliyeitwa au mambo yaharibike.,general_prose
kentrans_187,eng_Latn,rag_Latn,A - Ninga? -Ninga Zatsa,Ninga mtoto wa Zatsa,general_prose
kentrans_1124,eng_Latn,rag_Latn,"Kale si nda manya lve, lve mwene wa nanga: Nyenya nduke ha u veeye",Nilikosa kufahamu ukanita kaitika Ninataka niwe nawe,general_prose
kentrans_519,eng_Latn,rag_Latn,Nitali litulitsa vutswa amasu nilio liakolwa.,Lakini watu kunyoa nywele ndiyo iliyofanyika.,general_prose
luhya_multi_85_sw,swh_Latn,rag_Latn,"""Ndemeye, Ndemeye”","“Ndemeye a ndemeye”,",Conversational
kentrans_2901,eng_Latn,rag_Latn,Engoko yihuya munyumba mwosi navutswa siyanyola logembe mba.,Kuku alitafta chumbani kote lakini hakupata wembe huo.,general_prose
kentrans_58,eng_Latn,rag_Latn,Guuga uyu ni Baba wa baba wovo (isee Baba wovo) Guuku uyu ni mama wa mama wovo (Nyia mama wovo),Baba huyu ni baba wa baba yako ( baba mzaa baba)Nyanya huyu ni mama wa mama yako,general_prose
kentrans_1239,eng_Latn,rag_Latn,Lyenya Iyosi lyemihigi li nyoleki lero.,Leo tumepata tumaini la milele,general_prose
kentrans_735,eng_Latn,rag_Latn,Kwinye kwosi ku mu yanze;,Sisi sote tumpenda;,general_prose
kentrans_1479,eng_Latn,rag_Latn,Enzoli yengeta neenene.,Mbegu hiyo ni kubwa.,general_prose
kentrans_932,eng_Latn,rag_Latn,"U rhule hadamanu,","Utoke pabaya,",general_prose
luhya_multi_239_en,eng_Latn,rag_Latn,"I remember them well, and my soul is downcast within me.","20 Mwoyo gwange gu kidzulizanga yago, na gwinama mu inze.",Conversational
kentrans_796,eng_Latn,rag_Latn,Nonde iwe khazozo.,Nikufuate milele.,general_prose
kentrans_3411,eng_Latn,rag_Latn,"A menyanga hagati he tsihiri, si a veye nobwelemeridzi Kali hakuzuzu.","Anayeishi kati ya koo za makafiri, hana raha hata kidogo.",general_prose
kentrans_412,eng_Latn,rag_Latn,Amadanyi gogo gaveye ho niva uladinya kuli LIUVA NO MWELI.,Baraka zako zipo kama utasimama kidate kama JUA NA MBALAMWEZI,general_prose
kentrans_1160,eng_Latn,rag_Latn,Niye wa lomba mweli,Yeye aliyeumba mwezi,general_prose
luhya_multi_337_sw,swh_Latn,rag_Latn,Maana uovu wa binti ya watu wangu ni mkubwa kuliko dhambi ya Sodoma.,6 Ubudamano bwomukana wa avandu vange bu veye bunene kuvita ubwoni bwa sodoma.,Conversational
luhya_multi_373_en,eng_Latn,rag_Latn,"Her nobles were purer than snow, they were whiter than milk.","7 Avanene veve va li avesiyeku kuvita likonza, Va li avalavu kuvita maveere.",Conversational
kentrans_2415,eng_Latn,rag_Latn,Umanye Yahova ahenza mu mwoyo,Kumbuka Mungu huona nyoyo zetu,general_prose
kentrans_2968,eng_Latn,rag_Latn,Uloli libiiba lirala lira.,Ameona lile tanki moja.,general_prose
kentrans_1133,eng_Latn,rag_Latn,"Kigira ve livugana, kusantidia munono.","Kwa sababu ya waumini, twashukuru sana",general_prose
kentrans_1984,eng_Latn,rag_Latn,Ivale yi imadyoli.,Kaskazini magharibi.,general_prose
kentrans_3026,eng_Latn,rag_Latn,Valola yavo vayoyaa,Wanasema wao wanazoa.,general_prose
kentrans_887,eng_Latn,rag_Latn,Kwosi ku suuvire,Sote tuamini,general_prose
kentrans_785,eng_Latn,rag_Latn,Yesu a yanza inze.,Yesu anipenda.,general_prose
kentrans_759,eng_Latn,rag_Latn,Naye u nkonyanga inze.,Naye unisaidiaye.,general_prose
kentrans_2827,eng_Latn,rag_Latn,Ngani inzala yakwita,Njaa ingekuwa imetuangamiza,general_prose
kentrans_3122,eng_Latn,rag_Latn,Afuvula,Anatoa ngozi.,general_prose
kentrans_3043,eng_Latn,rag_Latn,Gala gali agogo,Ile ilikuwa ni yako.,general_prose
kentrans_490,eng_Latn,rag_Latn,Ma lidiku liene yilio avandu vaduuka mu lovego.,Na siku yenyewe watu waliofika kwenye makumbusho.,general_prose
luhya_multi_258_en,eng_Latn,rag_Latn,A wife beating the private parts of her husband.,23. Mukali kukuba mundede yo musatsa.,Conversational
kentrans_789,eng_Latn,rag_Latn,"Yesu ya rhula hango he,","Yesu alitoka mbinguni,",general_prose
kentrans_2955,eng_Latn,rag_Latn,Lea aleraa lero,Lea sasa analea.,general_prose
kentrans_495,eng_Latn,rag_Latn,"Nivalolanga aveeye vulahi, vamanyanga valanga mundu mukulundu yatsa kumuviida.","Wakiona yuko sawa, walikuwa wakiita mtu mzee kuja kumtakasa.",general_prose
luhya_multi_278_en,eng_Latn,rag_Latn,He has cut off in fierce anger every horn of Israel.,3 Lwiga lwosi kwa Israeli u lu kalagi mu butima bwibwe bululu.,Conversational
kentrans_1030,eng_Latn,rag_Latn,Mu Yerusalemi Impya,Katika Jerusalemi mpya,general_prose
kentrans_1256,eng_Latn,rag_Latn,"Kwinye ku mu yanza, A Yesu Mwami.","Njoni tumwabudu, MWokozi.",general_prose
kentrans_1110,eng_Latn,rag_Latn,"Udze Roho Muhonyi, U Ia ku vuulikira","Njoo roho ya mwokozi, utufunukie",general_prose
kentrans_1859,eng_Latn,rag_Latn,Tsisaate gwali umwima gwa vakaana vavitiranga mu.,Kuweka alama mwilini ilikuwa tambiko walilopitia wasichana.,general_prose
kentrans_2879,eng_Latn,rag_Latn,"Hakekeke, Kisungura chatsa nikiduka ha kiliango.","Punde si punde, sungura akaja mlangoni.",general_prose
kentrans_1442,eng_Latn,rag_Latn,Niimali kukuba ulanyagula.,Ikishapiga utakimbia,general_prose
kentrans_1355,eng_Latn,rag_Latn,"Yosefa ya ka tsia ha Bethlehemu,",Yusuf kaondoka kwenda Bethlehem,general_prose
kentrans_3056,eng_Latn,rag_Latn,aloli livoho lirala,Ameona fungu moja.,general_prose
kentrans_1743,eng_Latn,rag_Latn,Iritsanga tsinzalo halala namalova.,Anakula changarao na udongo,general_prose
kentrans_1409,eng_Latn,rag_Latn,Ya loleka kuli mundu navutswa ave Nyasaye:,"Amejivua enzi, Alivyo na mapenzi",general_prose
luhya_multi_214_en,eng_Latn,rag_Latn,"The Lord is righteous, for I have rebelled against his commandment.",18 Yahova nowobulungi kigira inze nzebaaye ku lilaga lilye.,Conversational
luhya_multi_182_sw,swh_Latn,rag_Latn,"Hutanga tanga njiani kama vipofu, wametiwa unajisi kwa damu.",14 Va voyavoya kuli vaboku mu Tsinzira va vikenywi budamano vya masahi.,Conversational
kentrans_1512,eng_Latn,rag_Latn,Mwana mutindi akuyaa avandi nembiimbu.,Mtoto muchokozi huchapa wenzake kwa kiboko.,general_prose
kentrans_2383,eng_Latn,rag_Latn,Utie kindu kitihizanga,Epuka moto wqa jehanamu,general_prose
luhya_multi_351_sw,swh_Latn,rag_Latn,"Nililiitia jina lako, Ee Bwana, kutoka vina vya shimo.","55 Ndanira lieta lilyo, O, Yahova, kutwula ha inyumba ya hasi ligali.",Conversational
kentrans_1255,eng_Latn,rag_Latn,"Kwinye ku mu yanza, kwinye ku muyanza","Njoni tumwabudu, njoni tumwabudu",general_prose
kentrans_997,eng_Latn,rag_Latn,"Tsimbabasi tsitsye tsinene,","Rehema zake ni kuu,",general_prose
kentrans_2834,eng_Latn,rag_Latn,Kilegitsa oyo utumikilaa kwiga tsinyimbu ni vitendawili viveyeho madiku ga kalunu,Kitafunza wanaokitumia kujifunza nyimbo na vitendawili vya hivi majuzi,general_prose
luhya_multi_89_sw,swh_Latn,rag_Latn,Usiamini mtumishi umaskini ukija wewe wa kuanza hakumjibu tena ambaye ni maskini kwa kumpatia tena.,“Okhamiina omukholi omutaambi Beecha wewe owe khunyoa se amukobosia lundi ooli omubanani mu khumuelesia.,Conversational
kentrans_908,eng_Latn,rag_Latn,Kwinye voni vadamano,Sisi watenda dhambi waovu,general_prose
kentrans_1206,eng_Latn,rag_Latn,"Imbiri wo Umwami wetu,",Mbele ya Bwana wetu Yesu,general_prose
kentrans_382,eng_Latn,rag_Latn,Avandu vakulundu vahenzanga kuinyama yene yiyi makandi vahenza kuvyo munda kuli Kim MARA ne LIKUDUMANI namasahi gene halala ne inyama yene.,"Watu wazee wangekagua nyama ya mfugo huyo, utumbo wake na maini yake, damu yake na hata nyama yake.",general_prose
kentrans_71,eng_Latn,rag_Latn,Guga uyu waleta umukana wewe Mtugwa uyu umbisandu (uvula avivuli dangwa kuli mwana wovo na som vakana vovo anaho muletane mba.,Babu huyu aliyemchukua msichana yatima alikuwa kama mfungwa (alimchukulia yatima huyu kama wakena hawangeoana),general_prose
kentrans_3248,eng_Latn,rag_Latn,Ling'ohani ligonaa haliki mukisundi?,Ling’ohani hulala wapi gizani,general_prose
kentrans_1836,eng_Latn,rag_Latn,Mukana naduka mu mihiga komi na mbili yamanya atula mu nyumba ya mama wewe atsia kogona na vandi mu chavogono.,Msichana akifika miaka kumi na mbili alikuwa akihama kutoka kwa nyumba ya mamake na kwenda kulala na wengine palipotengewa wasichana kulala.,general_prose
kentrans_2011,eng_Latn,rag_Latn,NINDA MMAGELITSU,UNILINDE KUTOKANA NA MAOVU,general_prose
kentrans_2916,eng_Latn,rag_Latn,Yalomba vulimbo vwiruvwe vulahi rarike mumukobo,Alitengeneza ulimb o wake vizuri akaweka kwenye mkebe,general_prose
kentrans_2646,eng_Latn,rag_Latn,No mwimani kalondo eee! Kalondo,Ukoko una uchoyo Eee! Ukoko.,general_prose
luhya_multi_41_en,eng_Latn,rag_Latn,There will be no person in your entire household.,“Akhabao omundu yesi yesi munju bulamu bwenywe bwoosi tawe.,Conversational
kentrans_3106,eng_Latn,rag_Latn,Mulogooli yaaleka litimu,Maragoli ameacha mkuki.,general_prose
luhya_multi_259_sw,swh_Latn,rag_Latn,Na mkono wa wana wa Israeli,24 Na mkono wa bwana Israeli,Conversational
kentrans_1665,eng_Latn,rag_Latn,2. Nivaaha avo musakulu yalanga?,Ni kina nani Yule mzee aliita ?,general_prose
kentrans_2950,eng_Latn,rag_Latn,"Yagada mama-ndemu nderema,","Alidanganya mama-ndemu nderema,",general_prose
kentrans_351,eng_Latn,rag_Latn,Imbula nikuba itangila kuvigulu kukuba kutsia hasi.,Mvua ikianza kunyesha huanzia milimani kuelekea chini.,general_prose
kentrans_783,eng_Latn,rag_Latn,"Tsingulu tsyerhu tsijehi,","Tumepungukiwa na nguvu,",general_prose
kentrans_42,eng_Latn,rag_Latn,Ijinde ku jinyangananga vuza,Wengine wanasumbuka bure,general_prose
luhya_multi_387_en,eng_Latn,rag_Latn,"Even when I call out or cry for help, he shuts out my prayer.","8 Yee, Ni nkupa lwanga nokwenya mukonyi, a haniranga kyova lisaala lyange.",Conversational
kentrans_1132,eng_Latn,rag_Latn,"Valina vetu vosidza, tsimbabasi tsya voosi.","Marafi wetu wote, msamaha kwao wote",general_prose
kentrans_3605,eng_Latn,rag_Latn,"Lya tungaminywa kuli mu idagika indala, si ha veye nomukono gu vikwa kuye.","Uliopinduliwa kama katika dakika moja, wala mikono haikuwekwa juu yake.",general_prose
kentrans_2873,eng_Latn,rag_Latn,KISUNGURA NE SIMBA,SUNGURA NA SIMBA,general_prose
kentrans_2442,eng_Latn,rag_Latn,Wiganangane ligali no kuverera,Jifikirie kabisa ujihurumie,general_prose
kentrans_3606,eng_Latn,rag_Latn,"7 Avanene veve va li avesiyeku kuvita likonza, Va li avalavu kuvita maveere.","Wakuu wake walikuwa safi kuliko theluji, walikuwa weupe kuliko maziwa.",general_prose
kentrans_1146,eng_Latn,rag_Latn,"Yee, Guyanzi munonono.","Hakia, Hufurahia tena sana",general_prose
kentrans_1059,eng_Latn,rag_Latn,"Khuli Yakobo ya lola tsinyinga tsia khale,","Jinsi Yakobo alivyoota enzi za kale,",general_prose
kentrans_3268,eng_Latn,rag_Latn,"Ndiegu akatsia kusuma, akima umwana.","Ndiegu alienda kuomba chakula, akamunyima mtoto",general_prose
kentrans_1454,eng_Latn,rag_Latn,Eng'ende neveeye mu kerenge ulasaalira.,Funza akiwa mguuni utaumia.,general_prose
kentrans_869,eng_Latn,rag_Latn,"Ni Y esu, Ni Yesu.","Ni Yesu,Ni Yesu.",general_prose
kentrans_1998,eng_Latn,rag_Latn,Muvumenyo vwe mihiga,Milele daima,general_prose
luhya_multi_78_sw,swh_Latn,rag_Latn,"Mnaweza mkaiba asia kuwa, ya kutimia uchokozi akiwepo tunajua vipi ujumbe wako.","""Munyala mweba asia muli, lwe khurumikhira kamayia akhabao Khumanya khuriena burume bwowo.",Conversational
luhya_multi_231_sw,swh_Latn,rag_Latn,.Nyanya alikuwa akifanya nini jikoni?,2. Mukeere yaali naakolaki kumahiga?,Conversational
kentrans_3486,eng_Latn,rag_Latn,Kigira yaga ya kola impinga na lidigi kusyoma; vyombo halala vi dengeya.,Bali amefanya ngome na ukuta kuomboleza; vyombo vyote pamoja vikatikisika.,general_prose
luhya_multi_160_sw,swh_Latn,rag_Latn,"Amezigeuza njia zangu na kunirarua-rarua, na amenifanya kubaki bure.","11 U girunkanyi Tsinzira tsyange nokuntandulanya, na u nkoli kuva hatswa.",Conversational
kentrans_118,eng_Latn,rag_Latn,Adukana ave itilu ye inyumba yeye.,Yafaa awe tegemeo wa nyumba yake,general_prose
kentrans_1378,eng_Latn,rag_Latn,"Nda sangala, nda sangala,","Nitamtukuza, nitamtukuza",general_prose
luhya_multi_73_en,eng_Latn,rag_Latn,"Do not hate the Edomites, who are women or men who make your communities.","“Mukhabiila Baedomu tawe, bali bakhasi namwe owe siseecha okhola balebe benywe.",Conversational
kentrans_2737,eng_Latn,rag_Latn,Mama:Amugovolio tsia usie vusie.,Mama: Amugovolio nenda usiage unga.,general_prose
kentrans_2500,eng_Latn,rag_Latn,Mwana wange aveye ne virengevine na sianyala kogenda mba - Emesa,Mwanangu ana miguu lakini hawezi tembea -Meza,general_prose
luhya_multi_258_sw,swh_Latn,rag_Latn,23. Mke kupiga sehemu nyeti za mumewe.,23. Mukali kukuba mundede yo musatsa.,Conversational
luhya_multi_145_en,eng_Latn,rag_Latn,1. What story did you read?,1. Niluganoki usomi?,Conversational
kentrans_3074,eng_Latn,rag_Latn,miima,Tabia/ desturi,general_prose
kentrans_999,eng_Latn,rag_Latn,"Tsimbabasi tsya Nyasaye,","Rehema zake Bwana,",general_prose
kentrans_1847,eng_Latn,rag_Latn,Tsimbuli nitsyatsitsanga mu mulimi gwo mundu vamanyanga ni vwaha wavanyala kwiruka ligali kali nigaveye mwene naalete tsimbuli yengo ma navamanye cha ise mwene anyala kokola. Lusala lwa dada si loveye lwaka fwanana no lusala lwo mundu mululu dave.,"Iwapo mbuzi wangekata kamba na kuingia katika shamba la mtu mwingine, wangetambua nani alikuwa na uwezo wa kutoroka Zaidi, mwenyewe angewarejesha mbuzi hao na wangejua ni kipi babake angefanya.",general_prose
kentrans_3612,eng_Latn,rag_Latn,10 Makono ga vakali avetsimbavasi ga deki avana vavo Avene.,Mikono ya wanawake wenye huruma imewatokosa watoto wao wenyewe.,general_prose
kentrans_1143,eng_Latn,rag_Latn,"Yee guyanzi muno,",Hakika hufurahia mno,general_prose
kentrans_355,eng_Latn,rag_Latn,Nyasaye yavisa ivindu lugano muvigulu.,Mungu ameficha vitu tofauti milimani.,general_prose
luhya_multi_40_sw,swh_Latn,rag_Latn,"Hata baada ya kuishi siku ambayo mungu mweza wa vyote kwa nchi kwa muda mrefu na kwa wote alizungumza kwenu kuwa zaa watoto na wajukuu, tena mkizeeka,msifanye dhambi yoyote, aliyejitolea kwenda kisha kujifanyia sanamu kwa watu wa ukoo kutoka kwa kitu chochote.","""Akhaba enyuma we khumenya “Endaalo niyo Wele Omunyali Owa bioosi mu sibala khulwe siise sileeyi ne khu Bioosi aalomaloma khwinywe ali Saala babaana ne babechukhulu, lundi mwasaakhulua, mukhakhola bubwoni yesi yesi oweaana khucha mala khukhwik holela sifwaani kule babaandu be ekholo khukhwama le sisiindu siosi siosi.",Conversational
kentrans_1006,eng_Latn,rag_Latn,Ga nyala kwogidza vosidza.,Ina uwezo kusafisha kabisa.,general_prose
kentrans_3489,eng_Latn,rag_Latn,"Yee, avaprofeti veve so va lolanga malola ga twulanga KU Yahova.","Naam, manabii wake hawapati maono Yatokayo kwa Bwana.",general_prose
kentrans_1321,eng_Latn,rag_Latn,"Na a va va volera, “Ku leta makuva","“Habari njema, nawalwaletea",general_prose
kentrans_1100,eng_Latn,rag_Latn,"U Mwana wowo, va ta kudza mba,",Yesu Kristo tTupate kuokolewa,general_prose
kentrans_2427,eng_Latn,rag_Latn,Kali nanyola magelizu gosi,Hata katika majaribu yake,general_prose
kentrans_2995,eng_Latn,rag_Latn,Aliriraa idiidi,Analilia mgongoni.,general_prose
kentrans_1785,eng_Latn,rag_Latn,Inyinga yindi ni valange na meta kuvita gaviri agavenyanga mwana alangwe ku musakulu mu salisi yalangangwa yaatsa ne kituva na matsi ne kivango chavatswa vulahi.,Wakati mwingine,general_prose
luhya_multi_55_en,eng_Latn,rag_Latn,Are there days when cars used to come small?,“ilikho inyanga eyemitoka chibetsanga mititi?,Conversational
kentrans_1981,eng_Latn,rag_Latn,Ivale.,Kaskazini.,general_prose
kentrans_3173,eng_Latn,rag_Latn,Lidiku lirala muluuti yaduukaho,Siku moja afisa wa elimu alitembelea shule.,general_prose
luhya_multi_99_en,eng_Latn,rag_Latn,"When you enter the land which the prophet spoke, then God the Almighty of all things, your God tell the people that the thing which I am giving you","""Nga ne mulengila mu sibala nisio omung'oosi nisio alomaloma, mala Wele Omunyali Owa Bioosi, Wele wenywe boolele babaandu buli siindu nisio ese alikho amuelesia enywe, mukha- mulaka.",Conversational
kentrans_2523,eng_Latn,rag_Latn,Ndasia wa senge nandeera visiki mu Mahiga -Amabwoni,Nlienda kwa shangazi akaniekea visiki kwa meko -Viazi vitamu,general_prose
kentrans_1107,eng_Latn,rag_Latn,"Udze Ling’ana Yesu, Boha Kivavi Kikyo,","Tujaze neno lako, Yako silaha silaha tuvae",general_prose
kentrans_2665,eng_Latn,rag_Latn,Tundi ndidwika.,Mengine nilijibandika.,general_prose
kentrans_3006,eng_Latn,rag_Latn,Aviivi vivaa vivava,Wezi huiba vipimio / ratili,general_prose
kentrans_722,eng_Latn,rag_Latn,"Yesu ya bambwa, a khonye inze,","Yesu alisulubishwa, anisaidie mimi",general_prose
luhya_multi_281_sw,swh_Latn,rag_Latn,"Mke au mume aliyefiwa kabla ya kuanza kulia kwa kufiwa, alitekeleza mila","3. Inyinga yosi yo mukunzakali yenyanga kwikula, yatanganga kotemela.",Conversational
kentrans_627,eng_Latn,rag_Latn,Ya kudzira avoni.,Alikufa kwa sababu ya wenye dhambi,general_prose
luhya_multi_233_sw,swh_Latn,rag_Latn,Ni kina nani Yule mzee aliita ?,2. Nivaaha avo musakulu yalanga?,Conversational
kentrans_1884,eng_Latn,rag_Latn,Naho “Kegoli” yavika mwana nu mukumu alatsia kutulitsa vindu vya yavika zana vila.,Au “Kegoli” aliweka mtoto na daktari wa kienyeji ataenda kutoa vitu alivyoviweka.,general_prose
luhya_multi_141_en,eng_Latn,rag_Latn,We have known goodness itself,"0 khu maniye bulahi bwene,",Conversational
kentrans_2604,eng_Latn,rag_Latn,VIDANDAWILI,VITENDAWILI,general_prose
kentrans_1484,eng_Latn,rag_Latn,Kederu,1 Kidevu,general_prose
kentrans_1776,eng_Latn,rag_Latn,Avalala valanganga lyeta lya Ise naho Nyia yava ni yali ni yamala kukutsa.,Wengine walikuwa wanamwita jina la baba ama la mama ambaye alikuwa amekufa,general_prose
kentrans_433,eng_Latn,rag_Latn,Avegitsi vatungangwa kindu kidididi muno kandi vali avihani ku gasi.,Walimu walikuwa wakilipwa pesa kidogo lakini walijitolea kufunza.,general_prose
kentrans_2008,eng_Latn,rag_Latn,Inze maliye gange mulilova x2,Nimemaliza yangu duniani,general_prose
kentrans_3369,eng_Latn,rag_Latn,11 Ilhale Ligali ku lioga iya yava,Mbali na kelele za hao,general_prose
luhya_multi_111_en,eng_Latn,rag_Latn,"A person can become an enemy to the almighty God, my God, then hide waiting to attack where he gives you, even though his companion who killed him then fled from you, clear the road then to one of those cities.","""Omundu anyala aaba omusiku khu Wele Omunyali Owa Bioosi, Wele wasie, mala ekise alindiilile ebwaakala alikho amuelesia enywe khuuba owasie oyo amwire, mala elukhile ewenywe, 'Lima kimiyila mala mu lulala khu ngoba echo.",Conversational
kentrans_3480,eng_Latn,rag_Latn,Na kwani nomusalisi ya VA legamu livirirwa lyobutima bwibwe.,Naye amewadharau mfalme na kuhani Katika uchungu wa hasira yake.,general_prose
kentrans_52,eng_Latn,rag_Latn,Kesoni Chicho chivula kizienzie.,kilembekeza chako kikazaa_kilembwe kilembekezwa,general_prose
kentrans_1398,eng_Latn,rag_Latn,Na va lola ingelosi yikakuvo ubudiku.,"Wimbo wa tamu sana, wa pendo zake BNwana",general_prose
kentrans_2653,eng_Latn,rag_Latn,Gwidola-singira matsi,Moyo ulisimama,general_prose
kentrans_283,eng_Latn,rag_Latn,Ulwo mkali atsitsanga mu leave mu Nyanza.,Ndipo mke huenda kuoga ziwani.,general_prose
kentrans_1518,eng_Latn,rag_Latn,Lugembe luvega liisu.,Wembe hunyoa nywele.,general_prose
kentrans_2710,eng_Latn,rag_Latn,Gendi kusale.,Twendeni tuombe.,general_prose
kentrans_1755,eng_Latn,rag_Latn,LIVULWA,KUZALIWA,general_prose
kentrans_1423,eng_Latn,rag_Latn,Umundu yagulaa indimu yira.,Mtu alitunda ndimu ile,general_prose
kentrans_169,eng_Latn,rag_Latn,Usome ivitabu yivi na ulalola ndi;,Ukisoma vitabu hivi na utaona haya;,general_prose
kentrans_3206,eng_Latn,rag_Latn,Indohi iveeye kuligondi.,……… iko kwa kondoo,general_prose
kentrans_2319,eng_Latn,rag_Latn,Kuvosi Ogendanga novogeli,Yeyote atembeaye kwa makini,general_prose
kentrans_3262,eng_Latn,rag_Latn,"Yanyola naleta, nadeka, nalia niyima mama weve, Ndiegu.","Alipata, akalete, akapika akala na kumunyima mamake Ndiegu.",general_prose
kentrans_496,eng_Latn,rag_Latn,Kalunu yazugana na vandi vandu.,Sasa alitangamana na watu wengine.,general_prose
kentrans_2460,eng_Latn,rag_Latn,Kuli Yesu mwene yaali uvulavu,Jinsi Yesu mwenyewe ni mwanga,general_prose
kentrans_2803,eng_Latn,rag_Latn,LWIMBO LWO KOHOBERITSA MWANA,WIMBO WA KUBEMBELEZA MTOTO ALALE,general_prose
kentrans_3483,eng_Latn,rag_Latn,"VA koli liyoga mu inyumba ya Yahova, kuli Lya li KU lidiku lyelivugana.",Wamepiga kelele ndani ya nyumba ya Bwana Kama katika siku ya kusanyiko la makini.,general_prose
kentrans_1236,eng_Latn,rag_Latn,"Lidala lya Bethelehemu lye lemelidzanga,",Mji wa mtulivu wa bethlehem,general_prose
kentrans_3165,eng_Latn,rag_Latn,Galola maduuma gaveeye malahi.,Wanaona mahindi ni mazuri,general_prose
luhya_multi_200_en,eng_Latn,rag_Latn,16. Seeing a sick person and a dead person on the same day.,16. Kolola mulwaye nu mukuzu lidiku lilala.,Conversational
kentrans_418,eng_Latn,rag_Latn,Avami vagavulanyia kivala mu vidonye vidididi na sia kedonye chali nu musigali walindanga avandu nu kuvagimira lwa vakoli magoso ahirira mwami.,Viongozi waligawanya maeneo mbalimbali ambayo yalilindwa na askari na wale waliofanya makosa walikamatwa na kupelekwa kwa viongozi wa utawala.,general_prose
kentrans_995,eng_Latn,rag_Latn,"Hena ku Yesu ha Kalvary,","Mtazame Yesu wa Kalvari,",general_prose
luhya_multi_211_sw,swh_Latn,rag_Latn,Na Jaeli aliweka mkono wako,18 Na Jaeli ya vika mmkono gugwo.,Conversational
luhya_multi_137_en,eng_Latn,rag_Latn,"""You are very happy, what have you eaten?""","""Yive uveeye nuvusangali muno, ukaliiyeki?""",Conversational
kentrans_2829,eng_Latn,rag_Latn,Usietsanga nogonga,Unanengua kiuno ukicheza..,general_prose
kentrans_2426,eng_Latn,rag_Latn,Amenyanga mu vulindi bwe,Huishi katika mabawa yake,general_prose
kentrans_312,eng_Latn,rag_Latn,Mundu Musatsa wo mugitsi gwigwe vulungi atevangwa ha mugitsi ku mkono mulungi ihiili kandi nakutsa avikangwa kulusimbu inahiru na mundu mukali avikangwa kulusimbu ivulili ina mukono mukali.,Mwanaume mwenye boma lake kamili huzikwa mbele ya nyumba yake upande wa mkono wa kuliakatika ukoo vilevile mwanaume anapofariki huwekwa upenuni sebuleni ilhali mwanamke huekwa upenuni mwa chumba cha malazi kwenye mkono wa kushoto,general_prose
kentrans_813,eng_Latn,rag_Latn,Ugingi bwoni bwange.,"Amebeba dhambi zangu,",general_prose
kentrans_2929,eng_Latn,rag_Latn,"Mulidala liavamenyamu,manani galimu manyingi muno",Kijijini walimoishi kulikuwepo na mazimwi wengi,general_prose
kentrans_1625,eng_Latn,rag_Latn,Lidiku lindi Anakanani yaateenya amavivi naafwana muliru kuluhia nivoota nomulina weeve.,Siku moja sungura aliota magugu byaliyokauka na akawasha moto sokoni na wakaanz a kujishasha pamoja na rafikiye ili wasihisi baridi .,general_prose
kentrans_1538,eng_Latn,rag_Latn,Imbiimbu,Fimbo,general_prose
luhya_multi_14_sw,swh_Latn,rag_Latn,Mvulana mwenye miguu kombo akioga ako na shamba ambayo akiangalia anameza tu mate.,. Omusiani owa makhumbo niyesinga ari nende indalo iria naringa amira sa amare.,Conversational
luhya_multi_195_sw,swh_Latn,rag_Latn,Taji ya imeanguka kutoka kwa vichwa vyetu.,16 Itaji yaguluki kutula ku mitwe gyetu.,Conversational
luhya_multi_105_sw,swh_Latn,rag_Latn,Usifunge fahali na punda kwa nira moja sababu.,“Okhaboa eeyi ne punda khu lichooki lilala.,Conversational
kentrans_1278,eng_Latn,rag_Latn,"Vigulu ne vivanda, vi landidze makuva.","Bonde na mlima na mwamba, maji mitoni na shamba,",general_prose
