id,src_lang,tgt_lang,source_text,target_text,domain
kentrans_1702_swh,swh_Latn,rag_Latn,"Naye alitamka na kuwaambia, “Mtu mkubwa kama huyu si kitu, maanake anatisha na kuchokoza watu wa Mungu wa uzima wa milele.","Naye yaavativulira naavoola, ""Mundu munene kuli uyu siaveeye kindu, kigira atihitsanga nokutindira amahe gavandu va Nyasaye werivamwoyo.",general_prose
kentrans_2699_swh,swh_Latn,rag_Latn,PAKA ALINIDANGANYA.,KIBUSI CHANGADA,general_prose
kentrans_2473_swh,swh_Latn,rag_Latn,NJOONI MARAFIKI,HAMBI VALINA,general_prose
kentrans_2002_swh,swh_Latn,rag_Latn,Naenda mbinguni kwa baba yangu,Tsitsanga mwigulu mwa dada wange,general_prose
kentrans_310_swh,swh_Latn,rag_Latn,Ilhali jua huishi kufoka kama jinsi mwanaume hufoka katika nyumba ya ukoo wake,Navutswa LIUVA yilio limenya nililoka kuli mundu musatsa yamenya nalokela hango mu HIILI yeye,general_prose
kentrans_2582_swh,swh_Latn,rag_Latn,Watoto wa Kenya ni wakali -Nyuki,Avaana va Kenya valula - Tsinzuki,general_prose
kentrans_1718_swh,swh_Latn,rag_Latn,"Sasa Daudi mwenyewe alichukua fimbo yake ya kuchungia kondoo, pamoja na mawe tano yanayoteleza na kombeo, Aliomba kisha akaenda alipokuwa Goliathi.","Ku Daudi tsana yaagumira imbiimbu yeeye yokwaya magondi, halala namagina gatano materere nolukova, Yasaala naatsia wa Goliati yaali.",general_prose
kentrans_1733_swh,swh_Latn,rag_Latn,"Wakati Daudi aliwasili, askari wa vita walimuuliza, “ Je, umeona yule mtu munene?”","Ing'inga Daudi yaatsa, avasikaali veriihe vaamuteeva, ""Uloliku mundu munene ula?""",general_prose
kentrans_1236_swh,swh_Latn,rag_Latn,Mji wa mtulivu wa bethlehem,"Lidala lya Bethelehemu lye lemelidzanga,",general_prose
kentrans_326_swh,swh_Latn,rag_Latn,Vyote hivi hugonjeka wakati mvua inapotaka kunyesha lakini kuna ndege iitwayo ITSIMILI ambalo ikifika saa tatu asubuhi huja pamoja na kuimba kwa hivyo maji hurudi na umande hurudi kwa wingi,". Vyosi ndio vilwala ku imbula ikuba anaho kandi amanyonyi gavalanga ITSIMILI niduka mutsisaa tsivaga tsio mugamba, gavungananga halala mukekonya nigimba, imbula niyavita, imbula imanya ikuba.Kandi imigera jitange kusinuka amatsi, iliime liva ilinyingi kuvulimu",general_prose
kentrans_1699_swh,swh_Latn,rag_Latn,Mienendo yake ilifanya apakwe mafuta na kutawazwa kuwa kiongozi.,Miima jilje jaagira naavakwa maguta alavikwi mwami.,general_prose
kentrans_3068_swh,swh_Latn,rag_Latn,wale ni watoto wakarimu.,Vala navaana vahaani,general_prose
luhya_multi_264_multi_swh,swh_Latn,rag_Latn,mungu mweza wa vyote atafanya kila mara mtakuwa juu ya mbari zingine.,"25""Wele Omunyali Owa Bioosi alakhola buli lwosi mulaba angaaki we chikholo chichiindi.",Conversational
kentrans_817_swh,swh_Latn,rag_Latn,Kusafisha vyote visivyo laini.,Kwogidzwa vyosi vi ta li vilungi.,general_prose
kentrans_558_swh,swh_Latn,rag_Latn,11. Mwanaume kufagia nyumba wakati mukewe yuko.,11. Musatsa kweya munyumba mukali weve naveeyeho. !,general_prose
kentrans_782_swh,swh_Latn,rag_Latn,Na watu wengine wote,Na vandu vandi voosi,general_prose
kentrans_986_swh,swh_Latn,rag_Latn,Ni nani anayekuona?,Ni wi u lolanga ive?,general_prose
kentrans_1511_swh,swh_Latn,rag_Latn,"Damu ikishachoka baada ya kuzunguka mwilini, hurudi katika moyo.",Masahi galuhi girananga kandi mumwoyo.,general_prose
kentrans_3636_swh,swh_Latn,rag_Latn,"Uovu wako umetimia, Eee binti Sayuni, hatakuhamisha tena.","22 Lihebwa mageli lyo budamano bubwo bu duki, O mukana wa Zioni si alakuhila Kandi mulyadikidzwa.",general_prose
kentrans_2806_swh,swh_Latn,rag_Latn,Mtoto wa mama lala.,Omwana wa mama gona.,general_prose
kentrans_185_swh,swh_Latn,rag_Latn,Avayanza mtoto wa Vagavo,A- Vayanza – Vagavo,general_prose
kentrans_2028_swh,swh_Latn,rag_Latn,Msalabani yesu alisulubiwa,Kumsalaba Yesu yavambwax2,general_prose
kentrans_315_swh,swh_Latn,rag_Latn,"Ilhali uwezo wa mwanaume wa kuzalisha huwa wa muda mrefu hapa duniani wa miaka na mikaka,kama anapata vyakula vizuri vya kuongeza nguvu na damu","Na mundu musatsa siamala vwangu kulilova mba kuduka mihiga ne mihiga, niiva alitsa vyokulia vilahi ivi mu meda tsinguiu na masahi.",general_prose
kentrans_1553_swh,swh_Latn,rag_Latn,Naye jini akapasuka tumbo.,Nagwo gwamanya nigwadika inda yagwo.,general_prose
kentrans_1142_swh,swh_Latn,rag_Latn,Moyo wangu hufurahia mno,"Mwoyo gwange guyanzi muno,",general_prose
kentrans_1386_swh,swh_Latn,rag_Latn,Jina lake litukudzwe,"Nzidzominyanga lyeta Iilye,",general_prose
kentrans_718_swh,swh_Latn,rag_Latn,"Ukiitwa leo, utafanya nini?","U langangwa lero, u la khola shi?",general_prose
kentrans_347_swh,swh_Latn,rag_Latn,Tena walikuwa wakiangalia jinsi jua lilikuwa lilichomoza kutoka mashariki asubuhi na mapema ili waone likiwa limechomoza vizuri ndiposa wafanye matambiko yao na ndipo wajue kwamba matambiko yao yatabarikiwa.,Makandi vahenza kuli LIUVA nilitula ivugwe kale mugamba zuri ku nivaloli iliuva lituli vulahi ililavu zeeree kuli likonza kuvakola miluka javo ma vamanya miluka javo jilagasitswa.,general_prose
kentrans_1666_swh,swh_Latn,rag_Latn,Kwa nini aliwaita ?,3. Kigiraki yavalanga?,general_prose
luhya_multi_124_multi_swh,swh_Latn,rag_Latn,"Hakuna ukoo nyingine hata kama una nguvu nyingi huwasha moto kwa mlima wa Sinai,ulio na mungu hamkuwahi ona sanamu yoyote.","""Se eliio ekholo ekiindi yakhaba ne eli ye kamaani kamakali rira mu mulilo khu sikulu sia Sinai, eli ne wele ooli mwabonakho efwaani yosi yosi tawe.",Conversational
kentrans_3474_swh,swh_Latn,rag_Latn,Katika hema ya binti Sayuni Amemimina kani yake kama moto.,Mu lihema lyomukana was Zioni u tsuki ubutima bwibwe kuli muliru.,general_prose
kentrans_1978_swh,swh_Latn,rag_Latn,"Ukoo uliotoa wengi ,ndio unaorudi nyumbani na ushindi .","Losoma lwa tuulanga avingi, yilwo lwirananga yengo no lusuma lwe liguyta.",general_prose
kentrans_2591_swh,swh_Latn,rag_Latn,Ananipanguza kwa chuma -sindano,Kimbiha mu vivya - Isindani,general_prose
kentrans_931_swh,swh_Latn,rag_Latn,Nataka utubu,Nyenyanga wiganire,general_prose
kentrans_3600_swh,swh_Latn,rag_Latn,Ulimi wa mtoto anyonyaye wagandamana na kaakaa lake kwa sababu ya kiu.,4 Lulimi lwendanya i nunanga lu handirani mu kikalakula kigira ubuluhu.,general_prose
kentrans_3328_swh,swh_Latn,rag_Latn,Za kando hiyo,1 tsya haluvega.,general_prose
kentrans_171_swh,swh_Latn,rag_Latn,Ndoto ya Yusufu ilionyesha ya kuwa babake Yakobo ni jua na mamake ni mwezi na nduguze Yusufu ni nyota.,Amaloto ga Yosefa gamanyia ndi baba weve Yakobo ni liuva na mama nu mweli na avamwavo Yosefu ne tsingerengani,general_prose
kentrans_180_swh,swh_Latn,rag_Latn,Maneno yenyewe ni haya,Amangana gene ni yaga ndi,general_prose
kentrans_636_swh,swh_Latn,rag_Latn,Ulisoma jinsi alivyoangalia hapo?,Wa soma kuli ya henza yaho?,general_prose
kentrans_2481_swh,swh_Latn,rag_Latn,Tunang’a kama nmalaika,Kungereng”ana kuli tsingelosi,general_prose
kentrans_1603_swh,swh_Latn,rag_Latn,Hapo hapo wakaambiana la kufanya.,Aheene yaho vavoolerana kuli vakola.,general_prose
kentrans_3314_swh,swh_Latn,rag_Latn,4 Bwana ulipotoka katika Seiru yako wewe mtoto wa Abinoam. unapotembea kutoka kwa shamba,"4 Yahova, Iwa ive u twula mu Seiru ,lilyo , umwana wa Abinoam.Lwa u genda kutwula mu mulimi 13 Hene yahoo iya sulunguta litigala",general_prose
kentrans_874_swh,swh_Latn,rag_Latn,Ni nani anayengoja mbingu?,Wina u linda Mwigulu nunu?,general_prose
kentrans_2323_swh,swh_Latn,rag_Latn,Watu hawatazikwa,"Avandu si va tebwa yo,",general_prose
kentrans_2262_swh,swh_Latn,rag_Latn,Tupende kutenda mema,"Kalunu kwigi likora uvulungi,",general_prose
kentrans_27_swh,swh_Latn,rag_Latn,Wa Mmbo,A mmbo,general_prose
kentrans_1979_swh,swh_Latn,rag_Latn,Wanarudi kila siku jioni hadi vile siku ya jua itakapo isha.,Virananga sia mugolova kuduka madiku go mabasu gafwa.,general_prose
kentrans_1915_swh,swh_Latn,rag_Latn,watu wote waovu wangehepa kuvuka hio zizi.,Avandu vadamanu vevenderanga havundu yaha.,general_prose
kentrans_705_swh,swh_Latn,rag_Latn,Furaha yao mbinguni,Buyanzi bwavo mwigulu,general_prose
kentrans_33_swh,swh_Latn,rag_Latn,Alikwenda kushtaki kwa Chogo,Nadya kuvuyaro wi chogo,general_prose
kentrans_71_swh,swh_Latn,rag_Latn,Babu huyu aliyemchukua msichana yatima alikuwa kama mfungwa (alimchukulia yatima huyu kama wakena hawangeoana),Guga uyu waleta umukana wewe Mtugwa uyu umbisandu (uvula avivuli dangwa kuli mwana wovo na som vakana vovo anaho muletane mba.,general_prose
kentrans_323_swh,swh_Latn,rag_Latn,Hali ya anga ikibadilika kutoka upande wa ziwa hadi milimani basi mvua itanyesha.,Amalesi go kwigulu gosi gilana Munyanza no kuvigulu no mumilitu umanye imbula ilakuba.,general_prose
kentrans_3034_swh,swh_Latn,rag_Latn,Analilia kipaza sauti.,Aliriraa lirere,general_prose
kentrans_3561_swh,swh_Latn,rag_Latn,Kwa maana hapendi kuwaletea mateso au huzuni watoto wa wanadamu.,"33 Kigira si a VA vikanga mu kivi, Kinga kuvereridza avana VA vandu nomwoyo gwobuyanzi.",general_prose
kentrans_1119_swh,swh_Latn,rag_Latn,"Nimeona vitu safi, Zaidi kushinda vyote, njoni nyote tusadiki","NdoIi vindu vyobugasu Vyavitanga vya nda lola Hambi, m’lole vindu zana",general_prose
kentrans_52_swh,swh_Latn,rag_Latn,kilembekeza chako kikazaa_kilembwe kilembekezwa,Kesoni Chicho chivula kizienzie.,general_prose
kentrans_1472_swh,swh_Latn,rag_Latn,Nyoka wa tumboni ni mbaya Zaidi.,Enzoka yumunda eueeye indamanu.,general_prose
kentrans_431_swh,swh_Latn,rag_Latn,Somo la wazee linalojulikana siku hizi kama gumbaru lilivuma hapo zamani.,Lisoma lya valanganga madiku gano ngumbaru inyinga zana yeyo yirwo lwa lyali ne tsingulu,general_prose
kentrans_2728_swh,swh_Latn,rag_Latn,Aina nyingine ya maharagwe ilipikwa hivyo bila kuondoa ganda lake.,Majira vakovola ku magodo.,general_prose
kentrans_1769_swh,swh_Latn,rag_Latn,Kutolewa huku ilikuwa kama ishara ya kumruhusu aliyejifungua kutoka kwa nyumba na kutembea nje kama watu wengine,Litulitsa lyali ligali kuhaana munwa uwivula atule mu nyumba agende ichova kuli avandu vandi.,general_prose
kentrans_3414_swh,swh_Latn,rag_Latn,"Wanawali wake wamehuzunishwa sana, naye mwenyewe yuko katika maumivu.","Avakana vagima veve va verereridzeywi, na mwene a veye mulitsunwa.",general_prose
kentrans_1128_swh,swh_Latn,rag_Latn,"Twakushukuru wewe, Mungu Mtakatifu","Ku santidzanga lve, Nyasaye wobukumi:",general_prose
kentrans_555_swh,swh_Latn,rag_Latn,"Kumcheka mtu mzee, bibi au mtu mgonjwa au aliye na kovu.","8. Koseka musakulu, mukeere naho mundu walwala naho we li gonzo.",general_prose
kentrans_145_swh,swh_Latn,rag_Latn,"Mtoto akiwa tumboni mwa mama yake ,alikuwa akisumbua mle tumboni mwa mama yake sana","Umwana naveye muinda ya mama weve, vanyanganitsanga muinda ya mama wewe ligali.",general_prose
kentrans_1878_swh,swh_Latn,rag_Latn,Mtoto huyu anayeitwa huwa anaenda kwa Kegoli?,Mwana ulwalanga uyu atsitsanga ku we Kegoli?,general_prose
kentrans_3427_swh,swh_Latn,rag_Latn,"Adui ametia mikono juu ya hazina zake zote,",10 Mudamdidzi u nyiye mukono gigwe ku vindu vivye vyosi vyokuyanzidza.,general_prose
kentrans_197_swh,swh_Latn,rag_Latn,KUPAKWA DAWA,KUVIDA,general_prose
kentrans_1729_swh,swh_Latn,rag_Latn,Tena ni yule mwindaji makini anayeweza kupenya msituni na kuchunguza mapito yake ndiye awezaye mumuua kinywere.,Kandi mundu unyala kwinywereritsa mmbulimu nokuhenzeritsa mwakivitira yie unyala kukiita.,general_prose
kentrans_821_swh,swh_Latn,rag_Latn,Kusafisha vyote visivyo laini.,Kwogidzwa vyosi vitali vilungi.,general_prose
kentrans_3022_swh,swh_Latn,rag_Latn,Anafagia hii yako,Yeyaa iyoyo yiyi,general_prose
kentrans_3035_swh,swh_Latn,rag_Latn,Wanaona baadhi ya sehemu za dunia.,Vaalola vivala virala,general_prose
kentrans_773_swh,swh_Latn,rag_Latn,Yesu anipendaye ndiye aliyekufa,Yesu u nyanza niye yafwa,general_prose
kentrans_415_swh,swh_Latn,rag_Latn,Katika karne ya ishirini kati ya 1920 na 1930 wamishonari pamoja na serikali ilihitaji watoto wasome lakini ilikuwa vigumu kuwapata watoto ambao wangesoma.,"Mu mihiga ja sirini, kovole hagati ha 1920 na 1930 lwa vamission na serikali venya avana vasome vwali vudinyu konyola avana vanyala kutsia kusoma",general_prose
kentrans_1484_swh,swh_Latn,rag_Latn,1 Kidevu,Kederu,general_prose
kentrans_948_swh,swh_Latn,rag_Latn,Nami nina ukweli,"Na inze ndi noburhugi pei,",general_prose
kentrans_2436_swh,swh_Latn,rag_Latn,Shukuru Mungu kwa kila kitu,Usandize Yahova ku vindu vyosi,general_prose
kentrans_3550_swh,swh_Latn,rag_Latn,"Kwa sababu ya upendo mkuu wa Bwana, hatuangamii, kwa kuwa huruma zake hazikomi kamwe.","22 Ga veye KU tsimbavasi tsya Yahova tsi kiranga Ni KU vula kuheridzwa, kigira tsimbavasi tsitsye si tsi gehanga mba.",general_prose
kentrans_2771_swh,swh_Latn,rag_Latn,Lala toto lala.,Ndoolo!mbombera umwana,general_prose
luhya_multi_140_multi_swh,swh_Latn,rag_Latn,(Ninajua kwamba mumefuga ng'ombe.,(manyile ndi muli ne chikhaafu),Conversational
kentrans_1863_swh,swh_Latn,rag_Latn,Msichana alipoona kuwa wakati wa kuwekwa alama mwilini umewadia alikuwa akichukua wimbi kwenye kijikapu na kumpelekea anayefanya kazi hiyo.,Mukana lwa yadukanga ma alola gadukana asaatwe tsisaate yavugulanga otolo mu kakunge ahirira musaati kuli ifisi.,general_prose
kentrans_3326_swh,swh_Latn,rag_Latn,15 Na wakuu wa Isakari walikuwa pamoja na vikuu kuchukuwa watu,"15 Avanene va iskari va li halala na tsinene tsya li bugura avandu,",general_prose
kentrans_3285_swh,swh_Latn,rag_Latn,Na yeye alibadilika akakosa kuenda naye mmi sitaenda.Aliingia kwake kwa hema.Akafagia ndani .Naye akasema ukweli mimi ntaendapamoja nawe,"Naye ya girunkana ni vula kutsia ninze, inze si ndatsia mba.yingira ahehe mu lihema,naye ya mu, naye ya mu.",general_prose
kentrans_3581_swh,swh_Latn,rag_Latn,Walijaribu kukomesha maisha yangu ndani ya shimo na kunitupia mawe,"53 VA twulizi livamwoyo lyange mu inyumba ya hasi ligali, va teye ligina ku inze.",general_prose
kentrans_3627_swh,swh_Latn,rag_Latn,Katika kungoja kwetu tumengojea taifa lisiloweza kutuokoa.,Mu lilindirira lyetu kulindiranga ihiri I ta nyala kuhonya.,general_prose
kentrans_3246_swh,swh_Latn,rag_Latn,"Ikiangalia juu wakati wa giza, utajikwaa mguu.",Niwumika yigulu mukisundi uliiduya kerenge.,general_prose
kentrans_2967_swh,swh_Latn,rag_Latn,Yule Abaabu anaona tanki.,Abaabu ula alolaa libiiba.,general_prose
kentrans_1100_swh,swh_Latn,rag_Latn,Yesu Kristo tTupate kuokolewa,"U Mwana wowo, va ta kudza mba,",general_prose
kentrans_3092_swh,swh_Latn,rag_Latn,Mama anapika maduma vugila maganda.,Mama adekaa makaaya,general_prose
kentrans_271_swh,swh_Latn,rag_Latn,Tena nyota juu angani inaweza kujiua yenyewe na ianguke chini jinsi ilivyo kwa mtoto aliyetoka tumboni mwa aliyejiua.,Kandi Eng’erengani yo kwigulu inyala kwiyita iyene igwa hasi kuli umwana utuli mu umundu wiyiti.,general_prose
kentrans_140_swh,swh_Latn,rag_Latn,kwa hiyo nimerudi huku muangalia mtakapo nituma tena,Ku nzilani yinu mulole uwamunduma kandi.,general_prose
kentrans_2095_swh,swh_Latn,rag_Latn,Tumekuwa maadui na Mungu,Kumali kuva vasigu va Nyasaye.,general_prose
luhya_multi_113_multi_swh,swh_Latn,rag_Latn,"Mtu akiwa na mke ambaye amemuoa hivi karibuni, kisha wewe upatikane kuwa unaenda vita ama unafanya kazi wewe ni muovu.","""Omundu ne ali no mukhasi omwea, mala ewe onyoolekhe khuuba khocha mwiie, namwe akhole kimilimo oli omumayaanu.",Conversational
kentrans_701_swh,swh_Latn,rag_Latn,Malazi yake mbinguni,Bugono bwibwe mwigulu,general_prose
kentrans_3000_swh,swh_Latn,rag_Latn,Uliiba,Wiva,general_prose
kentrans_3616_swh,swh_Latn,rag_Latn,Wafalme wa dunia hawakusadiki wala wote wakaao duniani.,12 Avami velirova si va suuvira Kinga vosi ava menyanga mu lirova.,general_prose
kentrans_2869_swh,swh_Latn,rag_Latn,Ukiwa kama Andimi unadhani nini kuhusu hii maoni yah ii kamati mpya?,Miyinzi je kamiti mbia nayive noveye Andimi iligina ovoola ndi,general_prose
kentrans_292_swh,swh_Latn,rag_Latn,Milima ina sababu kuu kabisa kwa watu wa dunia hiyo.,Ivigulu viveye ne kivuni ekenene ligali kuvandu vekivala yikyo.,general_prose
kentrans_1291_swh,swh_Latn,rag_Latn,"Kucha nyama zao,","Voosi ni vikaye,",general_prose
kentrans_1809_swh,swh_Latn,rag_Latn,Wavulana walikuwa na umri wa miaka 16 hadi 25 walipokuwa wakipashwa tohara.,Mu mihiga jene yigi avayai valange kutula ku mihiga 16 kuduka mihiga 25.,general_prose
kentrans_623_swh,swh_Latn,rag_Latn,Na damu yake,Naa masahi gege.,general_prose
kentrans_230_swh,swh_Latn,rag_Latn,"JUA, MWEZI, NYOTA","LIUVA, MWELI, TSING’ERENG’ANI",general_prose
kentrans_2681_swh,swh_Latn,rag_Latn,Ni mimi Lledi,Haa ninze Lledi.,general_prose
kentrans_1459_swh,swh_Latn,rag_Latn,Wadudu hawa huwinda nzige.,Amang'ong'oi yaga gahimanga madeede.,general_prose
kentrans_1200_swh,swh_Latn,rag_Latn,Kuosha dhambi zote,Ku twulidza bwosi,general_prose
kentrans_411_swh,swh_Latn,rag_Latn,EWE MWANAUME WEWE NI MWANGAZA WA NCHI KAMA VILE JUA NAWE MWANAMKE KWA USAIDIZI WAKO MWANAUME KAMA MBALAMWEZI,YIIVI MUNDU MUSATSA OVE VULAVU VWELILOVA KULI ILIUVA NA IVE MUNDU MKALI UDINYE KOVOKONYI VUVWO KU MUNDU MUSATSA KULI UMWELI.,general_prose
kentrans_204_swh,swh_Latn,rag_Latn,Akipita vizuri walikuwa wakimpa kopo la kutekelezea kazi ya kupaka dawa na pia kutangaza kuwa LEO HUYU NDIYE ANAYEFAA KUTIBU.,Naviti vulahi mavamuha ikisanda kyukuvida makandi valanditsa ndi UYU NIYE KALUNU ADUKANA AVIDI.,general_prose
kentrans_3471_swh,swh_Latn,rag_Latn,"Naye amemteketeza Yakobo kama moto uwakao, Ulao pande zote.","U sambi yakobo kuli muliru hi dedimanga , u gu sambanga tsimbenga tsyosi.",general_prose
kentrans_3320_swh,swh_Latn,rag_Latn,Pa watu wako; Bwana Mungu wa Israeli,"Ha vandu vovo; Yahova, Nyasaye wa Israeli",general_prose
kentrans_626_swh,swh_Latn,rag_Latn,Rehema zilikuwa nyingi,Tsimbabasi tya li tsinyingi,general_prose
kentrans_135_swh,swh_Latn,rag_Latn,"Yule mtoto vilevile afuanane sura , tabia na mienendo kama ya yule mtu aliyempa jina hilo","Kandi mwana mwene uyu yenya avuguli kuligondo, ne miima, ne vindu vyo mundu wamulanga ilieta yili.",general_prose
kentrans_53_swh,swh_Latn,rag_Latn,Na kilembwe kilembekezwa chako kikazaa kilembwe kilembwe kilembekezwa,Na kizienzzie chicho chivula kifudula moni.,general_prose
kentrans_507_swh,swh_Latn,rag_Latn,Siku ifuatayo ilikuwa ya kunyoa nywele.,Lidiku lialondangaku liali liokutulitsa amasu.,general_prose
kentrans_1259_swh,swh_Latn,rag_Latn,"Mungu wa kweli, wala si kiumbe",Mu he bukumi. a veeye Nyasaye.,general_prose
kentrans_968_swh,swh_Latn,rag_Latn,Zlikuwa dhambi zangu,Gwa li bwoni bwange.,general_prose
kentrans_2324_swh,swh_Latn,rag_Latn,Tutaishi pamoja naye,"Ku la hindira yaho naye,",general_prose
kentrans_545_swh,swh_Latn,rag_Latn,Nyingine ilikuwa kufundisha.,Ni jindi jaliho kwigitsa.,general_prose
kentrans_3571_swh,swh_Latn,rag_Latn,Umejifunika mwenyewe kwa hasira na kutufuatilia; umetuchinja bila huruma.,"43 U kuniki nobutima bubwo nokulonderera, wiiti, si u veye netsimbavasi.",general_prose
kentrans_602_swh,swh_Latn,rag_Latn,Amekuja kuponya,Ya kudza kuhonnya.,general_prose
kentrans_2916_swh,swh_Latn,rag_Latn,Alitengeneza ulimb o wake vizuri akaweka kwenye mkebe,Yalomba vulimbo vwiruvwe vulahi rarike mumukobo,general_prose
kentrans_1684_swh,swh_Latn,rag_Latn,Daudi aliwapata wakijipanga kukabiliana na adui wao.,Daudi yavanyoola nivasetaa avasigu vaavo,general_prose
kentrans_872_swh,swh_Latn,rag_Latn,Ni nani aliyeshinda kifo?,Wina ya guuta likudza lyosi?,general_prose
kentrans_2988_swh,swh_Latn,rag_Latn,Baadhi yao wanasema sinia.,Avalala valola luderu.,general_prose
kentrans_3631_swh,swh_Latn,rag_Latn,Walitufuatia milimani na walituotea jangwani.,Vakukunga ku vigulu na va ku goneka mwigendanyama.,general_prose
kentrans_1237_swh,swh_Latn,rag_Latn,"Juu mbinguni, wote wanafurahia","Igulu mu ubwerefu, Voosi va yanzanga,",general_prose
kentrans_629_swh,swh_Latn,rag_Latn,Walimvisha Yesu!,Va mu vika Yesu!,general_prose
kentrans_906_swh,swh_Latn,rag_Latn,Ili nisiteseke:,Inze ni nta diva mba:,general_prose
kentrans_2149_swh,swh_Latn,rag_Latn,Ila baadhi yetu tumemuasi,Navuza valala vamali kwebala kuye.,general_prose
kentrans_1758_swh,swh_Latn,rag_Latn,Sikwamba anaumwa na meno bali ni mtoto anataka njia ya kutokea kutoka tumboni alimokuwa akiishi miezi zote tisa,Si gaali alumangwa na mino dave navutswa umwana yenyanga inzira yatulira munda mwayamenyanga imyeri josi tisa.,general_prose
kentrans_716_swh,swh_Latn,rag_Latn,Ukiitwa leo,Iye u langwa nunu,general_prose
kentrans_77_swh,swh_Latn,rag_Latn,Mtu katili ni Yule aliye na ubishi,MunduMlumidi uyu no mundu wa makano gege,general_prose
kentrans_2008_swh,swh_Latn,rag_Latn,Nimemaliza yangu duniani,Inze maliye gange mulilova x2,general_prose
kentrans_212_swh,swh_Latn,rag_Latn,ANAYEBARIKI,MUSAALISI,general_prose
kentrans_18_swh,swh_Latn,rag_Latn,Wa Gwenge,A gwegwe,general_prose
kentrans_3261_swh,swh_Latn,rag_Latn,"Keshoe asubuhi na mapema, mototo akaamuka mwenye njaa naye akaenda zake mwituni kutafuta chukula.","Lwa vwacha mugamba mavwevwe, umwana yavuka ne inzala natsia kwenya vyokulia mumulitu.",general_prose
kentrans_2326_swh,swh_Latn,rag_Latn,Hakuna hata mmoja ataisha,"Mundu si a la ka kunguhe,",general_prose
kentrans_2651_swh,swh_Latn,rag_Latn,Nitakutingiza.,Mangusanguse,general_prose
kentrans_3461_swh,swh_Latn,rag_Latn,Huo uovu wao wote na uje mbele zako wewe.,22 Ubudamano bwavo bwosi budze imbiri wowo.,general_prose
kentrans_3472_swh,swh_Latn,rag_Latn,"Ameupinda upinde wake kama adui, Amesimama na mkono wake wa kuume kama mtesi.","4 U nyiye ubuta bwibwe kuli musigu, u singiye nomukono gwigwe mulungi kuli Mudamdidzi.",general_prose
kentrans_618_swh,swh_Latn,rag_Latn,Kuingia mbinguni,Kwingira mwigulu.,general_prose
kentrans_403_swh,swh_Latn,rag_Latn,”UMEAMBULIA UJAUZITO WA KYUMU”vilevile mbalamwezi huwa na damu yake na ni”MVUA” MVUA huchoma mbalamwezi na kusafisha mwezi na kufanya mwezi kunenepa,"""UHELIDZI INDA YE KYUMU” Kandi umweli goveye na masahi gagwo gagutsitsa mu nago ni “IMBULA” IMBULA etsoma umweli kandi ilavitsa umweli kandi ekomelitsa umweli.",general_prose
kentrans_1283_swh,swh_Latn,rag_Latn,"Kuharibu dhambi, kuharibu dhambi","Voosi va msuuvira, Voosi va msiluvira",general_prose
kentrans_3301_swh,swh_Latn,rag_Latn,"24 Basi hivyo Mungu akamshinda Baraka, inuka maana siku hii Yabin Bwana wa Kanani mbele ya Mungu umueke Sisera kwa mkono watoto wa Israeli ili sik hiyo Mungu hakuenda mbele","23 kunangwa Nyasaye ya guuta Baraka, Vuka ;kigira ku lidiku yili Jabin mwami wa Kanani imbiri wa Yahova u viki Sisera mmukono avana va Israeli ku lidiku yilyo, gugwo;Yahova si ya tsia imbiri |24 Na mukono gwavana va Israeli",general_prose
kentrans_2332_swh,swh_Latn,rag_Latn,Upendo wa Bwana Yesu,"Ubuyanzi bwo Mwami Yesu,",general_prose
kentrans_1635_swh,swh_Latn,rag_Latn,"Alipohisi anaungua, aliteremka chini haaraka na kukimbia mtoni.",Lwayaahulira naahitsanga yiika hasi vwangu naanyagula mukivanda.,general_prose
kentrans_2779_swh,swh_Latn,rag_Latn,Mtoto apewe viazi vilivyochomwa,"Libwoni sambe,kohe mwana",general_prose
kentrans_2969_swh,swh_Latn,rag_Latn,Libaabu anaona baba,Libaabu alola baba,general_prose
kentrans_2597_swh,swh_Latn,rag_Latn,Nina mzungu wangu anavalia koti nyeusi na tai nyeupe Tai,Mbeye no musungu wange yayivikalikoti limwamu ne itayi indavu - Lijikolo,general_prose
kentrans_1016_swh,swh_Latn,rag_Latn,Msalabani alitufia,Ku musalaba gwa ya kukudzira,general_prose
kentrans_1551_swh,swh_Latn,rag_Latn,Jini alikuwa mnene kwelikweli,Gwali ugukomeru muno.,general_prose
kentrans_359_swh,swh_Latn,rag_Latn,watu walio endesha ndege walikanywa dhidi ya kupita katikati ya milima ya VOLKANO,Avandu vahila tsindege vagaywa Endege kuvitila kuvigulu hagati ekeveye ku na VOLCANO.,general_prose
kentrans_193_swh,swh_Latn,rag_Latn,"Wajue mila za kina msichana, maanake mila zikiwepo mbaya pia watoto wakizaliwa miongoni mwao wabaya huleta uharibifu.","vamanye imiima janga umukana, kase miima nijiveeye yo imivi kandi avana i vulwa mu valala vavi ma ilieta lyoneka.",general_prose
kentrans_2633_swh,swh_Latn,rag_Latn,Vitu vyote vinapatikana ulimwenguni.,Vindu vyosi vidiiranga ku lirova,general_prose
kentrans_2344_swh,swh_Latn,rag_Latn,Nyakati ya Bwana Yesu,"Etsinyinga tsyo Mwami Yesu,",general_prose
kentrans_969_swh,swh_Latn,rag_Latn,Nakuamini,Nda suuvira ive,general_prose
kentrans_3071_swh,swh_Latn,rag_Latn,Waambie wakife hapo.,Vavoolere vahere yahoo.,general_prose
kentrans_1212_swh,swh_Latn,rag_Latn,Mataifa yatafika,Vetsihiri va la duuka,general_prose
kentrans_184_swh,swh_Latn,rag_Latn,Ngwegwe mtoto wa Avayanza,Ngegwe? Ngegwe Avayanza,general_prose
kentrans_1917_swh,swh_Latn,rag_Latn,Hii ilikuwa ni amri kuu ambayo mtu hangeepuka.,Gali amalago amanene go mundu yali avule kusiira ku dave.,general_prose
kentrans_31_swh,swh_Latn,rag_Latn,Wa Nyambura,A nyambura,general_prose
kentrans_1927_swh,swh_Latn,rag_Latn,Wazee wenye nguvu wangemshika kijana ajulikanaye kutotii sharia na kumpiga viboko vikali na angetoka hapo akijua kuwa hapaswi kufanya vitu anavyokatazwa.,Vasakulu ve tsingulu vagimiranga musoleri umanyikani si a huliranga malago vamunyweka tsisaala tsinditu atula ho na manya si gadukana akole ivindu vyagayangwa na vandu va muviti.,general_prose
kentrans_2909_swh,swh_Latn,rag_Latn,EVELIA NA KIDEGE CHAKE,EVELIA NA KANYONYI KEKE,general_prose
kentrans_3243_swh,swh_Latn,rag_Latn,Waweza ukaona nini gizani?,Unyala kololaki mukisundi?,general_prose
kentrans_316_swh,swh_Latn,rag_Latn,Kwa nini maji yalipotea kwa mito yetu?,vyitu amatsi gagota muvyo kigira ki?,general_prose
kentrans_2903_swh,swh_Latn,rag_Latn,Kuku alimdanganya mwewe kwamba bado hajamaliza kuwanyoa wanawe wote.,Engoko yagada liive ikikiri kovegera avaana vosi.,general_prose
kentrans_1103_swh,swh_Latn,rag_Latn,NJOO MUNGU MKUU,UDZE MWAMI MUNENE,general_prose
kentrans_878_swh,swh_Latn,rag_Latn,ALIYETULIPIA,MTUNGIRI,general_prose
kentrans_1498_swh,swh_Latn,rag_Latn,Si vizuri kuwacheka wenzako kwa sababu na wao pia watakucheka.,Nuvulahi uvuli kuseka vandi gase navo valakuseka.,general_prose
kentrans_2704_swh,swh_Latn,rag_Latn,Moi alikuwa akileta.,Moi yaleta.,general_prose
kentrans_2743_swh,swh_Latn,rag_Latn,Mtoto wa kiume huzaliwa.,Mundu yivula mwana muyayi.,general_prose
kentrans_1558_swh,swh_Latn,rag_Latn,Anamsadidia mamake kupanda mbegu shambani.,Akoonyanga mama kutaaga vugutsa mumulimi.,general_prose
kentrans_1773_swh,swh_Latn,rag_Latn,Wageni kutoka kwa kina msichana ni watu walioleta zawadi kwa mtoto,Avaluuti kutula wanga mukaana na vandu valetaanga vihanwa ku mwana.,general_prose
kentrans_704_swh,swh_Latn,rag_Latn,Aliongoza waziwazi,Ya meha mbulavu,general_prose
kentrans_464_swh,swh_Latn,rag_Latn,KUCHOMWA KWA WAFU,LISAMBA LIA VAKUZU,general_prose
kentrans_1095_swh,swh_Latn,rag_Latn,Watutaka sisi wote eh Mungu,"Nyasaye; wenya voosi va wa lomba,",general_prose
kentrans_1855_swh,swh_Latn,rag_Latn,Wavulana walianza kujenga wenyewe vijumba hivi.,Vayai vamnya ni vatangalyombaka avene tsidisi.,general_prose
kentrans_3454_swh,swh_Latn,rag_Latn,Makuhani wangu na wazee wangu walifia katika nchi walipokuwa wakitafuta vyakula ili warejelee mwanzo wao upya.,"Vasalisi vange na vakulundu vange va kudzera mu lidala, kwa va li Ni venyanga vyokulia VA Duke kwirannya mtoto gwavo ubuhya.",general_prose
kentrans_995_swh,swh_Latn,rag_Latn,"Mtazame Yesu wa Kalvari,","Hena ku Yesu ha Kalvary,",general_prose
kentrans_2847_swh,swh_Latn,rag_Latn,Hukuza matamshi wakati wa kuzungumza kwa wanafunzi,2.Kuvilukitsa lulimi ne limoloma lia vaana,general_prose
kentrans_875_swh,swh_Latn,rag_Latn,"Ni Yesu,Ni Yesu.","Ni Yesu, Ni Yesu.’",general_prose
kentrans_3619_swh,swh_Latn,rag_Latn,Walioimwaga damu ya wenye haki katikati yao.,Va tahidza masahi ga valungi hagati hehe.,general_prose
luhya_multi_43_multi_swh,swh_Latn,rag_Latn,Wanaoanguka ni wanaoishi kwa nchi yenu watapata uwezo kila mara.,“Baakwa bali bamenyile mu sibala sienywe balanyoola bunyali buli lwosi.,Conversational
kentrans_1092_swh,swh_Latn,rag_Latn,Watumulika kwa macho yako,Tsimoni tsitsyo tsi molidza mba;,general_prose
kentrans_34_swh,swh_Latn,rag_Latn,Watoto wangu walikuwa wakisiaga mawele kwa Ndeda,Avana vange vasyezanga ambere ga ndeda,general_prose
kentrans_167_swh,swh_Latn,rag_Latn,"Kwa maana tuliiona nyota yake mashariki, nasi tumekuja kumsujudia","Kigira kwa lola ingerengani yeye ivugwe,kuzi kumsigamira",general_prose
kentrans_1526_swh,swh_Latn,rag_Latn,Moyo unapiga ukizungusha damu,Mwoyo gukubagaa masahi nigagenda.,general_prose
kentrans_848_swh,swh_Latn,rag_Latn,Tunashangaa kwa sababu,Ku genya kigira,general_prose
kentrans_1139_swh,swh_Latn,rag_Latn,Utokao mbinguni,Lutwulanga mwigulu;,general_prose
kentrans_1604_swh,swh_Latn,rag_Latn,Anakamuna alimwambia Anakanani waagane na wakifika nyumbani kwao kila mmoja wao amle mamake.,Anakamuna kavoolera Anakanani vaavukane nanivaduuki yengo waavo syamulala alie mama weeve.,general_prose
kentrans_1652_swh,swh_Latn,rag_Latn,"Naye alilia sana ,lakini alikuwa na imani aliyeiba alikuwa mmoja wa wale vijana ambao walikuwepo wakati wa kupalilia","Naye yaalira muno, navutswa yaali nerisuuvira uwiiva yaali mulala kuvayayi vaaliho mulisiivula.",general_prose
kentrans_3140_swh,swh_Latn,rag_Latn,Makasi na saa ziko mezani,Amakasi neisa viveeye kumesa,general_prose
kentrans_2575_swh,swh_Latn,rag_Latn,Nyanya anachomeka makalio -Sufuria/nyungu,Guku ahiza madako - Kifuria/Inyingu,general_prose
kentrans_2858_swh,swh_Latn,rag_Latn,Wazee waliingia na kuulizana swali hilo.,Avakulundu valala vingiiyi niliteva lia,general_prose
kentrans_3585_swh,swh_Latn,rag_Latn,"Ulikuja karibu nilipokuita, nawe ukasema, “Usiogope.","57 Wesunda ku inze ku lidiku Lya nda kwanira, na wa mbolera, u ta Tia mba.",general_prose
kentrans_1223_swh,swh_Latn,rag_Latn,Zetu saala twaleta,Lisaala lyetu kuleta,general_prose
kentrans_2381_swh,swh_Latn,rag_Latn,Upate tena kuishi,Ulanyola liva mwoyo.,general_prose
luhya_multi_91_multi_swh,swh_Latn,rag_Latn,"Na Mungu mweza vyote,Mungu wenu alikuwa ameniambia eti,:waambie eti msiende nao kwa miaka kumi na katika nhi yao.Mungu mweza vyote akapeana mji waAri kwa uzao wake. alipeana mji wa Ari kutokana na maombi yake.","""Ne Wele Omunyali Owa Bioosi , Wele wenywe abele ne amboolela ali, 'Baboolele oli mukhacha nanywe khulwe kimiiko kamakhumi mwebwaakala namwe mwapana tawe kane kino. Se mwatambilekho sisiindu sikila ese sendi ne nanywe tawe. Basiku siosi siosi tawe. benywe balamubunia enywe.' 43 Nono ese 8“Khwako khwachiililila ne lukee namuboolela enywe ne se mwarekeere- ndo khwabira busa khu balebe befwe sia tawe. Ne kakhali, mwalekelesia lilaka be lisaaye lia Esau ba baamenya Edomu lia Wele Omunyali Owa Bioosi. Mwaba ne khwayukha khwalekha kumuyila lilielola mala mwacha mu sibala sie biku- kukwama Elati ne Esioni-geberi mala lu. 44 Nio Baamori ba bamenyanga mu khwalola lubeka lwe mu sichiimi sia sibala sie bikulu esio barura khukhupa- Moabu. 'Wele Omunyali Owa Bioosi na ne nanywe. Bamutimania oli enjukhi amboolela ali, 'Mukhanania babaandu ne mutimania mala banuula khukhwa- ba Moabu, namwe mwapana ne nabo ma Edomu khukhwola e Horima, 45 Ne tawe kabe kario sikila ese se ndamuele enywe mwakobola mala mwalilila siakho enywe kamaloba kabwe kosi kosi. Omunyali Owa Bioosi Naelesia lukoba lwa Ari khu lisaaye lyewe",Conversational
kentrans_2722_swh,swh_Latn,rag_Latn,Tunakula ugali kwa mboga.,Kulagira vuchima ne tsingutsa,general_prose
kentrans_1673_swh,swh_Latn,rag_Latn,Aniiogoke alikuwa msichana mweupe na msafi mno,Aniigoke yaali mukaana mulavu numunifu muno.,general_prose
kentrans_1338_swh,swh_Latn,rag_Latn,"Waje nao washuhudie, pamoja na malaika","Vadze ku ka lola, tsingelosi vadza,",general_prose
kentrans_1253_swh,swh_Latn,rag_Latn,Njoni Bethlehemu upesi!,Kigira Yesu yivulwa mu Bethelehem;,general_prose
kentrans_1059_swh,swh_Latn,rag_Latn,"Jinsi Yakobo alivyoota enzi za kale,","Khuli Yakobo ya lola tsinyinga tsia khale,",general_prose
kentrans_195_swh,swh_Latn,rag_Latn,Wamaragoli walikuwa na maneno ya KUTIBU/KUBARIKI NA KUTOA KAFARA katika mila zao.,Avalogooli valange namang'ana ne kindu KUVIDA/KUSALISA/NO KUSWAKILA mumiima javo.,general_prose
kentrans_1708_swh,swh_Latn,rag_Latn,Daudi alimwangalia na akamwelezea jinsi alivyokuwa akichunga kondoo kisha akatokea Simba.,Daudi yaamuhenza namwivaalira kuli yaali naaveeye nemitugu niyayaa maniylita king'ang'a.,general_prose
kentrans_1447_swh,swh_Latn,rag_Latn,Ling’ong’oi nyota iko juu.,Ling'ongoi Eng'ereng'ani eveeye igulu.,general_prose
kentrans_290_swh,swh_Latn,rag_Latn,"MILIMA, MISITU, MITO, ZIWA NA MVUA","VIGULU, MILITU, MIGERA, INYANZA NE IMBULA",general_prose
kentrans_3052_swh,swh_Latn,rag_Latn,Huyu alinyonya nyonyo.,Uyu yanuuna inuuniru,general_prose
kentrans_3217_swh,swh_Latn,rag_Latn,Nyororo,Munyolo,general_prose
luhya_multi_64_multi_swh,swh_Latn,rag_Latn,Babu wengi wa rika zetu huongea kabla hawajafikiria chanzo cha jambo.,"“Kuuka, orio muno okhukhuchetsihia. Ababuukha abanji abolubaka lwefwe baboolanga nibashiili okhupaara eshufune shielikhuwa.",Conversational
kentrans_3412_swh,swh_Latn,rag_Latn,Waliokuwa wakimtesa na kumfuata wamemfikia akiwa katika dhiki.,Ava mu dambidza vosi vamunyolera ha lumbatania.,general_prose
kentrans_2707_swh,swh_Latn,rag_Latn,Moi alikuwa akileta maziwa.,Moi yaleta mavere.,general_prose
kentrans_2635_swh,swh_Latn,rag_Latn,Nyasi pia humea ulimwenguni.,Kali vulimu vomera ku lirova.,general_prose
kentrans_433_swh,swh_Latn,rag_Latn,Walimu walikuwa wakilipwa pesa kidogo lakini walijitolea kufunza.,Avegitsi vatungangwa kindu kidididi muno kandi vali avihani ku gasi.,general_prose
kentrans_3473_swh,swh_Latn,rag_Latn,Naye amewaua hao wote Waliopendeza macho.,Na wiiti vosi Ava loleka kuva avokuyanzidza imoni.,general_prose
kentrans_3523_swh,swh_Latn,rag_Latn,Kijana na mzee hulala chini Katika njia kuu.,21 Muyayi nomusakulu va gonna hasi mu mahasi.,general_prose
luhya_multi_94_multi_swh,swh_Latn,rag_Latn,"Ikiwa ulimkopesha mwenzako kitu,usiende kwa nyumba ukachukua kitu cha kushikilia deni lake.","“Ne wikopia owasio sisiindu, okhacha munju mwewe wabukula sisiindu sie khuambilila likobi liewe.",Conversational
luhya_multi_58_multi_swh,swh_Latn,rag_Latn,kumbuka funzo kuwa unachokifanya hakifi”,“itsulila oluechelo mbu omwikholelela shikufubanga tawe”,Conversational
kentrans_1384_swh,swh_Latn,rag_Latn,Huishi Rohoni Mwangu,"Mu mwoyo gwange a menyanga,",general_prose
kentrans_3017_swh,swh_Latn,rag_Latn,(Ng’ombe) anakula nyasi/nyazi,Yayaa,general_prose
kentrans_3103_swh,swh_Latn,rag_Latn,Nzige wanawatoroka watoto,Amadeede giirukaa avaana,general_prose
kentrans_2756_swh,swh_Latn,rag_Latn,Alikuwa amenipa kuku.,Ne engoko siyakamba vustwa,general_prose
kentrans_1372_swh,swh_Latn,rag_Latn,Akawaza yote haya moyoni mwake.,Na a ga ganagana mu mwoyo gwigwe.,general_prose
kentrans_921_swh,swh_Latn,rag_Latn,"Ni Yesu mponyaji wako Aliyekufia,","Nii Yesu Mkhonyi wowo Nda khukhudzera ive,",general_prose
kentrans_280_swh,swh_Latn,rag_Latn,Mwezi hupotea na kasha kurejea.,Umweli gutsitsa ku makandi gwilana.,general_prose
kentrans_1047_swh,swh_Latn,rag_Latn,Na uwezo wake!,No wunyali we!,general_prose
kentrans_3108_swh,swh_Latn,rag_Latn,Walipika debe nyingi,Vadeka madede na madeede,general_prose
kentrans_2022_swh,swh_Latn,rag_Latn,Tuishi kwa amani ndani ya Yesu Kristo.,Komenye ne mirembe mu Yesu Kristo,general_prose
kentrans_3679_swh,swh_Latn,rag_Latn,Alikwenda kutafuta chakula msituni lakini hakupata mnyama yeyote wa kuua.,Yatsia kwenya chokulia mumulitu navutswa siyanyola inyama yosi yo kwita dave.,general_prose
kentrans_1163_swh,swh_Latn,rag_Latn,Nguvu zake zatambulika,Gyi li netsingulu tsye.,general_prose
kentrans_1835_swh,swh_Latn,rag_Latn,Msichana akifika wa kufanya kazi za shambani walikuwa wakishirikiana na wengine na kwenda shambani mchana kutwa.,Mukana naduka okola miyinzi jo mulimi valombanga vufwuva na vandi vatsia kahonga mu mulimi.,general_prose
kentrans_1860_swh,swh_Latn,rag_Latn,Wavulana walipashwa tohara kuonyesha ujasiri wao wanapoanza kuwa watu wanaoweza kujilinda.,Avayai vakevangwa kumanyia vuluviriri vwayo Iwa vatanganga kuva avandu vanyala kwelinda.,general_prose
kentrans_2690_swh,swh_Latn,rag_Latn,Haa aha!,Haa aha!,general_prose
kentrans_1639_swh,swh_Latn,rag_Latn,(Kusemezana),(Livoolerana),general_prose
kentrans_950_swh,swh_Latn,rag_Latn,"Furaha yake ni kubwa,","Buyanzi bwebwe bu virha ndina,",general_prose
kentrans_3651_swh,swh_Latn,rag_Latn,Na hakuna mtu wa kutuponya mikononi mwao.,Na si ha veye nomundu wokukuhonnya ku makono gavo.,general_prose
kentrans_1011_swh,swh_Latn,rag_Latn,MSALABANI ALIFIA,KU MUSALABA YA KUKUDZIRA,general_prose
kentrans_1820_swh,swh_Latn,rag_Latn,Wasichana wenye tabia nzuri waliteuliwa kuwapa waliotahiriwa chakula.,Avakana vagoosi avatali avahenzahenzi vatovolangwa vava yivo avanyala kuhila chokulia.,general_prose
kentrans_1463_swh,swh_Latn,rag_Latn,Nyoka,Enzoka,general_prose
kentrans_1868_swh,swh_Latn,rag_Latn,Alikuwa ameweka mawe yaliyoviringwa na ngozi nzuri aliyotumia kugongea hap ohayo mawe.,Yali yavika amagina amekuyungu ne kesero kilahi cha yakubiranga ku amagina zana yaga,general_prose
kentrans_81_swh,swh_Latn,rag_Latn,Mtoto anayekuja na bibi uliyemuoa ni yule aliyezaliwa nje ya ndoa na pia alizaliwa kwa nyumba,Mgenda na nyia uyu no mwana wo mkali oleti na yivulwa munyumba mwana uyu kandi,general_prose
kentrans_767_swh,swh_Latn,rag_Latn,Watoto wadogo wake,Avana vadidi avave,general_prose
kentrans_568_swh,swh_Latn,rag_Latn,19. Kuchukua moto kwa majirani iwapo umefiwa.,19. Kutsia kwanzala muliru mu vatende niva ukuziywi.,general_prose
kentrans_94_swh,swh_Latn,rag_Latn,"Kati ya watu wawili awe mwanaume au mwanamke,akiaga anayesalia ni mjane",Mukunzakali kuvandu vavili yava musatsa anaho mukali mulala kuvo na kuzi utigaala uyu niye mukunzakali,general_prose
kentrans_1025_swh,swh_Latn,rag_Latn,Atatimiza.,Ala li duukidza.,general_prose
kentrans_3001_swh,swh_Latn,rag_Latn,Kwao,Wavo,general_prose
kentrans_1811_swh,swh_Latn,rag_Latn,Waluhya walitahiri wakifuata mila tofauti tofauti.,Avaluhya vakevanga ne miima lugano lugano.,general_prose
kentrans_1772_swh,swh_Latn,rag_Latn,Kutoonekana hadharani kwa karibu juma moja ilikuwa na maana kuwa amalize uchafu wa uzazi kwanza.,Kutula mu tsimoni tsya vandu ku lwa madiku himbi lisitsa gavolanga atange kutula mu vuchafu vwe livula.,general_prose
kentrans_2103_swh,swh_Latn,rag_Latn,Naye atatujaza baraka,Naye alameda amadanyi.,general_prose
kentrans_836_swh,swh_Latn,rag_Latn,"Kuna malaika anatayarisha, makao yenu mbinguni:","Se Ii nengelosi yelilisia, bulili bwene mwigulu:",general_prose
kentrans_3298_swh,swh_Latn,rag_Latn,Makabila kufika kwa mito ya vikulio vyake,"Tsihiri, kuduka ku mugera gwa tsinyanyiru tsitsye",general_prose
kentrans_1645_swh,swh_Latn,rag_Latn,KUNASA WEZI.,KUGUMIRA AVIIVI,general_prose
kentrans_1345_swh,swh_Latn,rag_Latn,Tumsifu Yesu Kristo atuleteaye furaha,Kwenya kwidzominya Yesu wa ku letera buyanzi,general_prose
kentrans_3500_swh,swh_Latn,rag_Latn,"Nikusawazishe na nini, nipate kukufariji, Ee bikira binti Sayuni?","Nda lenganywa na kindu ki ive, nduke kukuleminya mwoyo, o mukana mugima was zioni?",general_prose
kentrans_1807_swh,swh_Latn,rag_Latn,Walihesabiwa marika kulingana na jinsi walivyotahiriwa.,Avandu vavalikiranga mu makula ge vikevo.,general_prose
kentrans_299_swh,swh_Latn,rag_Latn,Milima hii? Na walitaka nini?,Vigulu yivi? Nayenya ndi?,general_prose
kentrans_681_swh,swh_Latn,rag_Latn,Yesu mlipaji,Yesu Mutungiri.,general_prose
kentrans_1650_swh,swh_Latn,rag_Latn,"Akishatoweka, mmoja wa wale waliomuaga akaja usiku akamuibia pesa kwa mfuko kabla mzee huyo hajarudi","Naamali kutulaho, mundu undi kuvayayi vaamusiivulaa yatsa vudiku nyiiva tsisiringi mumusiigo, musakulu uyo naakikiri kwirana.",general_prose
kentrans_3222_swh,swh_Latn,rag_Latn,Nyama,Inyama,general_prose
kentrans_1425_swh,swh_Latn,rag_Latn,Tunda zuri limepotea.,Litunda lirahi liigoti.,general_prose
kentrans_829_swh,swh_Latn,rag_Latn,"Sikiliza hadithi, walipokuwa wakiteseka","Hulira lugano lwefwe, Iwa Va Iwa haari va diva",general_prose
kentrans_1891_swh,swh_Latn,rag_Latn,Baadhi,Valala,general_prose
kentrans_1109_swh,swh_Latn,rag_Latn,"zako habari njema, ulete utukufu kwa wote",Kandi mang’ana go: Leta butakatifu ku voosi.,general_prose
kentrans_258_swh,swh_Latn,rag_Latn,Tena nyota wa angani wako na WAJUKUU VITUKUU.,Kandi Tsing'erengani tsio kwigulu tsiveye na VISUKULU ne VISUKULWI.,general_prose
kentrans_300_swh,swh_Latn,rag_Latn,Angalia kwenye picha uone vile mlima Kilimanjaro nikiwa nimeketi juu yake ujue unavyofanana na vile aitwaye Professor Wangari Maathai kazi anayofanya Tanzania.,Henza mu tsipicha yitsi ulole kuli Mt. Kilimanjaro ninzikaye ku kigulu kyene yiki ikya Kilimanjaro umanye sie ifana mainze kandi ulalola ulangwa Professor Wangari Maathai ku igasi yakolanga Tanzania.,general_prose
kentrans_2958_swh,swh_Latn,rag_Latn,Ise,Baba,general_prose
kentrans_3527_swh,swh_Latn,rag_Latn,Wala hapana hata mmoja aliyepona wala kusalia Katika siku ya hasira ya Bwana.,"Si ha veye Kali mulala wa hona, Kinga wa tigala mu lidiku lyobutima bwa Yahova.",general_prose
kentrans_2500_swh,swh_Latn,rag_Latn,Mwanangu ana miguu lakini hawezi tembea -Meza,Mwana wange aveye ne virengevine na sianyala kogenda mba - Emesa,general_prose
kentrans_825_swh,swh_Latn,rag_Latn,Atanichukua,A la vugula inze,general_prose
kentrans_2523_swh,swh_Latn,rag_Latn,Nlienda kwa shangazi akaniekea visiki kwa meko -Viazi vitamu,Ndasia wa senge nandeera visiki mu Mahiga -Amabwoni,general_prose
kentrans_239_swh,swh_Latn,rag_Latn,Simama kama Jua kwa sababu jua hutoka kila siku kuanzia saa kumi na mbili asubuhi hadi saa kumi na mbili jioni.,Singila kuli Liuva kigira liuva litula vutswa vulidiku kutula saa kumi na mbili tsio mugamba maliduka saa kumi na mbili ha mugolova.,general_prose
kentrans_296_swh,swh_Latn,rag_Latn,Milimani ili kujumuika kwao kusikike.,Kuvigulu misango javo ku jihulika.,general_prose
kentrans_3657_swh,swh_Latn,rag_Latn,Na mabikira katika mji wa Yuda.,Avakana vagima mu madala ga Yuda.,general_prose
kentrans_539_swh,swh_Latn,rag_Latn,"Alipowasili mwuaji, mzee alikutana naye bustani mwake kwa haraka na kumutakasa","Lwa wita mundu yatsanga, musakulu yamwaganira vwangu nu vwanga mumugitsi namuviida.",general_prose
kentrans_416_swh,swh_Latn,rag_Latn,Kazi ya watoto ilikuwa kuchunga mifugo na kulea.Hakuna yule angekubali kuleta mwanawe aje akae tu kwa kuwa anasoma ilhali hajachunga wala kulea,Miyinzi ja vana jalange kwaya no kolera si yalange ho mundu wali alete mwana avule kwaya naho kolera áhonge ni yikaye ndi vu asomanga dave,general_prose
kentrans_1045_swh,swh_Latn,rag_Latn,Nafurahia nilipoingia:,Sangalanga lu nengira mo:,general_prose
kentrans_175_swh,swh_Latn,rag_Latn,"Unaposoma kitabu hiki utaona jinsi Herman Asava alivyoulizia kuzaliwa kwake,ukoo wake,wazazi wake,tabia zake,majukumu yake mke wake, watoto wake,masomo yake na vitu vingine vingi","Ulwausoma kitabu yiki ulalora kuli musatsa mmoloomi,Herman Asava kuli yeteveelidza mulivulwa lilie,ihiili yeye, avivuliveve,mima jije,miyinzi jije,mukali weve,avana veve,amasomo gege na vindu vindi vinyingi.",general_prose
kentrans_322_swh,swh_Latn,rag_Latn,Jambo la pili ni kuwa chura wa mtoni au wa shambani akilia haiafu mtu ahisi kiu na kunywa maji mengi basi mvua itanyesha.,"Kindu chakavili ni LIKERE liomukivanda naho ilio mumulimi nililila, kandi umundu mulala amanya kuhulila uvuluhu nuunwa amatsi naho nugamulila kuvunyingi umanye imbula ilakuba.",general_prose
kentrans_444_swh,swh_Latn,rag_Latn,Kuketi kwenye kaburi nakukulia hapo na kuanika vyakula,36. Kwikala ku kilindwa nu kulilaku nu kuvagala ku viukulia.,general_prose
kentrans_3487_swh,swh_Latn,rag_Latn,Malango yake yamezama katika nchi; Ameyaharibu makomeo yake na kuyavunja.,9 Viribwa vivye vya sikira hasi ya dividza nokuvunanya miluguyu gyavyo.,general_prose
kentrans_2797_swh,swh_Latn,rag_Latn,Miti haikuwa yangu.,Na tsisaala sitsiaali tsiange,general_prose
kentrans_1967_swh,swh_Latn,rag_Latn,Yenyewe,vwene.,general_prose
kentrans_1285_swh,swh_Latn,rag_Latn,"Atawala na neema, kwao mataifa",Leta ku Yesu bukumi! Vakristayo voosi:,general_prose
kentrans_1804_swh,swh_Latn,rag_Latn,Kupashwa tohara,Likevwa,general_prose
kentrans_103_swh,swh_Latn,rag_Latn,Mbingu.,iligulu(inguba).,general_prose
kentrans_3576_swh,swh_Latn,rag_Latn,"Vijito vya machozi vinatiririka kutoka machoni mwangu, kwa sababu watu wangu wameangamizwa.","48 Imoni yange yidoolanga migera gya madzi, kigira ubwoneku bwomukana wavandu vange.",general_prose
kentrans_240_swh,swh_Latn,rag_Latn,Huwa halijifichi mawinguni.,Lievisa ku mumalesi mba.,general_prose
kentrans_730_swh,swh_Latn,rag_Latn,"Msaidizi yu karibu,","Mukon a li himbi nunu,",general_prose
kentrans_458_swh,swh_Latn,rag_Latn,TAMBIKO LA KUFIKA KWA KINA MKE ALIYEAGA,LIHIRA CHIRIRI CHO MUKALI WAVO,general_prose
kentrans_2531_swh,swh_Latn,rag_Latn,Mwanamke mjamzito -Ngoma,Mukali wi inda - Indumba,general_prose
kentrans_805_swh,swh_Latn,rag_Latn,"Mungu,","Nyasaye,",general_prose
kentrans_3468_swh,swh_Latn,rag_Latn,Amezibomoa hata ameunajisi ufalme wa wakuu wake.,"U tsi tsomi kuduka Hadi, u Viki Ubudamano ku bwami nokuvanene vabwo.",general_prose
kentrans_3206_swh,swh_Latn,rag_Latn,……… iko kwa kondoo,Indohi iveeye kuligondi.,general_prose
kentrans_502_swh,swh_Latn,rag_Latn,MAKUMBUSHO,LOVEGO,general_prose
kentrans_45_swh,swh_Latn,rag_Latn,Utanipeleka.,Nombiri,general_prose
kentrans_462_swh,swh_Latn,rag_Latn,Akianza shughuli hizo mke huyo hafai kuwapo.,Lwaasimula mukali uyu avuli kuva naaveeyeho.,general_prose
kentrans_2499_swh,swh_Latn,rag_Latn,Waovu wanaipenda -Giza,Avikifwavi vakiyanza - Kisundi,general_prose
kentrans_3004_swh,swh_Latn,rag_Latn,Kwa nani? / Wa nani?,wavu,general_prose
kentrans_2941_swh,swh_Latn,rag_Latn,Bwana mwenyewe alionekana kuwa Ni zimwi,Musatsa mvu vamanya naloleka ng”ani yali linani.,general_prose
kentrans_1012_swh,swh_Latn,rag_Latn,Sitaaibika katika Bwana,Si mbeye soni ku Mwami,general_prose
kentrans_479_swh,swh_Latn,rag_Latn,Kazi yake ilikuwa kutengeneza mahali pa kuchomea.,Miyinzi jije jalange kolomba hukusambila.,general_prose
kentrans_1941_swh,swh_Latn,rag_Latn,Walikuwa wakiyaita ‘amadia’,Vagalanganga amadia.,general_prose
kentrans_394_swh,swh_Latn,rag_Latn,"Langa na jua vikishatua kofia ya bati la nyun=mba hawakufanya miiko,ilisemekana jioni ukifanya tambiko haitakuwa sawa kwa kuwa jua huwa limetua na kubakia wanawake","langa na LIUVA liavita kesegese kye nyumba sivalomba ku muluka mba, vavolandi isaa ya mugolova nolomba umuluka gugasa mba kigira LIUVA livetsa ligolovi litigali yi avandu vakali.",general_prose
kentrans_59_swh,swh_Latn,rag_Latn,Binamu ni mtoto wa shangazi yako _huyu ni mtoto wa dada wenye.(,Musiara uyu ni mwana wa senge wovo Mwifa uyu ni mwana wo mkana winyu. ( Mama mamako),general_prose
kentrans_528_swh,swh_Latn,rag_Latn,Tokea hapo ilisemekana wamekunywa na kula pamoja katika ushirika wa kukomesha hasira na uadui.,Kutula lwene yilwo vavoolerwa kulia nukunwa halala nukusanga mu vindu viosi no koleka vutima.,general_prose
kentrans_3622_swh,swh_Latn,rag_Latn,Ondokeni msiguse uchafu.,"15 Mweyahule mu tsie Ni ndiyo va kupa lwanga, budamano Mweyahule mu ta dira mba.",general_prose
kentrans_1162_swh,swh_Latn,rag_Latn,Kazi zake tupende,Khu yanze miyinzi gye,general_prose
kentrans_955_swh,swh_Latn,rag_Latn,"Inayoweza kuosha dhambi,","Ga nyala khwogidza bwoni,",general_prose
kentrans_2830_swh,swh_Latn,rag_Latn,Niende niende niende kupanda,Nzie nzie nzie nzie kumitsa.,general_prose
kentrans_1654_swh,swh_Latn,rag_Latn,kasha wote wakaja akawaeleza jinsi alivyokuwa mbalimmoja wao alichukua pesa usiku,"Mavosi vaaduuka, nayavavoolera kuli yaali naaveye ihale mamulala kuvo naavugula tsisiringi vudiku.",general_prose
kentrans_972_swh,swh_Latn,rag_Latn,Nisamehewe.,Nda samefwa bwangu.,general_prose
kentrans_2914_swh,swh_Latn,rag_Latn,Evelia alirudi nyumbani na kufikiria cha kufanya,Evelia yirana yengo naganaga chanyala kukola,general_prose
kentrans_3416_swh,swh_Latn,rag_Latn,Watoto wake wadogo wamapelekwa mbele ya huyo mtesi wake.,Avana vadoto veve va hileywi mulyadikidzwa imbiri womudambidzi.,general_prose
kentrans_3484_swh,swh_Latn,rag_Latn,Bwana amekusudia kuuharibu Ukuta wa binti Sayuni.,8 Yahova u saaviye kwononnya lidigi lyomukana wa Zioni.,general_prose
kentrans_743_swh,swh_Latn,rag_Latn,Jina lake tu;,Lyeta lilye lyeng’ine;,general_prose
kentrans_2905_swh,swh_Latn,rag_Latn,Akaenda kumla.,Nelitsia kulia.,general_prose
kentrans_668_swh,swh_Latn,rag_Latn,Alifia watu wote,Ya kudzera vandu vosi,general_prose
kentrans_3611_swh,swh_Latn,rag_Latn,"Maana hao husinyaa, wakichomwa kwa kukosa matunda ya mashamba.",Kigira va niaye va tumitwa hagati kigira lidaka Lya makuyu gemilimi.,general_prose
kentrans_2364_swh,swh_Latn,rag_Latn,Mimi ndimi Mungu wenu,Inze mbeye Nyasaye wenyu.,general_prose
kentrans_512_swh,swh_Latn,rag_Latn,Ndio sasa wakubwa wanyolewe.,kunangwa avandu vahindira vavegwa.,general_prose
kentrans_1514_swh,swh_Latn,rag_Latn,Wembe,Lugembe,general_prose
kentrans_189_swh,swh_Latn,rag_Latn,Mmbo mtoto wa Kavili,A-Mmbo? -Mmbo Kavil,general_prose
kentrans_2839_swh,swh_Latn,rag_Latn,Watoto waunde vitu kutokana nay ale wamesoma kwa kutumia udongo au picha,Avana valonge madohi noho valombe tsipicha tsie vindu vya veganga.,general_prose
kentrans_3270_swh,swh_Latn,rag_Latn,"Hakika Ndigu, eti unalia","Ndiegu vavaa, ukariranga guu,",general_prose
kentrans_1397_swh,swh_Latn,rag_Latn,"Waimba sikizeni, Malaika mbinguni","Va Ii ho mu Bethlehemu avayi va linda Kyayo,",general_prose
kentrans_2388_swh,swh_Latn,rag_Latn,Upate Baraka zake,Ulanyola ligasizwa,general_prose
kentrans_1412_swh,swh_Latn,rag_Latn,"Kaa nasi, Mwokozi, vita hatuviwezi","Livamwoyo nobulavu a letera vumkivala,",general_prose
kentrans_412_swh,swh_Latn,rag_Latn,Baraka zako zipo kama utasimama kidate kama JUA NA MBALAMWEZI,Amadanyi gogo gaveye ho niva uladinya kuli LIUVA NO MWELI.,general_prose
kentrans_241_swh,swh_Latn,rag_Latn,MWEZI,UMWELI:,general_prose
kentrans_2011_swh,swh_Latn,rag_Latn,UNILINDE KUTOKANA NA MAOVU,NINDA MMAGELITSU,general_prose
kentrans_964_swh,swh_Latn,rag_Latn,Vipaji vya wengine.,Vihaanwa vyavandi.,general_prose
kentrans_908_swh,swh_Latn,rag_Latn,Sisi watenda dhambi waovu,Kwinye voni vadamano,general_prose
kentrans_1476_swh,swh_Latn,rag_Latn,Nyuki hurusha ndovu mshale.,Inzuki irasi enzogu.,general_prose
kentrans_833_swh,swh_Latn,rag_Latn,Alitenda nini? Alitufia.,Ga khola si? Ga khufwila.,general_prose
kentrans_3569_swh,swh_Latn,rag_Latn,Tuinue mioyo yetu pamoja na mikono yetu kwa Mungu mbinguni.,41 Gendi ku gingire Nyasaye u veye igulu mwoyo gyetu halala na makono getu.,general_prose
kentrans_2325_swh,swh_Latn,rag_Latn,Milele na milele,Mu mihiga ne mihiga.,general_prose
kentrans_2412_swh,swh_Latn,rag_Latn,Hata pale hatutujui,Lwa ive mwene utamanya,general_prose
kentrans_894_swh,swh_Latn,rag_Latn,Na tumepona leo.,Na ku honi nunu.,general_prose
kentrans_153_swh,swh_Latn,rag_Latn,"kama mtoto alikimbia mama ujue mtoto huyo atakuwa mtoto wa hasira ,mzembe tena hatawai elewana na watu wengine, mtu anayeonekana kuwa muovu","Niiva mwana yanyagula ligan mama umanye umwana uyu alakave umwana wo vutima, umutingu, um ugata kandi ulivula kuhulitsana na vandu vandi, omundu wo kwikala umulumindi.",general_prose
kentrans_1320_swh,swh_Latn,rag_Latn,Wachunga waliona malaika,Lwe tsingelosi va twula mwigulu.,general_prose
kentrans_1241_swh,swh_Latn,rag_Latn,"Malaika washika dhamu, wote washangilia","Tsingelosi va lindanga, Voosi va yanzanga",general_prose
kentrans_1101_swh,swh_Latn,rag_Latn,Kila amwaminie apate kuokolewa,A la va konya va mu suuvira;,general_prose
kentrans_1736_swh,swh_Latn,rag_Latn,Watu wengi kabla ya kuwa marafiki na ndege.,Avandu vanyingi vakiri kuva avalina vamanyonyi.,general_prose
kentrans_257_swh,swh_Latn,rag_Latn,Hawa nyota wa angani hufa kama vile watoto waliozaliwa na mwanamke hufa.,Tsing’ereng’ani tsiene tsio kwigulu yitsi tsikutsa ku kuli avana vo mundu mukali vakutsa.,general_prose
kentrans_1598_swh,swh_Latn,rag_Latn,ANAKAMUNA NA ANAKANANI (1),ANAKAMUNA NA ANAKANANI (1),general_prose
kentrans_2888_swh,swh_Latn,rag_Latn,KUKU NA MWEWE,ENGOKO NE LIIVE,general_prose
kentrans_2555_swh,swh_Latn,rag_Latn,Nina jinni kwa nyumba yangu linakunywa maji kila mara -Taa,Mbeye ne kigingi mu inyumba yange kinwetsa matsi gange Katsotso - Itaya,general_prose
kentrans_496_swh,swh_Latn,rag_Latn,Sasa alitangamana na watu wengine.,Kalunu yazugana na vandi vandu.,general_prose
kentrans_2579_swh,swh_Latn,rag_Latn,Teka teka msichana wa Andeso -Chura,"Teka teka, mukaana wa Andeso - Likere",general_prose
kentrans_1636_swh,swh_Latn,rag_Latn,Akajitumbukiza majini ila maji nayo ikakamuka gafla.,Yiyina mmatsi nago nigakama kamu.,general_prose
kentrans_2462_swh,swh_Latn,rag_Latn,Wasichana wataono werevu,Avakana vatano avageri,general_prose
kentrans_1271_swh,swh_Latn,rag_Latn,Twafurahia kumsifu Yesu.,Kwinye kuyanza kwidzominya Yesu.,general_prose
kentrans_2020_swh,swh_Latn,rag_Latn,Yesu atarudi duniani,Muhonyi Yesu yaza mulilova,general_prose
kentrans_3441_swh,swh_Latn,rag_Latn,Bwana amewafanya mashujaa wangu si kitu kati yangu.,15. Yahova u tungaminyi avaluviriri vange vosi hagati hange.,general_prose
kentrans_179_swh,swh_Latn,rag_Latn,"Yamesababisha nijue maneno, desturi na koo za wamaragoli",Gagila ndamanya amangana ne miima ne tsihili tsia valoogoli,general_prose
kentrans_1906_swh,swh_Latn,rag_Latn,"Kwendelea mbele, walianza kuwa wabunifu kwa kutengeneza kifaa cha kusaga mahindi kisiagi kwa mkebe uliotobolewa kwa misumari.",Kutsitsagilira vamanya ni vatanga kolomba tsitundu no musumali mu kekobo che libati ma vakirihitsa ku liduma kolomba uvusie.,general_prose
luhya_multi_3_multi_swh,swh_Latn,rag_Latn,TFaini ya shilingi elfu moja x2,. Ifaini ya shilingi elfu ndala x2,Conversational
kentrans_2208_swh,swh_Latn,rag_Latn,Twahuzunika ametuwacha,Koveye novoveleli okoleki,general_prose
kentrans_2044_swh,swh_Latn,rag_Latn,Msalabani Yesu Alisulubiwa,"Kumsalaba Yesu yavambwa,",general_prose
kentrans_3231_swh,swh_Latn,rag_Latn,Ngege ana nyama nzuri,Engege iveeye nenyama indahi.,general_prose
kentrans_1073_swh,swh_Latn,rag_Latn,"Ewe Utatu, tunakusifu","U gasidzeywi, Mutakuifu.",general_prose
kentrans_1693_swh,swh_Latn,rag_Latn,Samweli alikuwa amemchagua danieli,Samweli yali niyavaka daudi maguta,general_prose
kentrans_1898_swh,swh_Latn,rag_Latn,"Mahindi ilipomea, ikafika wakati ya kula ilipewa jina mpya “Embego”.","Lwa maduma yaga gamera, ni gaduka ku lilia gamanya ni ganyola lyeta lihya “Embego"".",general_prose
kentrans_940_swh,swh_Latn,rag_Latn,Nionapo msalaba,Lwa inze ndola umusalaba,general_prose
kentrans_1477_swh,swh_Latn,rag_Latn,Inzali(aina ya mdudu) hutaga mayai mengi.,Inzali iteraa mavuyu manyingi.,general_prose
kentrans_480_swh,swh_Latn,rag_Latn,Na palikuwa karibu na mto mbali na nyumbani.,Nakwo kwalange kuluvanda ihale na hango.,general_prose
kentrans_15_swh,swh_Latn,rag_Latn,Tonde mtoto wa Mang'ure,Tonde mang'ure,general_prose
kentrans_3305_swh,swh_Latn,rag_Latn,Kkwa sababu wakuu walitangulia katika Israeli hapo wakaeneza ujumbe kwa sababu watu wako wapeane wenyewe matendo mazuri nay a kupendeza,"2 Kigira avanene avimiri mi Israeli, Ha zaa va la landidza amakuva",general_prose
kentrans_174_swh,swh_Latn,rag_Latn,Unaposoma kitabu hiki utaona jinsi walivyozaana,Ulwausoma kitabu yiki ulalora kuli wa vivulana,general_prose
kentrans_810_swh,swh_Latn,rag_Latn,"Amebeba dhambi zangu,","U gingi bwoni bwange,",general_prose
kentrans_332_swh,swh_Latn,rag_Latn,"Tena akizikwa, huzikwa kabla saa sita kuisha.","Kandi natevwa, atevwe saa sita nitavita.",general_prose
kentrans_1065_swh,swh_Latn,rag_Latn,"Ukitaka kumwona Yesu mbinguni,","Wenyanga khulolana na Yesu mwigulu,",general_prose
kentrans_2155_swh,swh_Latn,rag_Latn,Hawa wazidi kumuasi Bwana,"Yava vamedangaa kwibara kumwami,",general_prose
luhya_multi_114_multi_swh,swh_Latn,rag_Latn,mtu yeyote anayekubali hongo kuwa yawe hivyo.,"""Omundu yesi yesi ofukiilila asoya bali ""Kabe kario.",Conversational
kentrans_1137_swh,swh_Latn,rag_Latn,NIKO NA FURAHA MOYONI,MWOYO GWANGE GUVEYE NO BUYANZI,general_prose
kentrans_2035_swh,swh_Latn,rag_Latn,Dhambi za kila mtu,Uvwoni vwa vandu vosi,general_prose
kentrans_388_swh,swh_Latn,rag_Latn,Ni yule mtu aliye kubalika na jamii kuongoza matambiko ndiye alitao kafara na kwenda milimani kwa ajili ya kuomba Mungu ili akubali kafara ya. (soma Zaburi 15: 1),U mundu uwali niyavugililwa ne HIILI kusingilila miluka niye uwafana UVWALI nokutsia MUKIGULU kusaala ma Nyasaye ayanza.(Soma Zaburi 15: 1),general_prose
kentrans_2599_swh,swh_Latn,rag_Latn,Nyumbani ni mbali -Mbinguni,Yengo ni ihale - Nwigulu,general_prose
kentrans_439_swh,swh_Latn,rag_Latn,Kulala kwenye malazi ya wazazi wako ukiwa mtu mzima,31. Kogona muvogono vwa vivuli vovo noveeye mundu uduuki.,general_prose
kentrans_1443_swh,swh_Latn,rag_Latn,"Ukiwa mukimbiaji hodari, utatangulia kufika.",Nuveeye munyaguli mulahi ulanguha kuduuka.,general_prose
kentrans_3213_swh,swh_Latn,rag_Latn,"Je, kuna uwezekani kwamba linyolonyolo ni dawa?",Linyolonyolo likaveeye lunyaasi kuvandu nabos,general_prose
kentrans_1563_swh,swh_Latn,rag_Latn,Kazi ya mtoto ni kuwasaidia wazazi wake nyumbani,Miyinzi jomwana nukukoonya avivuli hango,general_prose
kentrans_1449_swh,swh_Latn,rag_Latn,Nyota humsaidia mtu kuona gizani,Eng'ereng'ani ekonyanga mundu kulola mukisundi.,general_prose
kentrans_325_swh,swh_Latn,rag_Latn,Lidudu(ndege) na chura na mito huugua pia,Lidudu ne likeere vilwala kandi imigera giosi.,general_prose
kentrans_970_swh,swh_Latn,rag_Latn,Vile nimekiri,"Lwa mmali khweyama,",general_prose
kentrans_2007_swh,swh_Latn,rag_Latn,Hata marafiki wangu wakilia,Kali valina vange nivalila,general_prose
kentrans_2718_swh,swh_Latn,rag_Latn,Kiberiti cha wamaragoli kutoka kale.,Kibiriti cha mulogoli kutula kale.,general_prose
kentrans_64_swh,swh_Latn,rag_Latn,"Mkwe ni aliyezaa mkwerima wako ama mvulana, aliyezaa hao wanaitana kivyere","Vaasangi uyu wivula navitsara wowo naho muyai, avivuli vene yava valang'ana vasangi.",general_prose
kentrans_267_swh,swh_Latn,rag_Latn,Hiyo ni nyota ya Mungu iliyo tumboni mwa mwanamke.,Yeyo neng'ereng'ani ya Nyasaye eveye munda yo mundu mukali.,general_prose
kentrans_2319_swh,swh_Latn,rag_Latn,Yeyote atembeaye kwa makini,Kuvosi Ogendanga novogeli,general_prose
kentrans_2329_swh,swh_Latn,rag_Latn,Tuangaze katika nuru ya Bwana,Kung'ereng'ana mbulavu.,general_prose
kentrans_158_swh,swh_Latn,rag_Latn,"Kwa msemo wa Kiswahili unasema hivi: ""MTOTO UMLEAVYO NDIVYO AKUAVYO”",Mulivola lyo luswahili luvola ndi :,general_prose
kentrans_451_swh,swh_Latn,rag_Latn,Mwanamke kung’ oa nyasi maalum za kuezeka nyumba,43.Mukali kwihila evembe.,general_prose
kentrans_62_swh,swh_Latn,rag_Latn,Mlipa mahari ni mtu aliyewapa mahari kwa sababu ameoa msichana wenu,Umukwe uyu ni umundu wamuheetsanga uvukwi kigila ni yaaleta mukaana winyu.,general_prose
kentrans_2738_swh,swh_Latn,rag_Latn,Amugovolio :sijui kusiaga.,Amugovolio:mamyi kusia mba.,general_prose
kentrans_2493_swh,swh_Latn,rag_Latn,Tutende yaliyo mema.,Kove valolekizi veve,general_prose
kentrans_255_swh,swh_Latn,rag_Latn,Nyota hutoka kwa mwezi,Tsing'ereng'ani tsitulamu mweli.,general_prose
kentrans_2622_swh,swh_Latn,rag_Latn,Nyimbo ambazo ziliimbiwa watoto wadogo zilikuwa za kuwafurahisha na kuwapa mafunzo.,Tsingano(tsinyimbu)tsialange tsio kuyanzitsa avana vakekeke nende kuhana amigitsu kuvo.,general_prose
kentrans_3048_swh,swh_Latn,rag_Latn,Ona ananyonya,Lola anuunaa,general_prose
kentrans_2662_swh,swh_Latn,rag_Latn,Alinichotea maji chafu ikabidi nimwage.,Yandahira vusinu. Ndatsia nisundula.,general_prose
kentrans_440_swh,swh_Latn,rag_Latn,Mwanaume kula kwa maziwa kule alikotoa mke,32. Musatsa kuliira maveere wayatulitsa mukali.,general_prose
kentrans_125_swh,swh_Latn,rag_Latn,Asiwe mtu apendae vitu vya bure.,Atava umundu uyanza ivyavutswa.,general_prose
kentrans_1249_swh,swh_Latn,rag_Latn,"Ondoa zambi zetu, uingie, uzaliwe ndani yetu","Twulidza bwoni, wingire, Wivulwe mu kwinye:",general_prose
kentrans_1408_swh,swh_Latn,rag_Latn,"Jua la haki, ndiye, Atumulikiaye","Ku mu lola lwa ya duuka, yivulwa na fwana kwinye",general_prose
kentrans_264_swh,swh_Latn,rag_Latn,Nataka uamini nisomapo kutoka kwenye kitabu cha Matayo 2:2-7.,Nyenya usuvili nasoma mukitabu cha Matayo 2:2-7.,general_prose
kentrans_1749_swh,swh_Latn,rag_Latn,Unafahamu ngano ngapi za teleka?,Umanyi tsing'ano tsianga tsietsislimindwa?,general_prose
kentrans_1118_swh,swh_Latn,rag_Latn,Atakuja kunyakua watakatifu wa Mungu Atakuja kuwalaki wateule wa Mungu,A la kadze kuvugula Vatakatifu va Nyasaye A Ia kadze kuvahila Vatovole va Nyasaye,general_prose
kentrans_1848_swh,swh_Latn,rag_Latn,Chumba cha malazi cha wavulana kilikuwa katika nyumba ya baba au mama.,Chavogono cha vana vayai chalange mu nyumba yo mukeere naho musakulu.,general_prose
kentrans_2538_swh,swh_Latn,rag_Latn,Mwizi anachungulia dirishani -Kamasi,Mwivi ahenzerera mwidirisha – Mamira,general_prose
kentrans_3106_swh,swh_Latn,rag_Latn,Maragoli ameacha mkuki.,Mulogooli yaaleka litimu,general_prose
kentrans_487_swh,swh_Latn,rag_Latn,"""Rafiki yangu amepotea""","“Mulina wange ogoti”,",general_prose
kentrans_1709_swh,swh_Latn,rag_Latn,Na mnyama mwingine wa mwituni pia alikuja na Mungu akampa nguvu akamshinda mnyama huyo.,Kandi yindi nyama yommbulimu yatsa na Nyasaye yamuha tsingulu naaguuta.,general_prose
kentrans_703_swh,swh_Latn,rag_Latn,Mfalme wa wafalme mkubwa,Mwami wavami Munene,general_prose
kentrans_2554_swh,swh_Latn,rag_Latn,Mama nataka kwenda wooi ! -Kitanda,Mama nyenyanga kusia gooi! - Kidali,general_prose
kentrans_89_swh,swh_Latn,rag_Latn,Mwanaume anayezini au kulala na mwanaume mwingine anakuwa mtu ambaye hakubaliki katika jamii,"Uluswa umundu musatsa ugoni no mutugu anaho no musatsa undi, gavola ndi ugwi uluswa,naatuli muhili yeye atsie ihale",general_prose
kentrans_1122_swh,swh_Latn,rag_Latn,"Sote twaitwa kwake, Tuje karibu naye Tupopokee utakaso",Nunu a langanga mwinye Mucdze himbi ha a veeye Ala mu ha ubugasu.,general_prose
kentrans_3244_swh,swh_Latn,rag_Latn,Ni nini hutusaidia kuona gizani?,Nikinduki kikukoonyaa kulola mukisundi?,general_prose
kentrans_1275_swh,swh_Latn,rag_Latn,"Wote tumshangilie, wote tumshangilie","Vandu voosi vimbe, vandu voosi vimbe,",general_prose
kentrans_3082_swh,swh_Latn,rag_Latn,Ona kale katoto kao,Lola akaana kaavo kala,general_prose
kentrans_2760_swh,swh_Latn,rag_Latn,MALENGE YA ANZEEZE,MAONDO GA ANZEEZE,general_prose
kentrans_1882_swh,swh_Latn,rag_Latn,Pengine alidhani pengine kuku huyo ndiye aliyekuwa akimwona nyumbani.,Haundi yalola engoko yene yila niyo yalulanga hango.,general_prose
kentrans_904_swh,swh_Latn,rag_Latn,Walimshinda na kumcheka,"Va mu lega ni va museka,",general_prose
kentrans_3558_swh,swh_Latn,rag_Latn,"Na atoe shavu lake kwa yule ampigaye, na ajazwe na aibu.","30 A Haane ku uyu u mu kuyanga lusaya lwilwe, yizule amanyego.",general_prose
kentrans_3266_swh,swh_Latn,rag_Latn,“Kwa nini sasa unataka mototo akugawie chakula chake?”,"“Kigiraki kalunu wenyanga umwana akuheku chokulia chiche?""",general_prose
kentrans_3460_swh,swh_Latn,rag_Latn,"Utaileta siku ile uliyoitangaza, Nao watakuwa kama mimi.","Ive u leta lidiku Lya was landidza makuva galyo, navo VA la leng'ana ninze.",general_prose
kentrans_3434_swh,swh_Latn,rag_Latn,Ambayo Bwana amenihuzunisha kwa hayo siku ya hasira yake iwakayo.,Lya Yahova u vereridzeye inze kulidiku lyobutima bwibwe bululu.,general_prose
kentrans_121_swh,swh_Latn,rag_Latn,Awe mume asiyelemewa na usingizi hata kidogo asije akajaribiwa akiwa usingizini.,Ave umusatsa we Tsindolo tsitalega mba kase alagelitswa naagona tsindolo.,general_prose
kentrans_1539_swh,swh_Latn,rag_Latn,Wembe unafanya kazi gani?,Nimiyinziki jolugembe lukolaa?,general_prose
kentrans_2682_swh,swh_Latn,rag_Latn,Waluhya wenzangu ni mimi Lledi.,Valuhya vange ninze Lledi.,general_prose
kentrans_2641_swh,swh_Latn,rag_Latn,Ee! Ukoko.,Ee! Kalondo,general_prose
kentrans_3505_swh,swh_Latn,rag_Latn,Hao watu wote waliokuwa wakipita walimpigia makofi.,15 vosi Ava vitanga va mu kongondera makono.,general_prose
kentrans_2580_swh,swh_Latn,rag_Latn,Nini kile ? -Kidole,Kindiki kira? - Kedete,general_prose
kentrans_1838_swh,swh_Latn,rag_Latn,Shughuli za mtoto mvulana,Miyinzi jo mwana muyai,general_prose
kentrans_3065_swh,swh_Latn,rag_Latn,Pake pako bure.,Aheehe haveeye aheere,general_prose
kentrans_3190_swh,swh_Latn,rag_Latn,Unaona wayo hii?,Ulolaa induvatiru yiyi?,general_prose
kentrans_284_swh,swh_Latn,rag_Latn,Zamani nyota angeingia nyumbani jioni wakipika ugali na kusema.,Kale Eng. eng’ani yingila ku munyumba hamugolova vudiku nivaluga vukima ma avola,general_prose
kentrans_1115_swh,swh_Latn,rag_Latn,"Milele hata daima, utukufu wako tuuone.",Mihiga gyosidza; Ku Ia lola bukumi mwigulu.,general_prose
kentrans_275_swh,swh_Latn,rag_Latn,Akishamaliza hedhi kwa siku 3-6 huwa na fikira nyingi hata katika safari zake za mbali au kwenda kwa watu wengi hakutaka.,Namali kuva mu mweli ku madiku kutula 3-6 avetsa mu tsinganangani tsinyingi kali mutsing’endo tsitsie ihale anaho ukutsia muvandu havaveye vanyingi siyenya mba.,general_prose
luhya_multi_116_multi_swh,swh_Latn,rag_Latn,Mtu yeyote anayelala na mnyama alaaniwe.,"""Omundu yesi yesi okona ne esaang'i alaamwe.""",Conversational
kentrans_645_swh,swh_Latn,rag_Latn,Naupenda msalaba zaidi,"Nda yanza musalaba kase,",general_prose
kentrans_1270_swh,swh_Latn,rag_Latn,Twaimba nyimbo za kukuabudu,Kuleta makuva gokumukuminya.,general_prose
kentrans_110_swh,swh_Latn,rag_Latn,Atawale utawala unaofurahisha nchi na Mungu,Yamihi ilyamiha liyatsitsa ikivala na Nyasaye.,general_prose
kentrans_1172_swh,swh_Latn,rag_Latn,Naja kwako Eh Bwana,Nwami ntsitsa khu ive;,general_prose
kentrans_2689_swh,swh_Latn,rag_Latn,Haa ni mimi kichoma nguo,Haa ninze ingooyi,general_prose
kentrans_150_swh,swh_Latn,rag_Latn,Mama ya mtoto anafaa kuanzia kuzoe mienendo ya mtoto atakayemzaa wakati angali tumboni mwake.,Mama wo mwana adukana atange innan iliva lio mwana walivula nakili munda mwimwe.,general_prose
kentrans_215_swh,swh_Latn,rag_Latn,Jua likichomoza awe amemaliza shughuli hiyo.,Iliuva liturange navo nivaveye ku inzi.,general_prose
kentrans_552_swh,swh_Latn,rag_Latn,5. Kumchapa mjukuu au mkaza mwana.,5. Kukuya mwisukulu naho navizala.,general_prose
kentrans_1380_swh,swh_Latn,rag_Latn,Neema,Tsimbabasi;,general_prose
kentrans_3132_swh,swh_Latn,rag_Latn,Sarah anamuita Susana kwa ishara.,Sara asimaa Susana,general_prose
kentrans_1791_swh,swh_Latn,rag_Latn,Mtoto mara nyingi alichukua jina la baba yake na kumpa mtoto wake jina la baba yake,Mwana halikanyingi yavugulanga lyeta lya ise wa baba weve naye aligulika mwana wewe lyeta lya Ise wewe.,general_prose
kentrans_3319_swh,swh_Latn,rag_Latn,"Amaleki, yeye kufika Sinai kwenyewe kukatetemeka na Benjamini, anafuata katikati Mbele ya","Amaleki; yeye, kuduka Sinai zana kya degera Na Benjamini, a londanga hagati",general_prose
kentrans_3294_swh,swh_Latn,rag_Latn,"Na akawaambia Sisera ,Baraka amekufa","12 Na va volera Sisera,Baraka ma ya kudza.",general_prose
kentrans_369_swh,swh_Latn,rag_Latn,MTU ANATOKA WAPI,MUNDU ATULA HAYI,general_prose
kentrans_1885_swh,swh_Latn,rag_Latn,Sasa atatembea na mizizi na aende kuficha mahali na kisha aje kuzitoa.,Ndi ku alagenda ne miri nayaatse kuvisa ha vundu ma nayatse kutulitsa ho.,general_prose
kentrans_2831_swh,swh_Latn,rag_Latn,Niende niende kupanda,Nzie nzie nzie nzie kumitsa.,general_prose
kentrans_918_swh,swh_Latn,rag_Latn,Tusiwache tena:,Ku ta leka kandi mba:,general_prose
kentrans_2511_swh,swh_Latn,rag_Latn,Hakiogopi mgeni -Kichoma nguo,Kitatitsa mugeni - Ologohe,general_prose
kentrans_3608_swh,swh_Latn,rag_Latn,"Ngozi yao ni nyeusi kuliko makaa, hawajulikani katika njia kuu.","8 Ligondo lyavo li veye limwamu kuvita Amanda, si va manyekananga ku tsinzira.",general_prose
kentrans_3321_swh,swh_Latn,rag_Latn,Kutoka makiru maliwali wa.,Kutwula Makiru avamehanga va,general_prose
kentrans_1458_swh,swh_Latn,rag_Latn,Ukimulika mdudu huyu atatoroka.,Nuumulika ling'ong'oi lirabuluka.,general_prose
kentrans_2702_swh,swh_Latn,rag_Latn,Niliuza blanketi yangu kwa ajili yake.,Chagira ningulitsa mulingeti gwange.,general_prose
kentrans_2515_swh,swh_Latn,rag_Latn,Huku mwamba huku mwamba -Kaburi,"Yiyi ulwanda, yiyi ulwanda - Kirindwa",general_prose
kentrans_843_swh,swh_Latn,rag_Latn,"Za Yesu Mnazareti,","Wa Yesu Munazarene,",general_prose
kentrans_46_swh,swh_Latn,rag_Latn,Maarika au uzao wa mtu hapa duniani,Amakula anaho lwivulu lwo mundu mu lilova linu,general_prose
kentrans_3592_swh,swh_Latn,rag_Latn,"Uwalipe kile wanachostahili, Ee Bwana, kwa yale ambayo mikono yao imetenda.","64 U la ha tunga litunga, o Yahova, kuli miyinzi gya makono gavo.",general_prose
kentrans_2781_swh,swh_Latn,rag_Latn,Mlezi akikataa tupee mama,Muleri nasuye kohe mama.,general_prose
kentrans_3070_swh,swh_Latn,rag_Latn,Aliona eneo kubwa.,Yaalola lunaalo lunene,general_prose
kentrans_443_swh,swh_Latn,rag_Latn,Mke kupeleka maji kwenye chungu au kupika ugali kwa meko ya mama mukwe kama bado hajajifungua mtoto wa kiume,35. Mukali kuhila amazi muchasiongo naho kuluga uvuchima ku mahiga ga navizala weve nakikiri kwivula ho mwana muyai.,general_prose
kentrans_3194_swh,swh_Latn,rag_Latn,Tunda ni zuri.,Litunda liveeye lirahi.,general_prose
kentrans_219_swh,swh_Latn,rag_Latn,Katika chumba cha malazi kumaanisha asihusiane na mkewe kimapenzi anapoenda kutekeleza shughuli hizi.,Ivulili livola ndi avuli kutsia na kugona no mkeere wewe ulwasamula kumiyinzi yigi mba.,general_prose
kentrans_1743_swh,swh_Latn,rag_Latn,Anakula changarao na udongo,Iritsanga tsinzalo halala namalova.,general_prose
kentrans_3692_swh,swh_Latn,rag_Latn,Simba alimfuata mbio lakini hakuweza kumpata.,Isimbi yalonda ku navutswa siyakenyola mba.,general_prose
kentrans_1778_swh,swh_Latn,rag_Latn,Walikuwa wakimwangalia mtoto aliyezaliwa mwili mzima,Vahenzelitsanga mwana wivuliywi mmbiri gwosi.,general_prose
kentrans_2796_swh,swh_Latn,rag_Latn,Niliwapa miti yangu.,Ndavaha tsisaala tsiange.,general_prose
kentrans_3271_swh,swh_Latn,rag_Latn,"Tsunu, Tsunu, Tsunu, Tsunu (Tanakali)","Tsunu, Tsunu, Tsunu, Tsunu,",general_prose
kentrans_3641_swh,swh_Latn,rag_Latn,Tumekuwa yatima waliofiwa na baba.,3 Kuveye avabisandu ava ta lii na vadada.,general_prose
kentrans_333_swh,swh_Latn,rag_Latn,Kilichofuata mama mtoto huyo alifundishwa jinsi ya kuomboleza mwanawe aliyeaga.,Lilonda ku mama wewe yegitswe ILISIOMA umwana uyu nakutsi.,general_prose
kentrans_252_swh,swh_Latn,rag_Latn,"Hamna chochote hata kimoja kinachoweza fannyika bila kingingine kujua, tabia ya mwezi ni sawa na ile ya mwanamke, nao mwezi na mwanamke ni wa ukoo wa karibu sana.","Sikili ho kali kindu kilala ekekoleka vugila kilala nikitamanyi mba, miima jo mieli nijo jiveye mumundu mkali, navo naviko avanene ligali",general_prose
kentrans_355_swh,swh_Latn,rag_Latn,Mungu ameficha vitu tofauti milimani.,Nyasaye yavisa ivindu lugano muvigulu.,general_prose
kentrans_3009_swh,swh_Latn,rag_Latn,Anaona ile sinia moja.,Alolaa luderu lulala lula,general_prose
kentrans_975_swh,swh_Latn,rag_Latn,"Mwana wa Mungu mpendwa,","Mwana wa Nyasaye Muderwa,",general_prose
kentrans_3076_swh,swh_Latn,rag_Latn,Mama analea.,Mama aleraa,general_prose
kentrans_1255_swh,swh_Latn,rag_Latn,"Njoni tumwabudu, njoni tumwabudu","Kwinye ku mu yanza, kwinye ku muyanza",general_prose
kentrans_695_swh,swh_Latn,rag_Latn,ALIVISHWA TAJI YA MIBA,YA VIKWA ITAJI YA MAFWA,general_prose
kentrans_2977_swh,swh_Latn,rag_Latn,Ona lile goti moja,Lola liiru lirala lira.,general_prose
kentrans_3371_swh,swh_Latn,rag_Latn,Kkwa sababu wakuu walitangulia katika Israeli hapo wakaeneza ujumbe kwa sababu watu wako wapeane wenyewe matendo mazuri nay a kupendeza,"2 Kigira avanene avimiri mi Israeli, Ha zaa va la landidza amakuva Kigira avandu ave haana avene gevikolwa vyobulungi vya Ya I nobulaliri,",general_prose
kentrans_1802_swh,swh_Latn,rag_Latn,Katika kukuwa kwa mtoto msichana alikaa karibu na mamake. O;Yatumangwa koleta naho kwanzala muliru mu vatende. Alitumwa kupalia moto kwa jirani.,Mwana mukana muliviruka lilye yalange ahimbi na mama wewe,general_prose
kentrans_1870_swh,swh_Latn,rag_Latn,"Mwanamke alikuwa akimsihi mumewe, “Ujue ugonjwa unakulemea sana, uende kwa mawe.","mundu mukali yamanyanga aniga mundu musatsa, “umanye vulwaye vutsitsanga ni vokoyemberera muno, utsie ku magina.",general_prose
kentrans_1269_swh,swh_Latn,rag_Latn,"O Yeu Mwokozi, twaja kwako leo","Ku Yesu, Omwami, ku lidiku yiri,",general_prose
kentrans_2885_swh,swh_Latn,rag_Latn,"Simba aliposikia alijibu kwa sauti, “Sijambo.”","Lwe Isimba yahulira yahanzuka, “Mirembe"".",general_prose
kentrans_1664_swh,swh_Latn,rag_Latn,Umesoma maneno yapi ?,1Usoomi mang'anaki?,general_prose
kentrans_1321_swh,swh_Latn,rag_Latn,"“Habari njema, nawalwaletea","Na a va va volera, “Ku leta makuva",general_prose
kentrans_2649_swh,swh_Latn,rag_Latn,Piga magoti,Kuba magulu.,general_prose
kentrans_788_swh,swh_Latn,rag_Latn,Maandiko yanasema.,Shitabu shi voola ndi.,general_prose
kentrans_409_swh,swh_Latn,rag_Latn,Vilevile mungu alithani mtu aliyemuumba MKE NA MUME waingoje,Kandi Nyasaye yasuvila umundu wa yalomba UMUSATSA no MUKALI vakilindi.,general_prose
kentrans_1300_swh,swh_Latn,rag_Latn,"Mwokozi, ni Kristo Bwana",Muhonyi Yesu Umwami,general_prose
kentrans_2775_swh,swh_Latn,rag_Latn,Mlezi chukua mtoto.,Muleri koole mwana,general_prose
kentrans_1621_swh,swh_Latn,rag_Latn,Lakini alijua kwamba mamake Anakamuna angali hai.,Navutswa yaamanya vulahi nnya Anakamuna akiri mwoyo.,general_prose
kentrans_2018_swh,swh_Latn,rag_Latn,Tunaposumbukana hapa duniani,Lwa kudambizwangwa hano mulirova,general_prose
kentrans_912_swh,swh_Latn,rag_Latn,Walimsulubisha atufie,Va mmbamba a kudzere,general_prose
kentrans_1668_swh,swh_Latn,rag_Latn,Ni maneno yapi yalikuwa nyuma alikotoka?,5. Nimang'anaki gaali inyima wayaatula?,general_prose
kentrans_1319_swh,swh_Latn,rag_Latn,Walipolinda wanyama wao,Avayi va linda magondi mbudiku.,general_prose
kentrans_1260_swh,swh_Latn,rag_Latn,"Jeshi la mbinguni, imbeni kwa nguvu","Nyee, Yesu. Omwami ku Ia ku cheridza;",general_prose
kentrans_1_swh,swh_Latn,rag_Latn,Hadithi ya ukarimu,Lugano lwo kuhana (a story encouraging benovelence in society),general_prose
kentrans_1549_swh,swh_Latn,rag_Latn,Alifathaika moyoni sana na hilo jini likamsongea likamshika.,Yaahenda mwoyo ligali nogunani yigwo gwisuunda hayaali nigumugumila.,general_prose
kentrans_1496_swh,swh_Latn,rag_Latn,Ikamwagika kwa kidevu.,Gasunduka kukinanwa.,general_prose
kentrans_3668_swh,swh_Latn,rag_Latn,Kwa ajili ya hayo macho yetu hayaoni vyema.,Kigira vindu yivi Tsimoni tsyetu tsi mwami.,general_prose
kentrans_574_swh,swh_Latn,rag_Latn,25. Kuingia nyumbani kwa mtu na uwe na haraka ya kuondoka.,25. Kwingila munyumba yo mundu nukuvita nduli.,general_prose
kentrans_1483_swh,swh_Latn,rag_Latn,Kidevu,Kinanwa,general_prose
kentrans_3204_swh,swh_Latn,rag_Latn,Kondoo wanamfuata Amondo.,Amagondi galondaa Amondo.,general_prose
kentrans_1841_swh,swh_Latn,rag_Latn,Kupakua huku hakukuwa kupakua kutoka kwenye chungu bali kutumwa kwa jirani iwapo wana mboga walizopika wawasaidie wale kwao.,Kwinula yiku si koveye kwinula mu luvindi dave navutswa nu kutumwa wo mutende nivaveye ne tsingutsa tsya vadeki vavahe ku vaatse kuliira mu nyumba mwavo.,general_prose
kentrans_248_swh,swh_Latn,rag_Latn,Naye mwanamke hawezi kushika mimba bila kujamiana na mwanamume.,Naye umundu mukali sia nyala kuhelitsa umwana natagani no mundu musatsa mba.,general_prose
kentrans_424_swh,swh_Latn,rag_Latn,Mtoto akijicha hapo haikuwa rahisi kupatikana,. Mwana ni yivisanga mu si yali anyala kololeka dave.,general_prose
kentrans_1606_swh,swh_Latn,rag_Latn,Mamake aliyaondoa na Anakanani akaingia sebuleni.,Mama weeve yaaveta malala ma Anakanani niyingira muhiiru.,general_prose
kentrans_746_swh,swh_Latn,rag_Latn,Nitamtukuza kabisa.,Nda midzominya munonono,general_prose
kentrans_2331_swh,swh_Latn,rag_Latn,Imani yoye ni Yangu,LISUUVIRA LYOSI NILYANGE,general_prose
kentrans_1070_swh,swh_Latn,rag_Latn,"Baba, mwana, Roho, Mungu mwenye enzi","Nyasaye Yahova, Umutakatifu,",general_prose
kentrans_838_swh,swh_Latn,rag_Latn,Alikuwa mwana wa Mungu.,Ga va Mwana wa Nyasaye.,general_prose
kentrans_176_swh,swh_Latn,rag_Latn,Tukiwa wachanga tulipata wazazi wetu wakiwa na maneno haya,Mulivulwa liange nikuveye avana vakekeke kwanyola avivuli vitu ni vaveye namangana yaga,general_prose
kentrans_279_swh,swh_Latn,rag_Latn,Mila zihusishwazo kwa mwezi uwakao usiku ndizo zilizoko kwa mwanamke.,Imiima jiveye ku mweli guvalanga vudiku nijo ijiveye ku mundu mkali.,general_prose
kentrans_2867_swh,swh_Latn,rag_Latn,Tambiko,Imijilu,general_prose
kentrans_3016_swh,swh_Latn,rag_Latn,Ndio,Yee,general_prose
kentrans_1132_swh,swh_Latn,rag_Latn,"Marafi wetu wote, msamaha kwao wote","Valina vetu vosidza, tsimbabasi tsya voosi.",general_prose
kentrans_1608_swh,swh_Latn,rag_Latn,Mamake alianguka chini pu!,Nnya yaagwa hasi bu!,general_prose
kentrans_2470_swh,swh_Latn,rag_Latn,Tuwe macho tusubiri tukiomba,Kogelihe kulindi na kusale,general_prose
kentrans_417_swh,swh_Latn,rag_Latn,Viongozi walienda vijijini na kuwasanya watoto waliokuwa wanazurura na kuwapeleka wasome.,Chavamanya vakola avami vagendanga ku migitsi ni vadoola avana vavenyanga vahile mu lisoma.,general_prose
kentrans_2524_swh,swh_Latn,rag_Latn,"Ng,ombe za baba zinalala mkiwa zikiwa nje -Viazi vitamu",Tsing'ombe tsia baba tsigona nemikira ichova - Amabwoni Ngoboo!,general_prose
kentrans_218_swh,swh_Latn,rag_Latn,Matabibu na wa kubariki walipokuwa wakienda kufanya shughuli zao hawakuruhusiwa kuingia katika chumba cha malazi.,Avavidi yava navasaali nivamanyanga vatsitsa kukola mivinzi javo jovuvidi hay kusaalisa vali nivagaywa vavuli kutsia IVULILI.,general_prose
kentrans_1588_swh,swh_Latn,rag_Latn,1.Ni hadithi ipi uliyoisoma?,1. Niluganoki usomi?,general_prose
kentrans_2931_swh,swh_Latn,rag_Latn,"Muhonja, Muhonja, Muhonja, Muhonja natokakuchunga Muonja mifugo wote Muhonja mifugo wa kondoo Muhonja mifugo wa ng’ombe Muhonja nifungulie Muhonja","Muhonja,Muhonja, Muhonja, Muhonja Ndula kwaya Muhonja Vyayo vyosi Muhonja Vya magondi Muhonja vye tsiang’ombe Muhonja tsigulira Muhonja",general_prose
kentrans_3202_swh,swh_Latn,rag_Latn,Asikari hukalia nyumba ya kumbikumbi ashikapo zamu kutunza mimea mtoni.,Musikaali yikalaa kukituunda naalinda vidundu mukivanda.,general_prose
kentrans_2501_swh,swh_Latn,rag_Latn,Nina mzungu wangu hasimami akisimama ni kifo -Moyo,"Mbeye no musungu wange asingira mba, nasingiye nerikutsa - Umwoyo",general_prose
kentrans_3653_swh,swh_Latn,rag_Latn,Kwa sababu ya upanga wa nyikani.,Kigira kivavi kyomwigendanyama.,general_prose
luhya_multi_25_multi_swh,swh_Latn,rag_Latn,"Muda huo mimi nilimuagiza yote ambayo tunawapa mababu zenu Abarahamu,Isaaka na Yakobo mnastahili kufanya.","' Siise esio ese namulaka koosi niko khua bakuuka benywe Aburahamu, Isaaka ne Yakobo mukhoyela khukhola.",Conversational
kentrans_737_swh,swh_Latn,rag_Latn,"Yesu, Yesu, Yesu.","Yesu, Yesu, Yesu.",general_prose
kentrans_450_swh,swh_Latn,rag_Latn,Mke kuchukua [ ] ya mwanaume,42. Mukali kuvugula muhizu gwu musatsa.,general_prose
luhya_multi_131_multi_swh,swh_Latn,rag_Latn,"""Mola ampokee mahali pema""","""Wele khabhumbi amwakanile abhundu alayi""",Conversational
kentrans_1517_swh,swh_Latn,rag_Latn,Bei ya wembe ni nini?,Lugembe luveeye navuguliki?,general_prose
kentrans_815_swh,swh_Latn,rag_Latn,Anataka nilinde,Yenyanga inze kulinda,general_prose
kentrans_434_swh,swh_Latn,rag_Latn,Msichana ambaye amepoteza ubikira kabla ya ndoa kwenda unya goni,26. Mukana wavula kwilinda kusingira ku kesero.,general_prose
kentrans_998_swh,swh_Latn,rag_Latn,Zashinda dhambi zetu zote.,Tsivita bwoni bwetu bwosi.,general_prose
kentrans_372_swh,swh_Latn,rag_Latn,Mwanamke huzaa ama kupata mimba akisha ona hedhi kasha huzaa watoto jinsi vile mwezi hujaa nyota.,Mkali yivula naho ahelitsa natula mu mweli mayivula avana kuli mweli kandi gwivula Tsing’ereng’ani.,general_prose
kentrans_3126_swh,swh_Latn,rag_Latn,Hii ni ……………. Kubwa.,Yiri nelifedete linene,general_prose
kentrans_2336_swh,swh_Latn,rag_Latn,Imani yote ni yangu,"Lisuuviridza lyosi ni lyange,",general_prose
kentrans_1689_swh,swh_Latn,rag_Latn,Hakuna mtu aliyetaka kupigana na Goliathi kwa sababu yaukubwa wake.,Goliathi yaali netsingulu ligali siyaali numundu yena kutsia kulwaana naye.,general_prose
kentrans_620_swh,swh_Latn,rag_Latn,Ulisoma hadithi ya msalaba?,Wa soma lugano Iwo Musala?,general_prose
kentrans_1867_swh,swh_Latn,rag_Latn,Alikuwa mtu aliyeishi katika jamii pana hiyo na mara nyingi aliwajua watu wengi waliotaka kusaidiwa.,Yalange mundu omenyi mu losoma zana hali kanyingi yali niyamanya avandu avanyingi avali vanyala live avalagule.,general_prose
kentrans_2513_swh,swh_Latn,rag_Latn,Nikiingia kwa nyumba yangu sitoki ndani Mfu,Ninzingiye mu inyumba yange ndulamu mba - Mukutsu,general_prose
kentrans_2310_swh,swh_Latn,rag_Latn,Tembea kama mtu mwerevu,Ogende kuli mundu wovogeli,general_prose
kentrans_1310_swh,swh_Latn,rag_Latn,KUZALIWA KWA YESU,LIVULWA LYA YESU,general_prose
kentrans_1198_swh,swh_Latn,rag_Latn,Atafika kuweka huru,A Ia duuka Kubobolola,general_prose
kentrans_247_swh,swh_Latn,rag_Latn,“ Mwezi” ndio aende kushika mimba.,“MWELI” ku atsie kuhelitsa.,general_prose
kentrans_506_swh,swh_Latn,rag_Latn,Walikuwawakimaliza madeni yake.,Vavoola amagovi gege.,general_prose
kentrans_3093_swh,swh_Latn,rag_Latn,Mahindi,amaduuma,general_prose
kentrans_1839_swh,swh_Latn,rag_Latn,Mtoto wa kiume katika kukua kwake alianza kumfuata babake malishoni.,Mwana muyai mu liviruka lilye yatanganga kolonda ise mu chayo.,general_prose
kentrans_2811_swh,swh_Latn,rag_Latn,Lala mtoto wa baba.,Omwana wa baba gona,general_prose
kentrans_3273_swh,swh_Latn,rag_Latn,Pamoja wanaishi kwa amani na upendo.,Vamenya ne mirembe nu vusangali.,general_prose
kentrans_1895_swh,swh_Latn,rag_Latn,Wakalete mbegu ya mahindi meupe tunayoyaona siku hizi.,Valeta imwu yamaduma malavu kuli kugalolanga amadiku gano.,general_prose
kentrans_3041_swh,swh_Latn,rag_Latn,Wameona ile yao.,Vaaloli agaavo gala,general_prose
kentrans_565_swh,swh_Latn,rag_Latn,Umwone mgonjwa kwanza kabla ya mfu.,utánge kolola mulwaye ku inyima utsie kolola mukuzu.,general_prose
kentrans_2416_swh,swh_Latn,rag_Latn,Tubu usamehewe,Weyame ulasamefwa.,general_prose
kentrans_1950_swh,swh_Latn,rag_Latn,Mchezo huu ulichezwa kwa watoto walio na umri wa kuanzia miaka kumi hadi kumi na nne,Kutula ku mihiga likomi kuduka ku mihiga makomi gane mu vandu vali no vulamu vulahi.,general_prose
kentrans_1089_swh,swh_Latn,rag_Latn,Mwumba wa viumbe vyote,"Wa lomba vindu vyosi kale, ive,",general_prose
kentrans_1513_swh,swh_Latn,rag_Latn,Mzee hutembea na bakora,Musakulu yediira imbiimbu.,general_prose
kentrans_1819_swh,swh_Latn,rag_Latn,Aliitwa Mudiri na aliwafunza jinsi ya kujitunza,Vamulanganga MUDIRI. MUDIRI yali niye unyala kuvigitsa kuli vanyala kulinda amakalaga gavo zana yago.,general_prose
kentrans_3161_swh,swh_Latn,rag_Latn,Futa hesabu,Siisulula isaabu,general_prose
kentrans_1466_swh,swh_Latn,rag_Latn,Mtu mwoga hapendi kuona nyoka.,Mundu mti siyenyaa kulola enzoka.,general_prose
kentrans_2936_swh,swh_Latn,rag_Latn,Agulakiraka alirudi akapata damu,Agulakiraka yatsa nanyola masahi,general_prose
kentrans_486_swh,swh_Latn,rag_Latn,"""Ndemeye, Ndemeye”","“Ndemeye a ndemeye”,",general_prose
kentrans_2040_swh,swh_Latn,rag_Latn,Msalabani Yesu alisulubiwa,Kumsalaba Yesu yavabwa,general_prose
luhya_multi_117_multi_swh,swh_Latn,rag_Latn,Mtu yeyote anayelala na mkwe wake alaaniwe.,"""Omundu yesi yesi okona ne masalaawe alaamwe.",Conversational
kentrans_259_swh,swh_Latn,rag_Latn,Wajukuu na vitukuu ndio muwaonao angaza chini usiku wakati kuna giza.,Visukulu ne visukululwi nivyo ivyamulola hasi vudiku mu ing'inga ye kisundi.,general_prose
kentrans_1850_swh,swh_Latn,rag_Latn,Wakati mwingine wasichana wakikua wangechukua wavulana wao na kwenda nao katika chumba chao cha malazi.,Hali kanyingi avakana vaduki vavugula avana vavo vayai vatula navo mu nyumba vatsia navo mu chavogono chavo.,general_prose
kentrans_1755_swh,swh_Latn,rag_Latn,KUZALIWA,LIVULWA,general_prose
kentrans_1032_swh,swh_Latn,rag_Latn,MSALABANI ALIPOFIA,KHU MUSALABA KHU GA FWIRA,general_prose
kentrans_3182_swh,swh_Latn,rag_Latn,Jambo hili lilisababisha huzuni nyingi duniani,Line liretaa vuveereri vunene muno mukivala,general_prose
kentrans_2778_swh,swh_Latn,rag_Latn,La hasha!naenda kwetu.,Awa! Nzizanga witu.,general_prose
kentrans_666_swh,swh_Latn,rag_Latn,Yesu alitufia,Yesu ya nkudzera.,general_prose
kentrans_1942_swh,swh_Latn,rag_Latn,Walikuwa wakisiaga ‘amadia’ kisha wanachanganya unga huo kwa maji na kuiwacha igande kisha ikishakuwa chachu walikuwa wakitoa na kupika kam uji.,Vamanyanga vasia amadia ma vinika ekenoko kuduka lwa kirula mavatulitsa ni waminaga kuli ovosera vulitu ligali.,general_prose
kentrans_899_swh,swh_Latn,rag_Latn,HUZUNI,ALELUYA UMUMONYI,general_prose
luhya_multi_30_multi_swh,swh_Latn,rag_Latn,Mko mnafanya hivyo kwa nini.,'Mulakholanga murio sikila.,Conversational
kentrans_1414_swh,swh_Latn,rag_Latn,"Tufanane na Wewe, kwetu sifa upewe",Kuvukidza avadivi va lavidzwe mu masahi,general_prose
kentrans_2611_swh,swh_Latn,rag_Latn,Nina askari nikiwaita wanakuja haraka -Mchwa,Mbeye na vasikali vange nimbalanga vatsanga vwangu -Amage,general_prose
kentrans_1834_swh,swh_Latn,rag_Latn,Walikuwa wakichukua jivu yote baada ya kuchoma na kupeleka nyumbani.,Vavugulanga lisiza lyosi kolomba umunyu zana yigu na vayoya valeta yengo.,general_prose
kentrans_1589_swh,swh_Latn,rag_Latn,.Nyanya alikuwa akifanya nini jikoni?,2. Mukeere yaali naakolaki kumahiga?,general_prose
kentrans_3646_swh,swh_Latn,rag_Latn,Tumechoka hatuoni raha yoyote.,Ku luhi si ku Lola bweleridzi mba.,general_prose
kentrans_297_swh,swh_Latn,rag_Latn,Maragoli forest na Maragoli Hills ilienda wapi?,Ndeva ndi Maragoli Hills na Maragoli Forest yatsia hayi?,general_prose
kentrans_3306_swh,swh_Latn,rag_Latn,Mungu abariki Mungu,"Hova, Mu gasidze Yahova",general_prose
kentrans_508_swh,swh_Latn,rag_Latn,Kunyolewa kwa nywele kulitegemea umuhimu wa aliyeaga.,Litulitsa amasu lialondana nu vulitu vwo mundu wakuza.,general_prose
kentrans_8_swh,swh_Latn,rag_Latn,Mbona hukupiga nduru,Aki niwakuba urukwiri,general_prose
kentrans_1972_swh,swh_Latn,rag_Latn,Akikubali wengine wanatoka ndani,Navugiriye mavandi vatula mu muse.,general_prose
kentrans_2938_swh,swh_Latn,rag_Latn,Waliokuwepo wakawa na furaha mno,valio na vuyanzi voyanzi muno,general_prose
luhya_multi_34_multi_swh,swh_Latn,rag_Latn,"Walipewa malisho, vitafunio na vya msituni.",""" balaelesibwa kamayilo, chinyanyilo nende bie munda.",Conversational
kentrans_2657_swh,swh_Latn,rag_Latn,UTOBOAJI MAJI,IDUVULA MATSI,general_prose
kentrans_1437_swh,swh_Latn,rag_Latn,Nyanya kwenye nyororo,Inyaanya Munyolo,general_prose
kentrans_1886_swh,swh_Latn,rag_Latn,Akifanya hivo ndipo mtoto apone kwa sababu watu wa enzi hizo waliokuwa wagonjwa walipona kwa sababu nguvu za damu zilipigana na ugonjwa kisha wangedhani mgonjwa wa kienyeji ameponya.,Ni yakolanga ndyo mo mwana ahona kigira avandu va madiku gene yago valwalanga ma vahona kigira tsingulu tsya masahi tsyalwananga vulwaye ma vasuuvira mukumu okonyi.,general_prose
kentrans_3675_swh,swh_Latn,rag_Latn,"Ee Bwana, utugeuze kwako, nasi tutageuka;","21 U ku kirunkannye ku ive, o Yahova na kula girunkannywa.",general_prose
kentrans_1413_swh,swh_Latn,rag_Latn,"Vunja kicha cha nyoka, Sura zako andika",Yegehidza na a leka ubukumi bwibwe bwosi.,general_prose
kentrans_1159_swh,swh_Latn,rag_Latn,Zisiko pungua,E tsi kha nyala khuhwa.,general_prose
kentrans_1112_swh,swh_Latn,rag_Latn,Tutawale siku zote kwa pedo llisilo pungua,U kwamihe kwinye uta kuleka mba wobuyanzi,general_prose
kentrans_97_swh,swh_Latn,rag_Latn,"Hakuweza: kuingia kwa nyumba ya mtu mwingine,kupita kando ya mboga zilizopandwa na malenge,kuoleka wala kuoa tena,kutumia maziwa mala,kupalia moto kwa jirani na hata kuomba nguo","Kyiche hagati,oyo ukwingila mumyumba yo undi oyo ukuvita kutsingutsa tsiaatagwa, iliungu,oyo okoleetana no undi kuli mukali no musatsa,oyo ukuliila amaveele gi kimuga ago mutende,oyo ukwaanzala mullu munyumba yo mutende, no kusava undi inguvu yokogeendela ku",general_prose
kentrans_936_swh,swh_Latn,rag_Latn,"Kwa watu wa duniani, nilileta msamaha kwa wanaonililia,","Khu vandu vomshvala, Nda lerha busamehe Khu vandu vianra,",general_prose
kentrans_761_swh,swh_Latn,rag_Latn,Yesu anakupenda wewe.,Yesu a ku yanza ive.,general_prose
kentrans_980_swh,swh_Latn,rag_Latn,Alitoa mtoto wake mpendwa,Ya haana musoli,general_prose
kentrans_1787_swh,swh_Latn,rag_Latn,Na wanapoita baadhi ya majina walio nayo.,Na nivalanga ku meta gavali nago.,general_prose
kentrans_26_swh,swh_Latn,rag_Latn,Zaza mtoto wa Mmbo,Zaza mmbo,general_prose
kentrans_2479_swh,swh_Latn,rag_Latn,TWaanga hat gizani,Kwakanga kali mukisundi,general_prose
kentrans_860_swh,swh_Latn,rag_Latn,Tena ni nani anayependa wote?,Kandi ni wina a yanza voosi?,general_prose
kentrans_2621_swh,swh_Latn,rag_Latn,MWANZONI,AGOKUTANGA,general_prose
kentrans_1090_swh,swh_Latn,rag_Latn,Ukatuumba sisi wanadamu – hata nami,Kandi wa lomba vandu voosi—ninze.,general_prose
luhya_multi_132_multi_swh,swh_Latn,rag_Latn,Mungu mweza wa vyote atawapa watu wote baraka miji zenu na mashamba.,“Wele Omunyali Owa Bioosi alabiita babaandu boosi chikhabi chingoba chenywe ne kimikuunda.,Conversational
kentrans_2409_swh,swh_Latn,rag_Latn,Fikiria eh rafiki yangu,Ganagana ive mulina wange,general_prose
kentrans_1801_swh,swh_Latn,rag_Latn,Majukumu ya mtoto msichana,Miyinzi jo mwana mukana,general_prose
kentrans_68_swh,swh_Latn,rag_Latn,"Mama , alieoa dada ya mama yako unamuita mama","Mama, uwahila amwavo mama wowo umulanganga mama.",general_prose
kentrans_2654_swh,swh_Latn,rag_Latn,Alipata maumivu ya tumbo.,Singira matsi-yasata inda yakambala.,general_prose
kentrans_849_swh,swh_Latn,rag_Latn,Anatupenda hivyo.,A ku yanza kuli ndi.,general_prose
kentrans_1678_swh,swh_Latn,rag_Latn,Alilia kwa uchungu na kusema,Yaalira niyikuula navoola,general_prose
kentrans_3599_swh,swh_Latn,rag_Latn,"Binti ya watu wangu amekuwa mkali, mfano wa mbuni jangwani.","Mukana wa avandu vange u gwiye mudinyu, kuli maudo gomwigendanyama.",general_prose
kentrans_1066_swh,swh_Latn,rag_Latn,njia ni kupitia msalabani;,Injira yolujendo lwe ni khu musalaba;,general_prose
kentrans_32_swh,swh_Latn,rag_Latn,Nyambura JIbi to,Nyambura jibi to,general_prose
luhya_multi_122_multi_swh,swh_Latn,rag_Latn,Mume wa pili huyo pia.,"""Omuseecha owe khabili oyo yesi.",Conversational
kentrans_3099_swh,swh_Latn,rag_Latn,Hii ni taa yako ama yake?,Yiyi netaya yoyo naho yeye,general_prose
kentrans_634_swh,swh_Latn,rag_Latn,Aliyemwangalia kwa huzuni,"Wa mu henza nobuvereri,",general_prose
kentrans_2029_swh,swh_Latn,rag_Latn,Msalabani Yesu alisulibiwa,Kumsalaba Yesu yavambwa.,general_prose
kentrans_3624_swh,swh_Latn,rag_Latn,"Hasira ya Bwana imewatenga, yeye hatawaangalia tena.",16 Livihirirwa Lya Yahova li va sundi ihale si alavahenza Kandi mba.,general_prose
kentrans_344_swh,swh_Latn,rag_Latn,Wakati Musa angetaka hekima alikuwa akielekea juu yam lima kwenda kuomba ndiposa aweze kupata nguvu na hekima ndiposa aweze kufanya vizuri shughuli alizotakiwa kuzifanya na Mungu.,Musa niyenyanga ovogeli yatanganga anyagula mu kigulu atsie kusaala ku anyole tsingulu no vogeeli ku akole imiyinzi vulahi ija Yahova amutumi ku.,general_prose
kentrans_2365_swh,swh_Latn,rag_Latn,Deni lote nitalipa,Inze mbeye mutungiri wa yavo,general_prose
kentrans_1973_swh,swh_Latn,rag_Latn,Hao waliobakia hapo ni wale wamekubaliana kupigana.,Vatigala mu yavo avavugirizani kulwana.,general_prose
kentrans_3114_swh,swh_Latn,rag_Latn,Chagua kasha utaje vizuri.,Tovola ma utoove vulahi,general_prose
kentrans_3119_swh,swh_Latn,rag_Latn,Maswali haya ni ya nini?,Mateeva yaga gavoola ki?,general_prose
kentrans_3297_swh,swh_Latn,rag_Latn,"Naye akaenda na watu wote wale watakao tizama, Sisera alikuwa amelala hapo pamoja naye kutoka Haroshethu alikuwa amefariki –na kigingi kilikuemo","Naye ya tsia kuye;tsine angekivya,navandu vosi ava li henza,Sisera ya li na a goni ha zana halala naye,",general_prose
kentrans_3499_swh,swh_Latn,rag_Latn,"Nikushuhudie nini? Nikufananishe na nini, Ee Binti Yerusalemu?","13 Nku lolekidzira kindu ki, Nda fwanannya na kindu ki ive, o mukana wa Yerusalemi?",general_prose
kentrans_840_swh,swh_Latn,rag_Latn,"Tumejua uzuri wenyewe,","0 khu maniye bulahi bwene,",general_prose
kentrans_2759_swh,swh_Latn,rag_Latn,Ilikuwa yaa linda nasema tena ilikuwa ya Linda,"Gali ga linda,kandigali ga Linda",general_prose
kentrans_3075_swh,swh_Latn,rag_Latn,Mapua,amuulu,general_prose
kentrans_2630_swh,swh_Latn,rag_Latn,Unalia!,Ukarilanga guu.,general_prose
kentrans_3586_swh,swh_Latn,rag_Latn,"Ee Bwana, ulichukua shauri langu, ukaukomboa uhai wangu.","58 O Yahova, u Veri amakuva go mwoyo gwang, u tungiye livamwoyo lyange.",general_prose
kentrans_600_swh,swh_Latn,rag_Latn,sehemu,I kyova Lidala;,general_prose
kentrans_3451_swh,swh_Latn,rag_Latn,"Nawasihi msikie enyi watu wote, myatazame majonzi yangu.","Mwadza, mu hulire mwinye avandu vosi, mu lole liverera lyange.",general_prose
kentrans_2428_swh,swh_Latn,rag_Latn,Mungu humurehemesha,Yahova alamusosiza.,general_prose
kentrans_3607_swh,swh_Latn,rag_Latn,"Miili yao, walikuwa wekundu kuliko majirani na umbo lao kama yakuti samawi.",Va li avakanyu mu Mibiri gyavo kuvita magina makanyu na lisiywa lyavo Lya li kuli isafiro.,general_prose
kentrans_2459_swh,swh_Latn,rag_Latn,Tufuate njia ya mwanga,Kulonde inzira yo vulavu,general_prose
kentrans_529_swh,swh_Latn,rag_Latn,"Pia, wahusika walibaki wakiwa safi na wenye furaha.",Lwene yilwo avandu zana vatigala avanifu nuvu yanzi.,general_prose
kentrans_177_swh,swh_Latn,rag_Latn,. Kama mtu anapokutana na mwingine hujuana na kuleta pamoja uhusiano wao,"Kuli umundu vagana no undi mundu ni venya ku manyana,ku vahambane uvurina vwavo",general_prose
kentrans_1464_swh,swh_Latn,rag_Latn,Nyuki,Inzuki,general_prose
kentrans_423_swh,swh_Latn,rag_Latn,Mito ilikuwa na nyasi kubwa kubwa.,. Lise mu vivanda lyali linene lyene,general_prose
kentrans_1227_swh,swh_Latn,rag_Latn,Katika njia zetu zote,Ku tsinzira tsyetu tsyosi:,general_prose
kentrans_1624_swh,swh_Latn,rag_Latn,Mamake sungura alimfungulia na papo hapo akamshika akamuua akamula.,Nnya Anakamuna yamwigulira manonoho yaamugumira naamwita naamlia.,general_prose
kentrans_3614_swh,swh_Latn,rag_Latn,"Bwana amjawa na hasira, ameimimina hasira yake kali.",11 Yahova udukidzi ubutima bwibwe tsuki ubutima bwibwe bululu.,general_prose
kentrans_3588_swh,swh_Latn,rag_Latn,"Umeona kina cha kisasi chao, na maombi yao yote mabaya dhidi yangu.","60 Ive u Loli kisalya kyavo kyosi, na lisaavira lyavo lyosi Lya vasaviira ku inze.",general_prose
kentrans_847_swh,swh_Latn,rag_Latn,Tuliyopewa na Mungu,Bwa Nyasaye ya ku ha:,general_prose
kentrans_3053_swh,swh_Latn,rag_Latn,Aleyo alikunya akikwea,Aleyo yania naniina,general_prose
kentrans_289_swh,swh_Latn,rag_Latn,Mimi ndiye wa kwanza kusema haya yaliyofichwa.,Ninze mundu wo kutanga ukuvola agaviswa yaga.,general_prose
kentrans_3220_swh,swh_Latn,rag_Latn,………,Engeges,general_prose
kentrans_2566_swh,swh_Latn,rag_Latn,Waisraeli kwa mchanga -Kumbekumbe,"Avisraeli mwirova - Tsiswa, maavuli",general_prose
kentrans_2713_swh,swh_Latn,rag_Latn,Mmaragoli alikuwa akipika na jogoo.,Mulogoli yadeka ne idaywa.,general_prose
kentrans_1370_swh,swh_Latn,rag_Latn,Yale wachunga waliyanena,Ku vindu vya avayi va va volera:,general_prose
kentrans_178_swh,swh_Latn,rag_Latn,Na maneno haya yaliniongoza katika ugumu wenyewe,Na amangana yaga ganzimila vudinyu vwene,general_prose
kentrans_786_swh,swh_Latn,rag_Latn,"Yesu anipenda,","Yesu a yanna inze,",general_prose
kentrans_1105_swh,swh_Latn,rag_Latn,"Twatukuza, baba mwenye enzi","Kwidzominya, Dada wobukumi,",general_prose
kentrans_2800_swh,swh_Latn,rag_Latn,Niliwapa yai langu.,Ndavaha livuyu liange.,general_prose
kentrans_2576_swh,swh_Latn,rag_Latn,Askari kwa mlango -Kufuli,Musikali ku muliango - Likafuli,general_prose
kentrans_371_swh,swh_Latn,rag_Latn,MWEZI ndio mwanamke ambaye hubeba mimba ama kama vile mwezi hupata ujauzito na kuzaa nyota.,MWELI niye mundu mkali niye uhelitsa naho kuli mweli guhelitsa ma gwivula Tsing'ereng’ani.,general_prose
kentrans_1471_swh,swh_Latn,rag_Latn,Aina tofauti ya nyoka huishi tumboni.,Enzoka yolugano lundi emenyi munda.,general_prose
kentrans_622_swh,swh_Latn,rag_Latn,Alipolipia deni lako,He ligovi Iilyo lya tungirwa.,general_prose
kentrans_2360_swh,swh_Latn,rag_Latn,Litukuzwe jina langu,Vizominye lieta liange.,general_prose
kentrans_754_swh,swh_Latn,rag_Latn,Yesu alikuja na kuwatafuta.,Yesu yadza na a venya,general_prose
kentrans_3289_swh,swh_Latn,rag_Latn,"Naye akamwambia ,niende na Kedesh pamoja na Baraka","20 Naye ya mbolera, ive u tsia Kedesh halala na Baraka.",general_prose
kentrans_3661_swh,swh_Latn,rag_Latn,Wazee wameacha kwenda langoni.,14 Avakulundu va leka kutsia na kiribwa.,general_prose
kentrans_1220_swh,swh_Latn,rag_Latn,Walinda watu wako,"Wa linda vandu vo,",general_prose
kentrans_1591_swh,swh_Latn,rag_Latn,Nyanya huyo alikuwa akijificha wapi?,4. Mukeere uyo yilvisa haliki?,general_prose
kentrans_2953_swh,swh_Latn,rag_Latn,Mwanamke huyo alitoroka kwa lile zimwi akarudi kwao,mukali oyo yamanya niyiruka ku linani niyirana wavo.,general_prose
kentrans_142_swh,swh_Latn,rag_Latn,"kwa hivyo mkiona alama hizo kwa kuitwa vizuri ( kupewa jina) zikifanana na mtu ambaye munaitaita huyo huwa ancheka, anakunia anaangalia na pia anaacha kulia","Kunimuloli itsimbala yitsi mulilanga lilahi ni (INGULIKWA) nitsifanani no mundu wa mumulangalanga uyu amanya aseka, ania ahenza ma kandi akiling'ana ukulila.",general_prose
kentrans_1866_swh,swh_Latn,rag_Latn,Mukivala che vologooli mukumu ivangwa ihale dave. Katika eneo la maragoli mganga wa kienyeji hakutolewa mbali.,Vasuuviranga vulwaye vwaletangwa ne vigingi naho avalogi.,general_prose
kentrans_689_swh,swh_Latn,rag_Latn,Ulifia wenye dhambi,"Wa va kudzera voni,",general_prose
kentrans_3105_swh,swh_Latn,rag_Latn,Maria anasonga ugali polepole,Maria alugaa galaha,general_prose
kentrans_2250_swh,swh_Latn,rag_Latn,Mkinyenyekea na kutubu kwake,"Niva mulatia nokwiyama kuye,",general_prose
kentrans_678_swh,swh_Latn,rag_Latn,Tuna mshukuru anaye tulipia,Kwidzominye Mutungiri,general_prose
kentrans_472_swh,swh_Latn,rag_Latn,Ni vizuri achomwe.,"Nuvulahi asambwi"".",general_prose
kentrans_1075_swh,swh_Latn,rag_Latn,Wanakutolea shukrani zao,Voosi va sigame mbiri ntebe yo,general_prose
kentrans_1843_swh,swh_Latn,rag_Latn,Kuchunga Ng’ombe kuliachiwa watu wazima.,Tsing'ombe tsyatsitsagirira kwaywa na vandu vakulundu ho.,general_prose
kentrans_3239_swh,swh_Latn,rag_Latn,Ikishagonga utakimbia.,Niimali kukuba ulanyagula.,general_prose
kentrans_779_swh,swh_Latn,rag_Latn,Atatusaidia,A li khwosia ni khwikhonya,general_prose
kentrans_2848_swh,swh_Latn,rag_Latn,Hujenga umakini ya msikilizaji au mwanafunzi,Kuhulitsa cho mundu avolanga,general_prose
kentrans_3197_swh,swh_Latn,rag_Latn,Ni nini tunawezakunyia matunda tunayopanda,Nikutaaga matunda kulakoleraki?,general_prose
kentrans_1166_swh,swh_Latn,rag_Latn,Mwana wake wa pekee,Ya Ii muderwa wewe;,general_prose
kentrans_196_swh,swh_Latn,rag_Latn,Mambo mengine yalifanana na mengine kutofautiana katika kutekeleza mila.,Amang’ana malala gafanana nagandi gavukana na gandi mulikola mu miima.,general_prose
kentrans_533_swh,swh_Latn,rag_Latn,jamii ya nyumba mllikotekea maovu walilazimika kuhama punde baada ya tambiko kufanya na kuiache mahame.,Inyumba ya matava yang'anywangwa lwene nu lwene yilwo.,general_prose
kentrans_3483_swh,swh_Latn,rag_Latn,Wamepiga kelele ndani ya nyumba ya Bwana Kama katika siku ya kusanyiko la makini.,"VA koli liyoga mu inyumba ya Yahova, kuli Lya li KU lidiku lyelivugana.",general_prose
kentrans_2377_swh,swh_Latn,rag_Latn,Chagua leo Yesu Kristo,Tovola lero Yesu Kristo.,general_prose
kentrans_2993_swh,swh_Latn,rag_Latn,Adede anaonna chapii.,Adede alolaa lubada,general_prose
kentrans_2348_swh,swh_Latn,rag_Latn,"Sikizeni, sema Bwana",MUHULILE INZE YAHOVA,general_prose
kentrans_1071_swh,swh_Latn,rag_Latn,"Kila tukiamka, tunakuabudu",Inyinga yomugamba ku limbira lve:,general_prose
kentrans_556_swh,swh_Latn,rag_Latn,9. Mtu mzima kwenda haja ndogo au haja kubwa kwenye malazi.,9. Kwinyala naho kunia m'mbogono noveeye mundu uduuki.,general_prose
kentrans_2560_swh,swh_Latn,rag_Latn,Changu hakitoki -Tumbo,Change kitulaa mba - Kida (inda),general_prose
kentrans_3168_swh,swh_Latn,rag_Latn,"Soma malina haya: Jumapili, Jumatatu, Jumanne, Jumatano, Alhamisi, ljumaa, Jumamosi","Soma ameta yaga: Jumapili, Jumatatu, Jumanne, Jumatano, Alhamisi, ljumaa, Jumamosi",general_prose
kentrans_2491_swh,swh_Latn,rag_Latn,Tu wajumbe wake,Kove valoleki veve,general_prose
kentrans_3431_swh,swh_Latn,rag_Latn,"Tazama, Ee Bwana, ufikiri, kwa maana nimedharauliwa.","Lola o Yahova, u henze, kigira inze ngwiye kindu ki legwa.",general_prose
kentrans_769_swh,swh_Latn,rag_Latn,Yesu anipenda,Yesu u nyanza,general_prose
kentrans_655_swh,swh_Latn,rag_Latn,"Ni mzuri sana, kwa kuwa ni hapo","No mulahi muno, kigira ni yaho.",general_prose
kentrans_1609_swh,swh_Latn,rag_Latn,Na akamkata shingo kwa silaha.,Manaamutema ligoti nekivaavi.,general_prose
kentrans_2454_swh,swh_Latn,rag_Latn,Tukishika amri alizotupatia,Ni kulinda amalago ga yakuha,general_prose
kentrans_163_swh,swh_Latn,rag_Latn,"Akaota ndoto nyingine tena na akawaambia ndugu zake, angalieni nimeota ndoto nyingine.","Naye yalota liloto lindi naa volera avamwavo veve na avola,henza ndoti liloto lindi",general_prose
kentrans_1049_swh,swh_Latn,rag_Latn,Weka moyo wako kwa Bwana;,Fuva mwoyoi gugwo khu Yesu;,general_prose
kentrans_1770_swh,swh_Latn,rag_Latn,Mara nyingi waliomtembelea walitenga vyakula kama zawadi kwa nyumba ya Yule aliyejifungua,Hali kanyingi avaluti valetanga vyokulia kuli vihaanwa ku nyumba yo mwana yivuliywi mu.,general_prose
kentrans_1051_swh,swh_Latn,rag_Latn,Kwake utapata hifadhi!,No muhe fuma!,general_prose
kentrans_1282_swh,swh_Latn,rag_Latn,"Yuaja kutubariki, atuletea ushindi,","Yesu a li Muhonyi kutwulidza ubwoni,",general_prose
kentrans_1077_swh,swh_Latn,rag_Latn,"Wewe U mwanzo, nawe U mwisho","Waali: nu veeho, nu U li va ho.",general_prose
kentrans_548_swh,swh_Latn,rag_Latn,1. Kukata ndizi kwa kutumia shoka.,1. Kotema ligomia nimbatsi..,general_prose
kentrans_2696_swh,swh_Latn,rag_Latn,Woo ohaa!ni mimi Lledi,Woo ohaa!niinze Lledi,general_prose
kentrans_3137_swh,swh_Latn,rag_Latn,Abaabu analala kitandani.,Abaabu agonaa kukidali,general_prose
kentrans_3613_swh,swh_Latn,rag_Latn,Walikuwa ndio chakula chao katika uharibifu wa binti ya watu wangu.,Va li vyokulia vyavo mu badivi bwomukana wa avandu vange.,general_prose
kentrans_569_swh,swh_Latn,rag_Latn,20. Kuonyesha wengine uchi wako.,20. Kutulamila wundi.,general_prose
kentrans_2392_swh,swh_Latn,rag_Latn,SIKIA ROHO YANGU,MWOYO GWANGE HULILA,general_prose
kentrans_3686_swh,swh_Latn,rag_Latn,"Sungura aliwaza na kuwazua, “Nitajuaje ukweli wa mambo?”",Kisungura chaganagana nicheteva: “Namanye ndi uvulungi?”,general_prose
kentrans_983_swh,swh_Latn,rag_Latn,"Mwana wa Mungu mpendwa,","Mwana ws Nyasaye Muderwa,",general_prose
kentrans_2520_swh,swh_Latn,rag_Latn,Penye shimo -Moto,"Lifuduli, limodole - Muliru mu mavivi",general_prose
kentrans_635_swh,swh_Latn,rag_Latn,"Aliyesema, “unikumbuke!”","Ya vola, “Nzidzulitsa.”",general_prose
kentrans_1925_swh,swh_Latn,rag_Latn,Asubuhi na mapema walikuwa wakiwasha moto ili waote.,Tsisaa tsya mugamba zuri vafwananga muliru kwota.,general_prose
kentrans_3514_swh,swh_Latn,rag_Latn,Mioyo yao ilimlilia Bwana.,18 Myoyo gyavo gyanira Yahova.,general_prose
kentrans_1663_swh,swh_Latn,rag_Latn,Maswali na majibu,Mateva na Mativuli:,general_prose
kentrans_2998_swh,swh_Latn,rag_Latn,Spider/……….,Luvuvi,general_prose
kentrans_783_swh,swh_Latn,rag_Latn,"Tumepungukiwa na nguvu,","Tsingulu tsyerhu tsijehi,",general_prose
kentrans_2879_swh,swh_Latn,rag_Latn,"Punde si punde, sungura akaja mlangoni.","Hakekeke, Kisungura chatsa nikiduka ha kiliango.",general_prose
kentrans_605_swh,swh_Latn,rag_Latn,Tumwamini zaidi,"Ku mu suuvire ligali,",general_prose
kentrans_1998_swh,swh_Latn,rag_Latn,Milele daima,Muvumenyo vwe mihiga,general_prose
kentrans_1705_swh,swh_Latn,rag_Latn,Akamwambia kiongozi.,Yaamanya naavoolera Mwami.,general_prose
kentrans_1023_swh,swh_Latn,rag_Latn,Au kunisahau.,Naho ku nzivirira.,general_prose
kentrans_74_swh,swh_Latn,rag_Latn,Mvulana huyu hakujengewa kwa boma,Kandi naveye umuyai siyombakilwa hamugitsi vulungi mba,general_prose
kentrans_49_swh,swh_Latn,rag_Latn,Mjukuu wako akazaa kitukuu,Mwisukulu wovo Yivula Kisukulu.,general_prose
kentrans_3535_swh,swh_Latn,rag_Latn,"Amenizungushia ukuta ili nisiweze kutoroka, amenifunga kwa minyororo mizito.","7 U viki ku inze lugaga hosi, mbule kutsia kyova, munyororo gwange u gu koli muliduhu.",general_prose
kentrans_3640_swh,swh_Latn,rag_Latn,Nyumba zetu zimekuwa za watu wengine.,Tsinyumba tsyetu tsi veye tsya avandu vaandi.,general_prose
kentrans_3564_swh,swh_Latn,rag_Latn,"kumnyima mtu haki, Bwana hawezi kukubali mambo kama haya.","36 Kihinula mundu mu livola lilye, yaga Yahova ni a bugirira mba.",general_prose
kentrans_3426_swh,swh_Latn,rag_Latn,"“Tazama, Ee Bwana, teso langu, kwa maana adui ameshinda.”","Henza, O Yahova, lidambidzwa lyange ; kigira musigu yekuminyi.",general_prose
kentrans_2006_swh,swh_Latn,rag_Latn,Wamehuzunika sana wakati huu.x2,Kalunu vaveleye ligali,general_prose
kentrans_3185_swh,swh_Latn,rag_Latn,Ni wapi ilikopanda nyanya yaka.,Wataaga haliki inyaanya yoyo?,general_prose
kentrans_1213_swh,swh_Latn,rag_Latn,Na nyimbo za kumsifu,"Kwimba lidzominya,",general_prose
kentrans_2932_swh,swh_Latn,rag_Latn,Zimwi lilikuwa likimskiliza Agulakiraka alipokuwa akiimba,Uganani gwa huliritsanga lwa Agulakiraka yimbanga,general_prose
kentrans_2052_swh,swh_Latn,rag_Latn,Msalabani Yesu alisulubiwa,Kumsalaba Yesu yavambwa.,general_prose
kentrans_2564_swh,swh_Latn,rag_Latn,Nibebe vizuri -Kiti,Ndera vulahi - Endeve,general_prose
kentrans_1532_swh,swh_Latn,rag_Latn,Mwili,OMbiri,general_prose
kentrans_1546_swh,swh_Latn,rag_Latn,Akaanguka chini kwa kishindo,Yaagwa hasi vudinyu ligali.,general_prose
kentrans_1054_swh,swh_Latn,rag_Latn,Nitaanza safari ya kuelekea kuzuri,"Nagwo lwanda mu lujendo, shinini shilahi,",general_prose
kentrans_573_swh,swh_Latn,rag_Latn,24. Mwanaume kupiga vigelegele.,24. Mwikula kukuba kigalagala.,general_prose
kentrans_2086_swh,swh_Latn,rag_Latn,Twapigana sisi kwa sisi,"Kunyi kulwananga avene na vene,",general_prose
kentrans_3050_swh,swh_Latn,rag_Latn,Yule anadaka kweli,Ula anagiraa ligali,general_prose
kentrans_1165_swh,swh_Latn,rag_Latn,Hata kifo cha Yesu Kristo,Ni likhudza lya Yesu;,general_prose
kentrans_1080_swh,swh_Latn,rag_Latn,"U Mtakatifu, nawe U mapenzi","U veeye Mwideeri, si ha Ii ho wundi,",general_prose
kentrans_2373_swh,swh_Latn,rag_Latn,ama uchague kifo,Anoho otovole likuza.,general_prose
kentrans_2474_swh,swh_Latn,rag_Latn,Njooni marafiki wake bwana Yesu,Hambi valina vo mwami Yesu,general_prose
kentrans_994_swh,swh_Latn,rag_Latn,REHEMA,TSIMBABASI,general_prose
kentrans_2701_swh,swh_Latn,rag_Latn,Paka alikuwa akinihadaa.,Lwali lugano lwa changuba,general_prose
kentrans_1784_swh,swh_Latn,rag_Latn,Mtoto angelia mara kwa mara bila kunyamaza bila sababu ilibidi wampe jina lingine hadi atakavyo nyamaza,Mwana niyaliranga vutswa vugira kivuni vuli inyinga kuduka vageritsa lyeta lindi kuduka lwakiring’ana.,general_prose
luhya_multi_4_multi_swh,swh_Latn,rag_Latn,Indede waone watoto wasaidie na kile ambacho umepata x2,. Indede balole abana baeresiekho siria sia onyorere x2,Conversational
kentrans_3632_swh,swh_Latn,rag_Latn,Pumzi ya mianzi ya pua zetu Bwana alikamatwa katika marima yao.,20 Miyika gya umolo getu wa Yahova yamuvaka maguta yagumirwa mu bwongo bwavo.,general_prose
kentrans_2925_swh,swh_Latn,rag_Latn,MUHONJA NA ZIMWI,MUHONJA NE LINANI.,general_prose
kentrans_3286_swh,swh_Latn,rag_Latn,Naye akamwambia pamoja nawe; lakini mwendo tafadhali nipe maji kidogo maana nina kiu,"19 Naye ya mbo halala nive;navutwsa,ulugenda lwa lera, Mwadza,u mbe amadzi make u tsitsanga ku si lu ;la ku ha ubukumi;keke nwe; kigira mbeye nobuluhu.",general_prose
kentrans_3534_swh,swh_Latn,rag_Latn,Ameniketisha penye giza kama waliokufa zamani.,"6 U nzikalidzi ha veye nekisundi, kuli avakudzuzu KU inyinga intambi.",general_prose
kentrans_260_swh,swh_Latn,rag_Latn,Kule mbinguni kuna baadhi ya nyota ambao huwatawali wengine majawapo akiwa anaitwa IYASULI,Kwigulu koveye yo na vami vandi ave Tsing'ereng'ani naye ni kuli iyakulanganga IYASULI.,general_prose
luhya_multi_54_multi_swh,swh_Latn,rag_Latn,“ Huko ndiko alipopata kuwa uzuri unatoka kwa shamba ”.,“Ebweneyo newayanyoola obulaiburula mumukuunda.”,Conversational
kentrans_1794_swh,swh_Latn,rag_Latn,Mtoto alianza kusimama kwa vitu au kutambaa baada ya kuongea.O: Mu litambagira mwana yamanya atanga lyega komoloma. Kunalitsa mwana Baada ya kutambaa mtoto alizoea kuongea sasa.,Kutula ku limoola yili mwana ya manyanga mwene atanga lisingirira ku visaala maatanga litambagira.,general_prose
kentrans_3463_swh,swh_Latn,rag_Latn,"Kwa maana mauguzi yangu ni mengi sana, Na moyo wangu umezimia.","Kigira likenya lyange li gwiye linene, na mwoyo gwange gu duki mbulwaye.",general_prose
kentrans_2772_swh,swh_Latn,rag_Latn,Lala toto lala,Ndoolo!mbombera umwana.,general_prose
kentrans_1520_swh,swh_Latn,rag_Latn,MISHIPA,ARTERICS,general_prose
kentrans_791_swh,swh_Latn,rag_Latn,"Damu yake ilimwagika,","Masahi gege ga rhonya,",general_prose
kentrans_3039_swh,swh_Latn,rag_Latn,Wanaiba ile yako,Viiva agogo gala,general_prose
kentrans_1934_swh,swh_Latn,rag_Latn,Wakaamua waitwe “WALUHYA”,Vakalaga valangwe “AVALUHYA”,general_prose
kentrans_2939_swh,swh_Latn,rag_Latn,MSICHANA ALIYEOLEKA KWA ZIMWI,MUKANA WADEKA KU LINANI,general_prose
kentrans_3482_swh,swh_Latn,rag_Latn,Amezitia katika mikono ya hao adui Kuta za majumba yake.,Ya vika mmukono gwa avasigu madigi getsinyumba tsitsye tsyobwami.,general_prose
kentrans_1359_swh,swh_Latn,rag_Latn,"Kalazwa porini, zizini mwa ng’ombe",Ya gona he tsing’ombe tsi lira Ku,general_prose
kentrans_2586_swh,swh_Latn,rag_Latn,Asporo kwa mti juu -Mavi ya ndege,Asporo ku musaala - Mavi ge linyonyi,general_prose
kentrans_842_swh,swh_Latn,rag_Latn,Tusimamapo mbele,Lwa ku singira imbiri,general_prose
kentrans_1085_swh,swh_Latn,rag_Latn,"Ewe Utatu, tunakusifu",Wetsimbabasi ku ku gohanga.,general_prose
kentrans_3100_swh,swh_Latn,rag_Latn,Mama ana taa,Mama aveeye ne taya,general_prose
kentrans_1181_swh,swh_Latn,rag_Latn,"Yesu Kristo, Baba yangu","Yeu Kristo, Mwami wange,",general_prose
kentrans_3005_swh,swh_Latn,rag_Latn,Wajaluo wanachakura magugu kwa reki,Avavo vavivaa luvuva,general_prose
kentrans_1711_swh,swh_Latn,rag_Latn,"Kiongozi akwamwambia, “Basi enda na Mungu wako awe pamoja nawe.”","Ku Mwami yammbolera, ""Katsie na Nyasaye Woovo avehalala niive.""",general_prose
kentrans_2317_swh,swh_Latn,rag_Latn,Amkeni nyotye mlalao,Yavo vagonanga vavuki vwangu,general_prose
kentrans_3248_swh,swh_Latn,rag_Latn,Ling’ohani hulala wapi gizani,Ling'ohani ligonaa haliki mukisundi?,general_prose
kentrans_1504_swh,swh_Latn,rag_Latn,Miezi ya maisha yako itakuwa mizuri.,Mieri jerimenya lirio jirava mirahi.,general_prose
kentrans_2330_swh,swh_Latn,rag_Latn,Mto mtulivu,MUGERA GWE MIREMBE,general_prose
kentrans_2498_swh,swh_Latn,rag_Latn,"Huku ng,oo!kule Ng,oo -Giza",Yiyi ng'oo kandi yiyi ng'oo - Kisundi,general_prose
kentrans_2912_swh,swh_Latn,rag_Latn,Alipofika huko aliona ndege akila hindi,lwayaduka mu yalola linyonyi Ni liritsa liduma,general_prose
luhya_multi_80_multi_swh,swh_Latn,rag_Latn,"Mlikuwa mkimtii mungu , mtu yeyote anayepoteza ukweli wa huyu aliye yatima na mjane alaaniwe.","""Mwaaba ne muria Wele ""Omundu yesi yesi otiimia bung'ali Wobwo omukwa omufuubi ne namulekhwa alaamwe.",Conversational
kentrans_109_swh,swh_Latn,rag_Latn,"Mwanga wa ulimwengu wakufurahisha wazazi, jamii, kijiji, utawala na Mungu.","Uvulavu vwe lilova ukuyanzitsa Avivuli, ihili, ilidala, uvwamihi, na Nyasaye.",general_prose
kentrans_2880_swh,swh_Latn,rag_Latn,Aliona nyayo za simba.,Chalola tsinden vatiru tsie simba.,general_prose
kentrans_2799_swh,swh_Latn,rag_Latn,Wachungaji hawakunipea bure.,Na vayi sivamba vutswa.,general_prose
kentrans_3058_swh,swh_Latn,rag_Latn,Tayari pakiti moja ipo,Kiduuda kirala kiveeye yo,general_prose
kentrans_319_swh,swh_Latn,rag_Latn,NDEGE,LIDUDU,general_prose
kentrans_60_swh,swh_Latn,rag_Latn,Mjomba huyu ni Ndugu ya mama yako.,Kooza uyu ni mbotso mama wovo.,general_prose
kentrans_841_swh,swh_Latn,rag_Latn,Atuponye.,A kha khu honia nesisa sie.,general_prose
kentrans_1665_swh,swh_Latn,rag_Latn,Ni kina nani Yule mzee aliita ?,2. Nivaaha avo musakulu yalanga?,general_prose
kentrans_1116_swh,swh_Latn,rag_Latn,YESU MFALME WANGU,YESU MWAMI WANGE,general_prose
kentrans_1280_swh,swh_Latn,rag_Latn,"Rudisheni, na rudisheni sauti.","Mwami, Mwami wetu, udzi.",general_prose
luhya_multi_33_multi_swh,swh_Latn,rag_Latn,Hakuna mtu kwa watu wa uzao usioadilifu huu atakayeona sisi kuwa wazuri.,'Se aliio omundu khu baandu be selukho emayaanu yino okhabone akhuelesia efwe kali kamalayi.,Conversational
kentrans_2680_swh,swh_Latn,rag_Latn,Woo-oho ni mimi Lledi niliyekuwa nikilinda mashariki.,Woo-oho! Ninze Lledi wa lledanga ha vugwi.,general_prose
kentrans_792_swh,swh_Latn,rag_Latn,Maandiko yanasema.,ya Shitabu shi voola ndi.,general_prose
kentrans_884_swh,swh_Latn,rag_Latn,Yesu aliyetulipia yupo,Yesu Mutungiri ave’,general_prose
kentrans_1566_swh,swh_Latn,rag_Latn,Daudi alipendwa na wazazi wake,Daudi yaayanzwa naise namama weve.,general_prose
kentrans_2663_swh,swh_Latn,rag_Latn,Ilinichukua muda kuchota hayo maji.,Ndadaha tsinono,general_prose
kentrans_3682_swh,swh_Latn,rag_Latn,Aliwaza kuwa ni vyema ajifiche kwenye pango ili amnase mnyama yeyoteambaye angeingia kujikinga mvua pale.,"Yaganagana ndi nuvulahi yivisi mu, ma ihigili niiva inyama yosi yakatsi kwigama mu.",general_prose
kentrans_3346_swh,swh_Latn,rag_Latn,"Na Baraka walipotoka kukutana na Siseri, na akamwambia bibi huyo, wewe kama unasema ubadilike uingie ,mkuu uende pamoja nami, hapo yu mimi kwangu, ubadilike uingie kwangu nitaenda lakini wewe kama utaogopa kitu","8 Na Baraka twula kuvugana na Sisera, naya mu ya volera mukali uyo, Ive nu u va nu volera, U girunkane, wingire, mwami utsia halala ninze, hene yahoo inze wange, u girunkane wingire ahange;ndatsia;navutswa ive nu u va nu uu ta tia kindu.",general_prose
kentrans_752_swh,swh_Latn,rag_Latn,Amenirejesha nan a ananilinda,"Ku, na a ndeta na a ninda",general_prose
kentrans_901_swh,swh_Latn,rag_Latn,Alisumbuliwa sana.,Va kupidzwa muno.,general_prose
kentrans_3528_swh,swh_Latn,rag_Latn,Hao niliowabeba na kuwalea Huyo adui yangu amewamaliza.,"Yavo Ava nda lera nokuvirukidza, musigu wange u Mali KU VA heridza.",general_prose
kentrans_221_swh,swh_Latn,rag_Latn,Tabibu au anayebariki ndiye aliyeruhusiwa kutawaza viongozi maanake ndio walioweka mikono kwa watoto na kwa viongozi na pia walisimamia matambiko yote.,Musaalisi no mbidi vali.nivahevwa oluya kali ukuvita AVAMI kigira nivo avavika amakono kuvana nokuvami kali avasinghe miluka josi.,general_prose
kentrans_2788_swh,swh_Latn,rag_Latn,La! Naenda kwetu.,Awa! Nzitsanga witu.,general_prose
kentrans_606_swh,swh_Latn,rag_Latn,Tumfanyie kazi yake,Ku mu yinzirira.,general_prose
kentrans_3405_swh,swh_Latn,rag_Latn,MAOMBOLEZO,LISYOMA LYA JEREMIA,general_prose
kentrans_1584_swh,swh_Latn,rag_Latn,Leo hii mjue hadithi inayoeleza kuwa usimtendee mwingine maovu au kumfanyia mzaha bila sababu,"Kalunu muhulilye lugano nilumanyia ""Utakolera wundi vudamanu naho kumukolera kehenyahenye nimusekelera kivune vugira dave.",general_prose
kentrans_1210_swh,swh_Latn,rag_Latn,Watasujudu watawala,"Avami va la mwidzominya,",general_prose
kentrans_57_swh,swh_Latn,rag_Latn,Ndugu huyu ni mtoto msichana mliye zaliwa naye,Mbotswa uyu no mwana mkana wa mwivulwa naye.,general_prose
kentrans_188_swh,swh_Latn,rag_Latn,Zatsa mtoto wa mmbo,A - Zatsa? - Zatsa Mmbo,general_prose
kentrans_2260_swh,swh_Latn,rag_Latn,Muwe safi mbele za Mungu,"Vutaloleka imbiri wa nyasaye,",general_prose
kentrans_2098_swh,swh_Latn,rag_Latn,Neema zaka Mungu Baba,"Tsimbavasi tsia yahova Nyasaye,",general_prose
kentrans_2607_swh,swh_Latn,rag_Latn,Nyanya ni mgonjwa jikoni - Ndizi,Mukeere uvuyiyiki mmbwasi -Liengu,general_prose
kentrans_3367_swh,swh_Latn,rag_Latn,Njia,Inzira.,general_prose
kentrans_469_swh,swh_Latn,rag_Latn,Wakati mwingine alioonekana kwao walikua wagonjwa ama kuwafanya wengine wazima kugonjeka.,"Tsing'inga tsindala avayalolekanga ku yavo valange avalwaye, na vandi valwala.",general_prose
kentrans_1396_swh,swh_Latn,rag_Latn,KUZALIWA KWA YESU NA UFUFUO WAKE,LWIMBU LWE INGELOSI,general_prose
kentrans_3154_swh,swh_Latn,rag_Latn,Ita kwa ishara.,sima,general_prose
kentrans_2418_swh,swh_Latn,rag_Latn,Hautasamehewa kamwe,Si ulanyola lisamefwa mba,general_prose
kentrans_227_swh,swh_Latn,rag_Latn,miguu kuonyesha kwamba ni mtu aliyefanyiwa TAMBIKO,virenge ukumanyia ndi no mundu wakolwa ku IMIIMA.,general_prose
kentrans_536_swh,swh_Latn,rag_Latn,Angelala nje.,Yagonanga ichova.,general_prose
kentrans_2359_swh,swh_Latn,rag_Latn,Watu wawatanbue kwa nienendo yenu.,Avandu valole ligenda lienyu,general_prose
kentrans_2010_swh,swh_Latn,rag_Latn,Mdadisi mioyo yenu,Muhendele myoyo gwenyu mwinye x2,general_prose
kentrans_1208_swh,swh_Latn,rag_Latn,Chemichemi ya furaha,Kisinuku kyobuyanzi.,general_prose
kentrans_1605_swh,swh_Latn,rag_Latn,Anakamuna alifika kwao na kumwambia mamake kuwa amuondolee matawi ya ndizi yaliyokuwa mlangoni ili apite.,Anakanani yaduuka waavo manaavolera mama weeve amuvetere amalala gaali mukiriango avitirimu.,general_prose
kentrans_2700_swh,swh_Latn,rag_Latn,Paka alinidanganya atanichumbia.,Kibuusi changaada kirambolitsa.,general_prose
kentrans_3173_swh,swh_Latn,rag_Latn,Siku moja afisa wa elimu alitembelea shule.,Lidiku lirala muluuti yaduukaho,general_prose
kentrans_1082_swh,swh_Latn,rag_Latn,"Baba, Mwana, Roho, Mungu Mwemye enzi","Nyasaye Yahova, Umutaktifu;",general_prose
kentrans_2913_swh,swh_Latn,rag_Latn,Alijaribu kulishika lakini lilipa Na kuenda Kwa mti uliokuwa karibu,"Yageritsa kuligumira, navutsa liabulika nirivitsa ku musara gwa ahimbi",general_prose
kentrans_3541_swh,swh_Latn,rag_Latn,Amenichoma kwa mishale ya podo lake.,13 U ndasi nemibano gye imodia yeye mu kikenge kyange.,general_prose
kentrans_70_swh,swh_Latn,rag_Latn,Nyanya aliyezaa mke wako ni nyanya yako pia nyanya aliyezaa baba yako unamuita pia nyanya,Guku umkeere wivula umukali wowo ni guku wowo kandi Guku umkeere wivula baba wovo umulaganga kandi guku.,general_prose
kentrans_759_swh,swh_Latn,rag_Latn,Naye unisaidiaye.,Naye u nkonyanga inze.,general_prose
kentrans_1662_swh,swh_Latn,rag_Latn,Yule mzee alizichukua zile pesa akiwa na furaha mno,Musakulu uyo yaavugula tsisiringi nuvusaangali.,general_prose
kentrans_3481_swh,swh_Latn,rag_Latn,"Bwana ameitupilia mbali madhabahu yake, Amepachukia patakatifu pake.","7 Yahova ya ta ubwali bwibwe, kandi ya ta hatakatifu hehe.",general_prose
kentrans_3315_swh,swh_Latn,rag_Latn,13 ndipo waliteremka mabaki,13 Hene yahoo iya sulunguta litigala,general_prose
kentrans_377_swh,swh_Latn,rag_Latn,mwishowe mbeleko anamolala mtoto tumboni hupasuka na koyoa fursa kwa mtoto kuzaliwa.,Manyima isungi naho luvuva lwo mwana agonamu lwa lwadika ma omwana inyima yivulwa.,general_prose
kentrans_437_swh,swh_Latn,rag_Latn,Kushiriki tendo la ndoa na mnyama (mwiko),29. Kwononyia mutugu. (Luswa.),general_prose
kentrans_2596_swh,swh_Latn,rag_Latn,Nina mzungu wanguu anaingiia mchangani na nguo ya ndani na anarejea na koti -Njugu,Mbeye no musungu wange atsitsaamwirova ne vesiti na yirana ne Likoti - Injugu,general_prose
kentrans_2160_swh,swh_Latn,rag_Latn,Kwa maovu wayatendao wenyewe,"Kigira uvudamanu wwa vakora, avene.",general_prose
kentrans_1632_swh,swh_Latn,rag_Latn,Aka murai waende kuchovia na kula asali mtini.,Yaamuvoolera vatsie kulia vwuki kumsala.,general_prose
kentrans_209_swh,swh_Latn,rag_Latn,Tabibu huyu hakuwa mtu wa KUKASIRIKA HARAKA.,Umbidi uyu siyalange umundu wo VUTIMA VWA VWANGU MBA.,general_prose
kentrans_3124_swh,swh_Latn,rag_Latn,Washa moto ……….,Fana muliru mumafefe,general_prose
kentrans_566_swh,swh_Latn,rag_Latn,Baba kuishi katika nyumba ya mtoto wake. (mtoto anaweza kuishi katika nyumba ya babake),17. Dada kwadikila munyumba yumwana. (Navutswa mwana anyala kuvugula inyumba ya ise amenyemu.),general_prose
kentrans_314_swh,swh_Latn,rag_Latn,Mwanamke akiishi miaka zaidi ya 50 haezi zaa na akizidisha ni kidogo tu miaka 60 ukoo wake na uwezo wake wa kuzaa unakuwa umeisha kwa sababu ukoo na mwezi ulikuwa wakai ambao msichana alikuwa akienda hedhi lakini akifunga kuzaa hangepata hedhi kasha urafiki na ukoo unaisha,Mundu mukali namaliyi mihiga kuvita 50 alekela ulwivulu mahakekeke ni yakaduka mihiga 60 uvwiko vwivwe no mweli gwo kwigulu vovetsa nivufweye kigira uvwiko vwavo no mweli lwalange ulwo mukan yatsitsa mu mweli navutswa niyakamala kulekela ulwivulu ma nyima amasahi gatsia ma uvulina no mwiko vufwa,general_prose
kentrans_625_swh,swh_Latn,rag_Latn,Alitufia dhambi zetu,Ya kudzira bwoni bwetu:,general_prose
kentrans_234_swh,swh_Latn,rag_Latn,"Jua huangaza na kutekeleza majukumu yake mchana, na likishamaliza linaachia mwezina nyota kukamilisha majukumu yaliyosalia.",Liuva liakanga miyinzi jalio ni mbasu niliakamala malilekela umweli ne tsing’ereng’ani tsitwekitsi miyinzi jitagaye.,general_prose
kentrans_1704_swh,swh_Latn,rag_Latn,Mkubwa wa majeshi wa Waisrairi alimchukua na kumpeleka mbele ya kiongozi ili akasikie aliyokuwa akisema.,Munene weriihe lia Vaisiraeri yaamuvugula naamuhira imbiri wo Mwami ahulire kumang'ana gayaavolanga.,general_prose
kentrans_3081_swh,swh_Latn,rag_Latn,Katoto,akaana,general_prose
kentrans_3681_swh,swh_Latn,rag_Latn,Alipokuwa akirudi aliona pango.,"Lwa yali natsitsanga, yalola luhangaywa.",general_prose
kentrans_13_swh,swh_Latn,rag_Latn,Mtoto wa Tonde,Umwana tonde,general_prose
kentrans_112_swh,swh_Latn,rag_Latn,Awe mwenye mbegu nzuri yakufurahisha ulimwengu.,Ave ne imuu (Embego) indahi iyanzitsa ikivala.,general_prose
kentrans_2509_swh,swh_Latn,rag_Latn,Watu wanacheka naye anawaonyesha mihogo -Meno,Vandu vaseka naye avamanyia Miogo -Aminu,general_prose
kentrans_1954_swh,swh_Latn,rag_Latn,"Lakini wakati mwingine mwakani miezi ya kufunga mwaka wa mavuno wa maharagwe na kuanza kupanda wimbi, wakati mwingine iwapo mvua ingepotea watu wangefurahia kucheza michezo ya kufurahisha.","Navutswa inyinga ndala mu muhiga myeli gyo kumala muhiga gwe livuna lya maganda ni litanga lyo kulima ovolo, Inyinga yiyi imbula yalange niyagoti na vandu valange no vusangali kokola mikinu josi jo kuyanzitsa.",general_prose
kentrans_1630_swh,swh_Latn,rag_Latn,Wakaachana.,Mavaavukana.,general_prose
kentrans_2667_swh,swh_Latn,rag_Latn,Nilikutana na mbuzi wa mchungaji mmoja,Ndanyola tuvuli tu mwayi.,general_prose
luhya_multi_134_multi_swh,swh_Latn,rag_Latn,Mungu mweza wa vyote alisikia kurudi wakatuletea sisi kisha tukalalamika tunataka matunda ambayo watapata huko.,"""Wele Omunyali Owa Bioosi aulila Khukobola bakhureerera efwe mala khukhwelung'unya khwenywe mala khu matuunda niko banyoolayo.",Conversational
kentrans_1509_swh,swh_Latn,rag_Latn,Moyos,Mwoyo,general_prose
kentrans_473_swh,swh_Latn,rag_Latn,Ndipo wenye boma hilo walikuwa wakimtafuta atakayemchoma.,Kunangwa avandu va hango yaho vamanya vatsia kwenya musambi.,general_prose
kentrans_2163_swh,swh_Latn,rag_Latn,Leo mtakuwa mtakubalika kwake,"Kalunu mulava avalungi veve,",general_prose
kentrans_862_swh,swh_Latn,rag_Latn,"Mwokozi Yesu anapenda watu,","Mwami Yesu a yanzi vandu,",general_prose
kentrans_2049_swh,swh_Latn,rag_Latn,Wakafanya Yesu Asulubiwe,Vagira Yesu navambwa,general_prose
kentrans_1153_swh,swh_Latn,rag_Latn,Utakuwa wimbo wa kumsifa,Luliva Iwimbu lwo busangali.,general_prose
kentrans_3477_swh,swh_Latn,rag_Latn,Tena amemzidishia binti Yuda Matanga na maombolezo.,Kandi mu mukana wa Yuda u medi lisyoma nokwiduya viritu.,general_prose
kentrans_1478_swh,swh_Latn,rag_Latn,Anzemo alitoroka Ndovu,Anzemo yirukaa enzogu.,general_prose
kentrans_1597_swh,swh_Latn,rag_Latn,Unajifunza nini kutokana na hadithi hii?,10. Lugano yiru lukwigitsangaki?,general_prose
kentrans_1555_swh,swh_Latn,rag_Latn,Ona mama na mtoto.,Lola mama numwana.,general_prose
kentrans_2774_swh,swh_Latn,rag_Latn,Mama alikataza usichokoze mlezi.,Yagaya kutindira muleri.,general_prose
kentrans_1661_swh,swh_Latn,rag_Latn,Badae walimuona akirudi na pesa,Inyima hake vaalola naatuliye netsisiringi!,general_prose
kentrans_679_swh,swh_Latn,rag_Latn,Aliyewalipia watu,Wa tungira vandu;,general_prose
kentrans_1660_swh,swh_Latn,rag_Latn,Waliokuwepo kwenye umati walibaki wakicheka sana,Avalio mukiduma vatigala muuseko nivaseka ligali.,general_prose
kentrans_362_swh,swh_Latn,rag_Latn,"Hata ndege ikitua ama kuanguka katika mlima wa volcano, huwa haionekani kwa sababu juu ua mlima huu ni mhali patakatifu pa Mungu.","Endege nigwiyi ku eloleka hitsiyi ,mba, kigila kwigulu kwe kigulu nu kutakatifu kwa Nyasaye.",general_prose
kentrans_136_swh,swh_Latn,rag_Latn,Ukimuuita mtoto huyu jina la mtu ambaye hamkuelewana naye alikataa,Nulanga umwana uyu ilieta lio mundu wamwali nimwalegana naye siyenya mba.,general_prose
kentrans_2672_swh,swh_Latn,rag_Latn,Mbona unapiga mbuzi wangu?,Ubamira ki tuvuri twange?,general_prose
kentrans_3333_swh,swh_Latn,rag_Latn,Karibu na mito ya Rubeni amka.,"Himbi ku migera gy Rubeni vuka,",general_prose
kentrans_1195_swh,swh_Latn,rag_Latn,Mwana Wa Daudi,Umwana Wa Daudi,general_prose
kentrans_3680_swh,swh_Latn,rag_Latn,"Ilipofika jioni, aliamua kurudi nyumbani.","Lwa vwaduka hamugolova,yaganagana kwilana yengo",general_prose
kentrans_367_swh,swh_Latn,rag_Latn,"Hupita kandokando kama kwa mlima,",Tsitsila ku ndulu kuli kuvigulu.,general_prose
kentrans_2404_swh,swh_Latn,rag_Latn,Usinitie katika aibu,Utandeka mu tsisoni,general_prose
kentrans_2826_swh,swh_Latn,rag_Latn,Niende niende niende kupanda.,Nzie nzie nzie nzie kumitsa.,general_prose
kentrans_30_swh,swh_Latn,rag_Latn,Kaviri mtoto wa Nyambura,Kaviri nyambura,general_prose
kentrans_3160_swh,swh_Latn,rag_Latn,Soma hesabu vizuri,Soma isaabu vulahi,general_prose
kentrans_23_swh,swh_Latn,rag_Latn,Wa Ninga,A ninga,general_prose
kentrans_3562_swh,swh_Latn,rag_Latn,Kuwaponda chini ya nyayo wafungwa wote duniani.,34 Ku va duvagira isi wevirenge vyavo ava bofwa vosi vomu lirova.,general_prose
luhya_multi_74_multi_swh,swh_Latn,rag_Latn,Mtalaaniwa kwa kila kitu ambacho ako anawapatia kuwa chenu.,"""Mulalaamwa mu buli siindu nisio alikho amuelesia khuuba sisienywe.",Conversational
kentrans_1123_swh,swh_Latn,rag_Latn,Ni furaha ilo je sote kumfuata Yesu atulishe tushibishwe,A ve bobuyanzi bwosi Mwinye ni mulonda Yesu Mu la nyoola vya mwa daka,general_prose
kentrans_3002_swh,swh_Latn,rag_Latn,Yule wako,Wovo ula,general_prose
kentrans_720_swh,swh_Latn,rag_Latn,"Leo hii, leo hii","Nunundi, nunundi,",general_prose
luhya_multi_81_multi_swh,swh_Latn,rag_Latn,"Mkanijibu kuwa, tumefanya jinsi yatakavyokuwa vizuri mwenyewe atampigania.","""Mwangobosia muli, 'Khwakholile ngrira mala kalaba bulayi bwene omwene alamupanila.",Conversational
kentrans_725_swh,swh_Latn,rag_Latn,Kwa sababu anapenda wenye dhambi wote,Shigira a yanza voni vosi.,general_prose
kentrans_421_swh,swh_Latn,rag_Latn,Vichaka hivi vilikuwa vikubwa na mtoto angejificha hapo hangepatikana.,Vulimu vwali ni vukikiri ku vonene vwene mwana ni yivisi mu siyali anyala konyoleka dave.,general_prose
kentrans_707_swh,swh_Latn,rag_Latn,Wote wajuao upendo,Vosi va manya buyanzi,general_prose
kentrans_1961_swh,swh_Latn,rag_Latn,Walibakia wale ambao walikuwa wamekubaliana kupigana.,Vatigala mu yavo avavugirizani kulwana.,general_prose
kentrans_461_swh,swh_Latn,rag_Latn,"Na iwapo ataoa tena kabla ya kwenda kwa kina mkewe aliyeaga, wakati angetaka kwenda huko sasa angemwambia mke aliyemwoa sasa aende kwao kwanza.","Na niva alaleeta mukali wundi, ahenze vulahi lwalangwa kutsia wanga mukali weve wakuza, avoolere mukaļi mugeni uyu kutsia wavo agoneyo.",general_prose
kentrans_44_swh,swh_Latn,rag_Latn,Sikukuu,Siguku,general_prose
kentrans_88_swh,swh_Latn,rag_Latn,"Mwanaume anayeshiriki ngono na mamake,dadake,shangazi,nyanya,binamu na wengineo hakubaliki katika jamii na mtoto huyo akizaliwa asinyonyeshwe na mamake na pia akifa azikwe mbali","Luswa umundu musatsa ogoni no mkali umwiko kuli nnyia,mbotso, senge,guku mushara navandi lugano lugano vavola ugwiyi uluswa nagadukana mundumwene uyu atuli muhili yeye na umwana uyu wivuliywi avuli kununa kutsembere tsia nnyia na mwana mwenye uyu atevwe ihale nakutsi",general_prose
kentrans_1754_swh,swh_Latn,rag_Latn,Kukuwa kwa mtu,Liviruka lyo mundu,general_prose
kentrans_1450_swh,swh_Latn,rag_Latn,Unaweza ukaona nini gizani?,Unyala kololaki mukisundi?,general_prose
luhya_multi_47_multi_swh,swh_Latn,rag_Latn,"Wasimamizi wakuu watauliza uzima kwa uzima, macho kwa tena watu wengine kuwa, kuna mtu ambaye jicho, jino kwa jino, mkono damu yake yaliyeyuka sababu uoga na kwa mkono na mguu kwa yaliyokuwa hivyo aende nyumbani.","""Babemeelesi bakhulu balareeba bulamu khulwe bulamu, emoni khulwe lundi babaandu bali, 'Aliio omundu niye moni, liliino khulwe liliino, kumukho- kamafuki kewe keelulukha sikila buuri? no khulwe kumukhono ne sikele khulwe Kaaba kario ache engo.",Conversational
kentrans_562_swh,swh_Latn,rag_Latn,15. Kuona uchi wa baba mkwe na mama mkwe.,15. Kolola chahonyo cha navizala wovo.,general_prose
kentrans_283_swh,swh_Latn,rag_Latn,Ndipo mke huenda kuoga ziwani.,Ulwo mkali atsitsanga mu leave mu Nyanza.,general_prose
luhya_multi_59_multi_swh,swh_Latn,rag_Latn,“Sasa leo nimeamua kulipiza kisasi kutokana na vile uliwafanya watoto wangu.”,“Khalano nyaingaino ndakhaamua khulipsya ngekulo wakholere banabanga.”,Conversational
kentrans_3492_swh,swh_Latn,rag_Latn,Wanawali wa Yerusalemu huinama vichwa vyao Kuangalisha chini.,Avakana vagima va Yerusalemi vinaminya mitwe gyavo kuhenzidza hasi,general_prose
kentrans_1821_swh,swh_Latn,rag_Latn,"Waliotahiriwa waliishi pamoja, kula na kutembea pamoja.","Avakevwa vamenyanga halala, valitsanga halala vagendanga halala.",general_prose
kentrans_3623_swh,swh_Latn,rag_Latn,"Walipoondoka na kurandaranda watu walisema kati ya mataifa, hawatakaa hapa tena.",Lwa viruka nokuvoyavoya avandu vya vola tsihiiri yitsyo si va menya yo Kandi kuli avageni.,general_prose
kentrans_1494_swh,swh_Latn,rag_Latn,Tena akamuvunia mtama ikajaa.,Kandi yamugesera amavere nigavunga.,general_prose
kentrans_466_swh,swh_Latn,rag_Latn,Jambo hili halikutendeka kwa wote.,Yaga sigalangeku mundu wosi wosi mba.,general_prose
kentrans_1245_swh,swh_Latn,rag_Latn,"Ndani yeye, upendo wa Bwana unadhihirika","Muye Mwami a va manyia ubuyanzi bwibwe,",general_prose
kentrans_1634_swh,swh_Latn,rag_Latn,"Jini (Anakanani) alipokuwa anapanda mti, Sungura (Anakamuna) akawasha mkia wa jinni (Anakanani)",Lwayaali naaninanga Anakamuna yaahambitsa umusembe gwa Anakanani.,general_prose
kentrans_896_swh,swh_Latn,rag_Latn,Rehema zake;,Tsimbabasi tsitsye;,general_prose
kentrans_534_swh,swh_Latn,rag_Latn,"Fauka ya hayo, mwenye nyumba alitoroka usiku.",Naho mwene yiruka vudiku.,general_prose
kentrans_3098_swh,swh_Latn,rag_Latn,Anatoroka hakika,Yirurukaa ligali,general_prose
kentrans_3104_swh,swh_Latn,rag_Latn,Kifungu kimemaliza kamba ya ganda la ndizi,Livoho limaliye likoola,general_prose
kentrans_2390_swh,swh_Latn,rag_Latn,Chagua leo kuishi,Tovola lero liva mwoyo,general_prose
kentrans_1905_swh,swh_Latn,rag_Latn,Kumbuka hawakuwa na kichungi.,Numanyi si vali ne kichungiru da.,general_prose
luhya_multi_93_multi_swh,swh_Latn,rag_Latn,"Na mkikopesha pesa, ama chakula ama kitu kingine chochote kwa kulinda kambi ya muisaraeli mwenzake, hata akiweka riba.","""Ne wikopia chirupia, namwe siakhulia namwe sisindu sisiindi siosi siosi khu Khuliinda ekambi eye Muisiraeli wasio, okharaakho bukhala.",Conversational
kentrans_3153_swh,swh_Latn,rag_Latn,Tai yuko kwa hindi.,Lijikolo liveeye kuliduuma,general_prose
kentrans_1719_swh,swh_Latn,rag_Latn,Kinywere (mongoose),Kinywere,general_prose
kentrans_2719_swh,swh_Latn,rag_Latn,TUNAVYOKULA NA TUSIVYOVILA.,VYA KULITSA NE VYA KUTALITSA,general_prose
kentrans_1184_swh,swh_Latn,rag_Latn,Watambua Jina lako,Va manya Lyerha Lyo.,general_prose
luhya_multi_77_multi_swh,swh_Latn,rag_Latn,“Kitendaliwa!! Tega.,“Munaee!! Kwitse.,Conversational
kentrans_2714_swh,swh_Latn,rag_Latn,Ni kidogo kabisa,Ne kedonye che kituva,general_prose
kentrans_3275_swh,swh_Latn,rag_Latn,"Wakati huo Debora,nabii,wako?","4 24 4 Inyinga yeyo Debora,muprofeti, wowo?",general_prose
kentrans_1403_swh,swh_Latn,rag_Latn,"Ndiye Bwana wa mbingu, Tangu milele Mungu",Tsingelosi vandi vika avanyingi kuli lihe,general_prose
kentrans_946_swh,swh_Latn,rag_Latn,Vyote tulipewa.,Ivindu vyosi ni vya nkhayerwa.,general_prose
kentrans_661_swh,swh_Latn,rag_Latn,Sisi sote tuwachilie,KWINYE KWOSI KU LAKUULE,general_prose
kentrans_1508_swh,swh_Latn,rag_Latn,Moyo hupiga damu ndiposa inazunguka mwilini.,Mwoyo gukubagaa masahi nigagenda.,general_prose
kentrans_2042_swh,swh_Latn,rag_Latn,Alisulubiwa Yesu alisulubiwa,Yavabwa Yesu yavambwa,general_prose
luhya_multi_92_multi_swh,swh_Latn,rag_Latn,Na ukiapa kwa mungu mwenyezi shauri asirudi.,“Ne wichuba khu Wele Omunyali kambila akhakobola tawe.,Conversational
kentrans_3689_swh,swh_Latn,rag_Latn,"Simba aliposikia haya, alijibu kwa sauti kubwa","Lwe isimba yahulira yahanzuka,",general_prose
kentrans_2813_swh,swh_Latn,rag_Latn,Nitakupikia chai ukilala.,Nangodekere ichai gona,general_prose
kentrans_3666_swh,swh_Latn,rag_Latn,Ole wetu! Kwa kuwa tumetenda dhambi.,O bayaye ku kwinye! kigira ku koli ubwoni.,general_prose
kentrans_1126_swh,swh_Latn,rag_Latn,"Kwa sabau ya ulimwengu, na hat mbingu","Kigira lirova lyosi, kandi bwerefu yaho",general_prose
kentrans_2732_swh,swh_Latn,rag_Latn,Mwezi ulikuwa mdogo wiki iliyopita.,"Lisitsa liafa,kali kakutsutsu.",general_prose
kentrans_1875_swh,swh_Latn,rag_Latn,Nikuulize.,Nyenya ndeve.,general_prose
kentrans_222_swh,swh_Latn,rag_Latn,ANAYETOA KAFARA,MUSWAKILI,general_prose
kentrans_544_swh,swh_Latn,rag_Latn,Baadhi ya miiko ya Wamaragoli iliwekwa kuogofya watu wasitende maovu.,Mijiru ja Valogooli milala javikangwa kutihitsa amahiolo naho amatava gavuli kokolwa.,general_prose
kentrans_2414_swh,swh_Latn,rag_Latn,"Ndani ya moyo, ndani kabisa","Musi mu mwoyo , musi ligali",general_prose
kentrans_3687_swh,swh_Latn,rag_Latn,Alisimama kando ya mlango na kuuliza,Chasingila hambeta ho muliango niketeva:,general_prose
kentrans_928_swh,swh_Latn,rag_Latn,Nitawacha nyumba yangu kwa sababu nakupenda.,Nda lekha ingo yanje ndi Shigira nda khu yanza.,general_prose
kentrans_2753_swh,swh_Latn,rag_Latn,Mwingine je!,Na undi noho!,general_prose
kentrans_710_swh,swh_Latn,rag_Latn,Watasamehewa,Va la verererva,general_prose
kentrans_2926_swh,swh_Latn,rag_Latn,Hapo zamani za kale palikuwepo watoto wawili yatima,Kale muno valiho vaana vaviri avavisandu,general_prose
kentrans_1037_swh,swh_Latn,rag_Latn,Uyukufu kwake! Uyukufu kwake!,Luyali khuye! Luyali khuye!,general_prose
kentrans_2403_swh,swh_Latn,rag_Latn,Naja kwoko wewe pekee,Nzisundanga ku ive wengine,general_prose
kentrans_1479_swh,swh_Latn,rag_Latn,Mbegu hiyo ni kubwa.,Enzoli yengeta neenene.,general_prose
kentrans_2744_swh,swh_Latn,rag_Latn,Mtoto wa kiume alionyesha tabia za kuvutia.,Mwana muyayi yalolekitsa miima mirahi.,general_prose
kentrans_819_swh,swh_Latn,rag_Latn,"Roho aishi nami,","Roho a menye ninze,",general_prose
kentrans_3365_swh,swh_Latn,rag_Latn,Na mkono wa wana wa Israeli,24 Na mkono wa bwana Israeli,general_prose
kentrans_1157_swh,swh_Latn,rag_Latn,Kwa nyimbo tamu,Netsinyimbu tsindahi;,general_prose
kentrans_2540_swh,swh_Latn,rag_Latn,Chudi chudi kwa nyasi -Aina ya ndege,Chudi chudi mu tsinzeywe - Viyundi,general_prose
kentrans_2371_swh,swh_Latn,rag_Latn,Uchangue njia uipendayo,Otovole lero chawenyanga,general_prose
kentrans_3025_swh,swh_Latn,rag_Latn,Wanazoa hii yao.,Vayoyaa iyaavo yiyi,general_prose
kentrans_3598_swh,swh_Latn,rag_Latn,"Hata mbwa mwitu hutoa matiti, na kuwanyonyesha watoto wao.","3 Kali vibwe vi twulidza tsimbeere, nokunyuunya avana vavyo.",general_prose
kentrans_1121_swh,swh_Latn,rag_Latn,Sinayo yote fahamu Aliko Mwokozi wangu Ndiye yeye ajuaye,Inze mwene si nda manya Mwami wange ha a veeye Mwene amanya bulahi.,general_prose
kentrans_2820_swh,swh_Latn,rag_Latn,Sauti ilitokea kule chini ya kiyu kikilia zuu,Kindu chatulira indangu kizuulanga zuu.,general_prose
kentrans_1781_swh,swh_Latn,rag_Latn,Mtu kama Yule angejulikana jina lake lilipewa Yule mtoto,Mundu kuli mwene uyu namanyikani lyeta lilye lyamanya lihebwa mwana mwene uyu.,general_prose
kentrans_273_swh,swh_Latn,rag_Latn,Mwanamke alijua rafiki yake wa karibu na Mwokozi wake na mwezi uwakao usiku huo.,Umundu mkali yamanya umulina weve wahimbi na Umwami wewe no mweli gwaka vudiku yigu.,general_prose
kentrans_3678_swh,swh_Latn,rag_Latn,"Hapo zamani za kale , palikuwa na simba.",Kale muno yaliho isimba,general_prose
kentrans_522_swh,swh_Latn,rag_Latn,TAMBIKO ZA UTAKASO NA KUSAMEHEANA,MIIMA JI LIHOLITSA NI LILEKERANA,general_prose
kentrans_523_swh,swh_Latn,rag_Latn,"Ndizi mbichi, lineke, kondoo, na asali ilokomaa ni baadhi ya bidhaa zilizotumika katika sherehe za kusameheana na kutakasana kutoka kwenye maovu ya miiko.","Ligomia livisi, lineke, ligondi, nu vwuki vwangote nivio viatumiki rangwa ku miyinzi je lilekerana no kutulitsa amahiolo.",general_prose
kentrans_2254_swh,swh_Latn,rag_Latn,Mungu mwnyewe ameahidi,"Nyasaye kalunu umali kulaga,",general_prose
kentrans_1540_swh,swh_Latn,rag_Latn,Wembe huuzwa kwa bei gani,Lugembe luveeye navuguliki?,general_prose
kentrans_3625_swh,swh_Latn,rag_Latn,"Hawakujali nafsi za wale makuhani, Hawakuwaheshimu wazee wao.",Vavula kwelidza ku liva lyavasalisi si va tovolannya ku vakulundu.,general_prose
kentrans_2730_swh,swh_Latn,rag_Latn,Tazama mwezi.,Henza ku mweli.,general_prose
kentrans_1277_swh,swh_Latn,rag_Latn,"Furaha kwake dunia, MwokoziniMfalme",Ubuyanzi bu ve hoosi; Vandu voosi vimbe;,general_prose
kentrans_351_swh,swh_Latn,rag_Latn,Mvua ikianza kunyesha huanzia milimani kuelekea chini.,Imbula nikuba itangila kuvigulu kukuba kutsia hasi.,general_prose
kentrans_1304_swh,swh_Latn,rag_Latn,Amelazwa kihorini,U lingiywi mu tuguvo,general_prose
kentrans_1562_swh,swh_Latn,rag_Latn,Mtoto aliwasaidia wazazi wake kuhesabu vifaranga walioanguliwa,Mwana yakoonya baba namama kuvalitsa viminyu vialulwa.,general_prose
kentrans_1618_swh,swh_Latn,rag_Latn,Anakamuna akiwa na furaha.,Anakamuna naaveeye nuvuyanzi.,general_prose
kentrans_2983_swh,swh_Latn,rag_Latn,Mugongoni,Idiidi,general_prose
kentrans_1529_swh,swh_Latn,rag_Latn,Mishipa,Tsingeho,general_prose
kentrans_2949_swh,swh_Latn,rag_Latn,Kila jioni mulezi aliyekulwa na zimwi alikuwa akiimba hivi:,Vuli hamugolova muleri walivwa ne linani yimbanga ndi:,general_prose
kentrans_1222_swh,swh_Latn,rag_Latn,U mlinzi kila siku,U va linde kazozo.,general_prose
kentrans_675_swh,swh_Latn,rag_Latn,Ulitufia sote,Wa kudzera kwosi;,general_prose
kentrans_3157_swh,swh_Latn,rag_Latn,Paka,siisa,general_prose
kentrans_2910_swh,swh_Latn,rag_Latn,Evelia alikuwa mvulana mwerevu Sana,Evelia yali muyayi mugeri ligalli muno,general_prose
kentrans_3589_swh,swh_Latn,rag_Latn,"Ee Bwana, umesikia matukano yao, mashauri yao yote mabaya dhidi yangu.","61 Wa hulira amanyego gavo, O Yahova, na lisaavira lyavo Lya vasaviira ku inze.",general_prose
kentrans_3272_swh,swh_Latn,rag_Latn,"Tangu siku hiyo, ndiegu hajawhi kumunyima mwanawe chakula, na vivyo hivyo mototo hajawahi munyima mamake chakula.","Kutula Iwene yilwo Ndiegu kandi siyamanya yime mwana weve chokulia mba, kandi mwana siyima mama weve chokulia mba.",general_prose
kentrans_3548_swh,swh_Latn,rag_Latn,"Ninayakumbuka vyema, nayo nafsi yangu imezimia ndani yangu.","20 Mwoyo gwange gu kidzulizanga yago, na gwinama mu inze.",general_prose
kentrans_2664_swh,swh_Latn,rag_Latn,Niliyanywa kwa haraka.,Ndanwa gaba gaba,general_prose
kentrans_2490_swh,swh_Latn,rag_Latn,Sisi tuliyo marafiki Wa Nwana Yesu,Kwinye avalina vo mwami Yesu,general_prose
kentrans_2264_swh,swh_Latn,rag_Latn,Mayatima na wajane,"Avavisandu na vakunzakali,",general_prose
kentrans_1918_swh,swh_Latn,rag_Latn,Huenda masharti haya yalikuwa makali zaidi kuliko masharti ya dini za kisasa.,Galolekanga kali gali ni gavita amalago ge. dini ya madiku gano.,general_prose
kentrans_169_swh,swh_Latn,rag_Latn,Ukisoma vitabu hivi na utaona haya;,Usome ivitabu yivi na ulalola ndi;,general_prose
kentrans_3164_swh,swh_Latn,rag_Latn,Tai wako kwa mahindi yetu.,Majikolo gaveeye kumaduuma getu,general_prose
kentrans_1803_swh,swh_Latn,rag_Latn,Akifikisha miaka mine hivi alifaa kuwa mlezi. O: Hali Kanyingi mwana mukana yaleranga mwana olonda omulonda. Mara nyingi mtoto msichana aliwalea ndugu wanaomfuata kwa uzao wao.O: Hali Kanyingi umwiko yaatsanga kusava muleri vamanya vahaana mwana mukana we muhiga sita naho saba atsia Kolerera mwiko. Mtu wa jamii yake alipokuja kuomba mlezi alipewa msichana wa miaka sita au saba.O: Muyinzi gwo muleri gwalange Hiyo ndiyo ilikuwa kazi ya mlezi.,Natsia kutsia himbi mihiga jine ndi yenyekanga kalunu ave muleri wo mwana,general_prose
kentrans_3552_swh,swh_Latn,rag_Latn,"Nimeiambia nafsi yangu, Bwana ni fungu langu, kwa hiyo nitamngojea.","24 Yahova aveye kidieli kyange, mwoyo gwange gu vola, kigira yaga Nda suuvira kuye.",general_prose
kentrans_1177_swh,swh_Latn,rag_Latn,Nitanena ndimi elfu moja,Nyenya tsinimi elfu moja,general_prose
kentrans_834_swh,swh_Latn,rag_Latn,Yu wapi? Tunamtafuta,A li hena? Khumweyigine,general_prose
kentrans_3110_swh,swh_Latn,rag_Latn,"Kitambo, watoto walikuwa wanavaa …………..",Kale avaana vivikaa mamooli,general_prose
kentrans_1009_swh,swh_Latn,rag_Latn,Nani anayetaka kukombolewa?,Bwaha wenyanga kubohololwa?,general_prose
kentrans_990_swh,swh_Latn,rag_Latn,Ni nani atarejea?,Ni wi udzanga khandi?,general_prose
kentrans_463_swh,swh_Latn,rag_Latn,"Na walipotoka huko na vyakula, mke huyo mgeni hakufaa kula.",Kandi Iwavatulayo ne viukulia mukali mugeni uyu ataliaku mba.,general_prose
kentrans_1881_swh,swh_Latn,rag_Latn,Kuku aliyechinjwa na kukatwa vipande aletwe.,Engoko isasage yagwa luswa itsie kwitwa.,general_prose
kentrans_2457_swh,swh_Latn,rag_Latn,Yuaja kuchukua waumini,Yazanga kuvugula livugana,general_prose
kentrans_2036_swh,swh_Latn,rag_Latn,Ulisababisha Yesu kusulubiwa,Vwagira Yesu navambwa x2,general_prose
kentrans_2620_swh,swh_Latn,rag_Latn,HADITHI,TSINGANO,general_prose
kentrans_1154_swh,swh_Latn,rag_Latn,Ni wimbo tutaimba mbinguni,Lwakulimba mwigulu.,general_prose
luhya_multi_83_multi_swh,swh_Latn,rag_Latn,Nafula alikuwa ameogopa jembe siku hizi amekazana na ukulima,“Nafula yali yaria imbako. Leelo yomilanila okhulima.,Conversational
kentrans_1832_swh,swh_Latn,rag_Latn,Enzi hizo chumvi haikuwepo.,Amadiku gene yago ijumbi yalange ho dave.,general_prose
kentrans_2857_swh,swh_Latn,rag_Latn,Ukuaji huu umefikia wapi?,Kuvitaga kuliha mu liviruka zana?,general_prose
kentrans_220_swh,swh_Latn,rag_Latn,Hawa ndio watu ndio pia waliokuwa wakimtawaza kiongozi alyeteuliwa.,Avandu yava nivo ko avavika amakono ku mwami uvikiywi.,general_prose
kentrans_368_swh,swh_Latn,rag_Latn,Ndiposa Mungu ameficha siri yake katika vitu hivi (Milima na bahari),Ku Nyasaye yavisa amang'ana gege mu vindu vyene yivi.,general_prose
kentrans_3543_swh,swh_Latn,rag_Latn,"Amenijaza uchungu,amenikinaisha kwa pakanga.","15 U nzizulitsi litsunwa, u nzigutidzi nekilulu kikye.",general_prose
luhya_multi_95_multi_swh,swh_Latn,rag_Latn,"Ukijenga nyumba mpya, pigia atasikia kilichotendeka kisha atatii.","“Ne wombakha enju embia, khupila alaulila sisiekholeekhe mala alaria.",Conversational
kentrans_550_swh,swh_Latn,rag_Latn,3. Kwenda mahali watu wanatwanga mtama usipokuwa na shughuli nao.,3. Kutsia ahavandu vahuulanga ovolo nivatangi lihuula nutavee.,general_prose
kentrans_3288_swh,swh_Latn,rag_Latn,Na akampa akunywe ili Debora asimame na ingine.,"Na a mu ha a nwe, ma ya mu huuma kunangwa Debora ya singira, na a kandi.",general_prose
kentrans_2747_swh,swh_Latn,rag_Latn,Kifungua mimba ni mtoto wa kujivunia,Mwana wa mbiri vayayi.,general_prose
kentrans_1856_swh,swh_Latn,rag_Latn,Mtu kama huyu alitozwa faini na ngariba kwa kutofuata sharia.,Mundu kuli mwene uyu yatungizangwa nu mukevi ndi yavita lilago.,general_prose
kentrans_352_swh,swh_Latn,rag_Latn,Mvua ikipusa huanzia milimani kupusa.,Imbutsa negota itangila kuvigulu ukugota.,general_prose
kentrans_1404_swh,swh_Latn,rag_Latn,"Amezaliwa mwili, Mwana wa mwanamwali","Vidzominyanga Nyasaye, namakuva amalahi",general_prose
kentrans_799_swh,swh_Latn,rag_Latn,Alizaliwa kama watoto wetu: Mimi nashangaa kwa sababu,Yivuiwa kuli avana vetu: Inze ng’enyanga kigira,general_prose
kentrans_3638_swh,swh_Latn,rag_Latn,Ee Bwana kumbuka yaliyotupata. Utazame na uone aibu yetu.,Widzulitse o Yahova vya duka ku kwinye. Henza ulole linyegwa lyetu,general_prose
kentrans_2477_swh,swh_Latn,rag_Latn,Tuenende katika mwanga wake.,Kogende mu vulavu,general_prose
kentrans_491_swh,swh_Latn,rag_Latn,"Majirani, watu wa ukoo na wengine wote ndio waliofika.","Avate nde, aviiko, avaluhia nivo vaduuka.",general_prose
kentrans_3440_swh,swh_Latn,rag_Latn,"Bwana ameniweka mikononi mwao, nisioweza kupigana nao.","Yahova u mbiki mu makono gavo, Ava nta nyala ku singira kuvo mba.",general_prose
kentrans_3008_swh,swh_Latn,rag_Latn,Wanaona mwangaza ule.,Valolaa vulavu vula,general_prose
kentrans_499_swh,swh_Latn,rag_Latn,Mila hii yaonekana ngumu Zaidi. Nayo ilihusisha mwanaume na mwanamke.,4. Mwima yigu gololekanga mululu ligali. Nagwo goveeye ku mu satsa nu mu kali.,general_prose
kentrans_2526_swh,swh_Latn,rag_Latn,Fatuma mchafu -Kifagio,Fatuma umuchafu - Ameyo,general_prose
kentrans_211_swh,swh_Latn,rag_Latn,Tena tabibu huyu alikuwa na mke mmoja aliye na boma lake na mkewe na watoto na wajukuu.,"Kandi umbidi uyu yalange umundu wo mkali mulala ovo no mugitsi gwigwe no mkeere wewe na vana, navisukulu.",general_prose
kentrans_1224_swh,swh_Latn,rag_Latn,Miguunui mwako,"Ha virenge vivyo,",general_prose
kentrans_436_swh,swh_Latn,rag_Latn,Mwanamke kumla kuku (akimla ilibidi aende kwao kuleta ng’ombe na mbuzi),28. Mukali kulia engoko. (Niyalitsanga kuduuka atsia wavo koleeta eng'ombe naho imbuli).,general_prose
kentrans_674_swh,swh_Latn,rag_Latn,Mlipaji wetu ni wewe,Mutungiri wetu nive,general_prose
kentrans_228_swh,swh_Latn,rag_Latn,"Iwapo alikuwa amekonda, huwa anaanze kunenepa, iwapo ni mashetani yalikuwa yanamnyonganyonga huwa yanaacha, iwapo ni mtu aliyekuwa hazai, huwa anaanza kuhisi hamu ya kuwa na mwanamke.","Niva yali ni yang’aha amanya akomela, niva nivigingi vya mumigaa vimanya vileka, niiva nomundu uwali utivula dave, amanya atanga ilienya nokuva nolusaa lwo mkali.",general_prose
kentrans_366_swh,swh_Latn,rag_Latn,Tena ndege hazipiti katikati ya bahari.,Kandi tsindege sitsivita hagati he inyanza mba.,general_prose
kentrans_3609_swh,swh_Latn,rag_Latn,Ngozi yao yagandamana na mifupa yao imekauka na kuwa kama mti.,Ligodo lyavo li handi ku vigumba vyavo lyumi li gwiye kuli kisala.,general_prose
kentrans_277_swh,swh_Latn,rag_Latn,Mambo ya Walawi 15: 19.,Soma kitabu kyavalevi 15:19.,general_prose
kentrans_2571_swh,swh_Latn,rag_Latn,Gari langu limebeba miti mingi -Kiberiti,Mudoga gwange gugingi misaala Minyingi - Kibiriti,general_prose
kentrans_1365_swh,swh_Latn,rag_Latn,"Hima walifika, wakawapata,","Kandi va tsia bwangu, ni va va nyola,",general_prose
kentrans_408_swh,swh_Latn,rag_Latn,Mungu aliachia JUA NA MBALAMWEZI yaani MUME NA MKE waigoje,Kivala yiki Nyasaye yalekela LIUVA NO MWELI yaani MUSATSA NO MUKALI ivakilindi,general_prose
kentrans_1187_swh,swh_Latn,rag_Latn,Latufanya jasiri,"Li khunga uburhii bwosi,",general_prose
kentrans_1429_swh,swh_Latn,rag_Latn,Sema umuhimu wa mti,Voola uvulahi voveeye kumisaala.,general_prose
kentrans_881_swh,swh_Latn,rag_Latn,"Tumwamini leo,","Ku suuvire nunu,",general_prose
kentrans_1789_swh,swh_Latn,rag_Latn,Mtoto akifika katika ujana wake ilibidi apewe jina la ujana kuogeza kwa jina alilopewa,Mwana naduka mu luyai naho mu lukaana yamanya anyola lyeta lyo luyai naho lyo lukaana komeda ku lyeta lya yagulikwa.,general_prose
kentrans_2351_swh,swh_Latn,rag_Latn,Niko mbinguni na duniani,Mbeye igulu kandi mbeye hasi,general_prose
kentrans_1722_swh,swh_Latn,rag_Latn,Utamjibu aje?,Ulamutivulirandi?,general_prose
kentrans_1964_swh,swh_Latn,rag_Latn,Walifanya hivyo hadi wavulana wote wenye nguvu wapigane.,Vakolanga ndyo kuduka avayai vosi ve tsingulu valwana.,general_prose
kentrans_1644_swh,swh_Latn,rag_Latn,Hadithi hii inatufundisha nini?,Lugano yiru lukwigitsaaki?,general_prose
kentrans_2801_swh,swh_Latn,rag_Latn,Yai halikuwa langu,Na livuyu siliali liange.,general_prose
kentrans_1183_swh,swh_Latn,rag_Latn,Kote kote kwa watu wote,"Khu vandu voosi ha nda tsia,",general_prose
kentrans_3630_swh,swh_Latn,rag_Latn,Waliotufuatia ni wepesi kuliko tai za mbinguni.,19 Ava londereranga kwinye vali netsimbiru kuvita tsindidzu tsyomwigulu.,general_prose
kentrans_1307_swh,swh_Latn,rag_Latn,Malaika hao,"Mirembe, mwirova;",general_prose
kentrans_1923_swh,swh_Latn,rag_Latn,Kama kwenda kupigana na adui au kufanya shughuli za ushirikiano kama vile kujenga nyumba ya mmoja wao.,Niva nukutsia kulwana musigu naho nokutsia kokola muyinzi gwe lisanga kuli kwombaka inyumba yo mulala kuvo.,general_prose
kentrans_988_swh,swh_Latn,rag_Latn,Ni nani anayekulinda?,Ni wi u lindanga ive?,general_prose
kentrans_200_swh,swh_Latn,rag_Latn,"Tabibu hakuwa gumba,mkora,mchawi,muuaji,mke,aliyezaliwa kabla ndoa, aliyezaliwa kwa ujane, kilema,aliye na ulemavu wa uzazi,asiye na uwezo wa kuona.","Umbidi uyu siyalange IKIIZIRI, UMUGASA, UMULOGI, UMULUMINDI, MKALI, WENDASIMBA, WO MWANDU, WEKEVEERE, UMULEMA, WE LINEGE LILALA, WE KIGUKU, WIVULWA VINANENGE, MBOKU, UMUMENYA dave.",general_prose
kentrans_2917_swh,swh_Latn,rag_Latn,"Kulipo kucha siku iliyofuata ,Evelia alirudi kwa hile shamba lao","lwa vwacha mugamba ,Evelia yirana murimi gwavo yigwo",general_prose
kentrans_1302_swh,swh_Latn,rag_Latn,“Huyo Mwana wa mbinguni,Mwana womwigulu Yesu,general_prose
kentrans_832_swh,swh_Latn,rag_Latn,"Atatupa bahati, Atatupa bahati","A kuheresia e khavi, A khuheresia ekilavi",general_prose
kentrans_2345_swh,swh_Latn,rag_Latn,Ajapo mawinguni,"A la loleka mu malesi,",general_prose
kentrans_1426_swh,swh_Latn,rag_Latn,Ni vizuri watu kufanya nini kwa matunda?,Nuvulahi avandu vakoleki kumatunda?,general_prose
kentrans_3012_swh,swh_Latn,rag_Latn,Uliyemuona alikuwa wa nani?,Wawalola yaali wavu?,general_prose
kentrans_232_swh,swh_Latn,rag_Latn,"Kufananisha kwa jua ni kama vile Mungu aliumba kwanza mwanaume Adamu, hii ikionyesha kwamba jua ndiye bwana wa huu mwezi unaoangaza usiku.","Lifananyia lie LIUVA liveye kuli Nyasaye yalomba kutanga umundu Musatsa Adamu, yaga agamanyia ILIUVA niye musatsa wo Mweli guvalanga vudiku yigu.",general_prose
kentrans_1155_swh,swh_Latn,rag_Latn,ATUKUZWE MUNGA NA MWANA,MWIDZOMINYE NYASAYE NO MWANA,general_prose
kentrans_1846_swh,swh_Latn,rag_Latn,Wakali na wapole.,avalulu na vahooma.,general_prose
kentrans_1928_swh,swh_Latn,rag_Latn,Nyakati za jioni wanawake wangepika ugali na kuletea wazee kula kwa pamoja.,Inyinga ya mugolova avakali valuganga uvukima valetera vasakulu valira halala.,general_prose
kentrans_1966_swh,swh_Latn,rag_Latn,Wakati mwingine wangekuja pamoja na wale kutoka jamii ya hapo karibu walilokuwa wakipigana nalo ili wapigane na wale kutoka jamii nyingine ya mbali..,Tsinyinga tsindi visundanga kuhambana kali no losoma lwa himbi lwa valwanangi nalwo ku lwana no losoma lundi ihale ho hadi,general_prose
kentrans_2973_swh,swh_Latn,rag_Latn,goti,Liiru,general_prose
kentrans_1312_swh,swh_Latn,rag_Latn,Wakati wa hesabu ya nchini,Lwa avivuli va tsia kung’odwa,general_prose
kentrans_3642_swh,swh_Latn,rag_Latn,Mama zetu wamekuwa kama wajane.,Avakana vetu vaveye kuli avakunzakali.,general_prose
kentrans_1986_swh,swh_Latn,rag_Latn,Magharibi.,Imadyoli.,general_prose
kentrans_1953_swh,swh_Latn,rag_Latn,Au chochote kile kitumikacho kufunga tunakiita kamba.,Naho kindu chosi kitumika kovoha kukiranganga mugoye.,general_prose
kentrans_105_swh,swh_Latn,rag_Latn,"Katika boma wakati mwingine ungepata mti bora wa makindu, uliopandwa mbele ya nyumba, na mti wa kivuli pia ulikuwa mzuri.","Mmugitsi Niganyalika wanyoola ilikindu nililahi ligali, ukusimika ha mugitsi, ma kandi ikinavodotwi nikilahi ligali hango.",general_prose
kentrans_2853_swh,swh_Latn,rag_Latn,Zoea matamshi ya mama Kalyesa,Nala lulimi lwa mma**Kalyesa,general_prose
kentrans_1488_swh,swh_Latn,rag_Latn,Ni mtu wa aina gani aliye na kidevu?,Nomundu waluganoki uveeye nekederu?,general_prose
kentrans_3180_swh,swh_Latn,rag_Latn,Waliwakata adui wao na kuwaua kabisa.,Vaatemagaa vasigu vaavo nivaviita ligali,general_prose
kentrans_3143_swh,swh_Latn,rag_Latn,Adagala ni miongoni mwa wale waliofika na kujionea nchi za huko.,Adagala nomulala kuyavo vaduuka yo kulola kivala.,general_prose
kentrans_1559_swh,swh_Latn,rag_Latn,Baba alinunua bata na kanga,Baba yaagula libada nerikanga.,general_prose
kentrans_1317_swh,swh_Latn,rag_Latn,"Akalelewa, walivyo watoto","Ma ya viruka kuli avana,",general_prose
kentrans_1230_swh,swh_Latn,rag_Latn,Na uwe mlinzi wetu,Na u la ku linda.,general_prose
kentrans_2930_swh,swh_Latn,rag_Latn,"Wakati Agulakiraka alikuwa akiwapeleka ng’ombe malishoni ,Muhonja alikuwa anajifungia ndani ya nyumba anangoja hadi ndugu yake atakaporejea na anaimba wimbo ndio Muhonja afungue mlango","Lwa Agulakiraka yatsitsanga kwaya tsing’ombe,Muhonja yihaniranga munyumba ma alinda kuduka Iwo muyayi wavo yatsanga ma yimba ulwimbu ku Muhonja yigula muliango",general_prose
kentrans_2347_swh,swh_Latn,rag_Latn,Kila aaminie atapona,Lisuuviridza lyosi ni lyange.,general_prose
kentrans_1146_swh,swh_Latn,rag_Latn,"Hakia, Hufurahia tena sana","Yee, Guyanzi munonono.",general_prose
kentrans_1455_swh,swh_Latn,rag_Latn,Mbona Ling'ong'oi (Aina ya mdudu) hulala gizani?,Ling'ong'oi ligonaa haliki mukisundi?,general_prose
kentrans_2842_swh,swh_Latn,rag_Latn,Kitabu hiki kina nyimbo na vitendawili.,Kitabu yiki keveyemu ne tsinyimbu na vidandawili.,general_prose
kentrans_1543_swh,swh_Latn,rag_Latn,Kulikuwa na mgeni aliyekuwa safarini pamoja na mzigo wake.,Mundu mugeni yaali nagendaa kunzira nimisiigo.,general_prose
luhya_multi_37_multi_swh,swh_Latn,rag_Latn,Kwa hayo mteuwe miji zingine tatu za kutorokea.,” Kwako murobore chingoba chichiindi chitaru che khukhwilukhilamo.,Conversational
kentrans_1822_swh,swh_Latn,rag_Latn,Huu ndio wakati walikuwa wakipewa mafunzo.,Yiyi niyo inyinga yavegitsangwa imiima.,general_prose
kentrans_1327_swh,swh_Latn,rag_Latn,Tutamwabudu milele daima,Kandi kalunu ku Ia sangala,general_prose
kentrans_3196_swh,swh_Latn,rag_Latn,Ni nini watu wanaweza fanya kwa matatunda?,Nuvulahi avandu vakoleki kumatunda?,general_prose
kentrans_1041_swh,swh_Latn,rag_Latn,Niishi na Yesu Bwana.,Menya na Yesu Mwami wange.,general_prose
kentrans_465_swh,swh_Latn,rag_Latn,Wamaragoli walikuwa na mila ya kuchomwa kwa wafu.,Avalogooli valange no mwima gwo kusamba mundu wakuza.,general_prose
kentrans_3557_swh,swh_Latn,rag_Latn,Na azike uso wake mavumbini bado panawezekana kuwa na matumaini.,"29 A vike munwa gwigwe mu lugukyi, Ni I va lisuuviridza liveye ho.",general_prose
kentrans_3408_swh,swh_Latn,rag_Latn,2 Ataita kabisa wakati wa usiku katika matanga yake unayookota katika tama zake.,2 A liranga ligali inyinga yobudiku amaliga hehe go doolanga ku tsindama tsitye.,general_prose
kentrans_3066_swh,swh_Latn,rag_Latn,Hapa ni kwako ama ni kwao?,Hano nahoho naho nahaavo,general_prose
kentrans_1815_swh,swh_Latn,rag_Latn,Anayetahiriwa alifaa kuwa jasiri mbele ya ngariba,Mwene yasingiranga vudinyu imbiri wo mukevi.,general_prose
kentrans_2352_swh,swh_Latn,rag_Latn,Uponyaji uko juu yenu,Vohonyi bwizuye ku mwinye.,general_prose
kentrans_3597_swh,swh_Latn,rag_Latn,"Wanavyodhaniwa kuwa vyombo vya udongo, kazi ya mikono ya mfinyanzi.","Ga duka ndi va validzwa kuva viju vyobudohi, miyinzi gyo mukono gwomulongi.",general_prose
kentrans_213_swh,swh_Latn,rag_Latn,MTU WA KUBARIKI kazi yake na TABIBU NI MOJA.,Musaalisi muyinzi gwigwe no MUVIDI NI MULALA MWELE.,general_prose
kentrans_1084_swh,swh_Latn,rag_Latn,"Baba, Mwana, Roho, Mungu Wa wa mapenzi","U veeye Munyali, kandi wobuyanzi",general_prose
luhya_multi_102_multi_swh,swh_Latn,rag_Latn,Ndiposa wakatuma watumwa kutoka Leaba na Abalaka.,“Nio naruma barume khukhwama mu leaba ne abalaka.,Conversational
kentrans_943_swh,swh_Latn,rag_Latn,Nami nisiyezaa maua.,Na inze ndaama burhengu bwange.,general_prose
kentrans_1341_swh,swh_Latn,rag_Latn,"Kote tgwendapo, tutangaze habari njema","Tsii mu vivala vyosi, mu landidze amang’na",general_prose
kentrans_1348_swh,swh_Latn,rag_Latn,"Wato wote na wajue, Yesu yuaja leo","Kwenya voosi va hulire Yesu yadza lero,",general_prose
kentrans_766_swh,swh_Latn,rag_Latn,Ndiye mtetezi,Niye a musungirari:,general_prose
kentrans_3330_swh,swh_Latn,rag_Latn,"7 maliwali walikoma katika Israeli,walikimbia kuingia wakapotea","7 Avameha va gota mu Israeli, Va | Va nyagula kwingira mwivona ha gota,",general_prose
kentrans_2968_swh,swh_Latn,rag_Latn,Ameona lile tanki moja.,Uloli libiiba lirala lira.,general_prose
kentrans_2643_swh,swh_Latn,rag_Latn,Eee! Ukoko,Eee! Kalondo,general_prose
kentrans_510_swh,swh_Latn,rag_Latn,"Kabla mtu yeyote kunyolewa,","Nivakikiri kovega mundu wosi wosi,",general_prose
kentrans_621_swh,swh_Latn,rag_Latn,Alipofia Yesu,Ha Yesu ya kudza;,general_prose
kentrans_2875_swh,swh_Latn,rag_Latn,Alienda kutafuta chakula mwituni lakini hakupata mnyama yeyote wa kuua.,Yatsia kwenya chokulia mumi navutswa siyanyola inyama yosi yo kwita dave.,general_prose
kentrans_1028_swh,swh_Latn,rag_Latn,Naye atatukuzwa,Naye ala kidzominywe,general_prose
kentrans_3013_swh,swh_Latn,rag_Latn,Ona yule tuliyeona analia,Lola wali ula aliraa,general_prose
kentrans_3334_swh,swh_Latn,rag_Latn,Kulikuwepo na maombi kabisa vile mimi niliamka mama kwa roho,"Lya li ho Lisaavira Ligali Lye Lwa inzenda vuka, mama mu myoyo.",general_prose
kentrans_519_swh,swh_Latn,rag_Latn,Lakini watu kunyoa nywele ndiyo iliyofanyika.,Nitali litulitsa vutswa amasu nilio liakolwa.,general_prose
kentrans_1206_swh,swh_Latn,rag_Latn,Mbele ya Bwana wetu Yesu,"Imbiri wo Umwami wetu,",general_prose
kentrans_794_swh,swh_Latn,rag_Latn,Alikuja moyoni mwangu;,ldza mu mwoyo gwanje;,general_prose
kentrans_2569_swh,swh_Latn,rag_Latn,Kabichi mviringo -Mke na mume,Likabiki lievumbu - Mukali oveye ninda,general_prose
kentrans_3519_swh,swh_Latn,rag_Latn,"Umwinulie mikono yako; Kwa uhai wa watoto wako wachanga wazimiao kwa njaa, Mwanzo wa kila njia kuu.","Ginga makono gogo kuhenzidza kuye kigira livamwoyo lyavana vovo vadoto, yavo avakudza Myoyo kigira inzala ku kiheri kyelihasi sa lilala.",general_prose
kentrans_124_swh,swh_Latn,rag_Latn,Awe mume ashindae njaa isije kumdhuru yeye pamoja na familia yake.,Ave umusatsa uguuta inzala ivuli kuduka kuye navandu veve.,general_prose
kentrans_1672_swh,swh_Latn,rag_Latn,Mama huyu alimpa msichana wake jina Aniiogoke,Mukeere uyo yakagulika Aniigoke.,general_prose
kentrans_1799_swh,swh_Latn,rag_Latn,Ili mtoto aweze kutembea mlezi wake alimshika makwapani na kumzoesha kutembea.,ligenda muleri yamugumiranga mu maha atanga ku mugеnditsa kumunalitsa okogenda.,general_prose
kentrans_850_swh,swh_Latn,rag_Latn,Kwa sababu ananiombea,Kigira inze ya saala,general_prose
kentrans_101_swh,swh_Latn,rag_Latn,Katika boma usipande miti ambayo hujui mambo yake,Na utasimika hamugitsi misaala jotamanyi amangana gajo mba,general_prose
kentrans_3331_swh,swh_Latn,rag_Latn,Miguu yake,Virenge vivye.,general_prose
kentrans_3539_swh,swh_Latn,rag_Latn,"Amezigeuza njia zangu na kunirarua-rarua, na amenifanya kubaki bure.","11 U girunkanyi Tsinzira tsyange nokuntandulanya, na u nkoli kuva hatswa.",general_prose
kentrans_2924_swh,swh_Latn,rag_Latn,Akajificha,Niyivisa,general_prose
kentrans_3312_swh,swh_Latn,rag_Latn,"Amka, amka, Debora; mimi na mwimbia Mungu namshukuru, amka, amka imba wimbo","12 Vuka, Debora; sig ! Inze ndimbira Yahova lidzomi-a vuka,vuka, wimbe Iwimbu;",general_prose
kentrans_1152_swh,swh_Latn,rag_Latn,Nitaimba pamoja na malaika,"Ndimba ne tsingelosi,",general_prose
kentrans_1332_swh,swh_Latn,rag_Latn,"Ni siku kuu leo, ni siku kuu leo","Ni Siguku lero, ni Siguku lero;",general_prose
kentrans_2838_swh,swh_Latn,rag_Latn,Mwalimu awafunze wanafunzi maneno mapya na matukio tofauti tofaut,Mwegitsi yegitse mangano mahya noho vikolwa lugano lugano.,general_prose
kentrans_3051_swh,swh_Latn,rag_Latn,Anaona nyonyo ya titi,Alola inuuniru yoluveere,general_prose
kentrans_2829_swh,swh_Latn,rag_Latn,Unanengua kiuno ukicheza..,Usietsanga nogonga,general_prose
kentrans_2659_swh,swh_Latn,rag_Latn,Nikapata iduvula matsi.,Ndanyola iduvula matsi,general_prose
kentrans_2960_swh,swh_Latn,rag_Latn,Baba yule,ula Baba,general_prose
kentrans_1029_swh,swh_Latn,rag_Latn,"Baba, Mwana, Roho!","Dada, Mwana, Roho!",general_prose
kentrans_457_swh,swh_Latn,rag_Latn,"Nyakati za pombe ya tambiko, dada ya mume aliyeaga alikuwa akipanda juu ya nyumba na kunanza kung’oa paa huku akipiga nduru.","Ing'inga ya malwa getsinduhu, mbotso musatsa wakuza, yaninanga kunyumba inachamugitsi vulungi maatanga kwiha kesegese nakuba ikwiri.",general_prose
kentrans_2861_swh,swh_Latn,rag_Latn,Wengine waliona kuwa wangepata taabu wakishikilia desturi za kina babu,Navandi vavoola kuladiva nikutirana ku mwiima gwa vaguuga.,general_prose
kentrans_2739_swh,swh_Latn,rag_Latn,Mama: Amugovolio nenda ukapike ugali,Mama:Amugovolio katsie urugi,general_prose
kentrans_382_swh,swh_Latn,rag_Latn,"Watu wazee wangekagua nyama ya mfugo huyo, utumbo wake na maini yake, damu yake na hata nyama yake.",Avandu vakulundu vahenzanga kuinyama yene yiyi makandi vahenza kuvyo munda kuli Kim MARA ne LIKUDUMANI namasahi gene halala ne inyama yene.,general_prose
kentrans_3567_swh,swh_Latn,rag_Latn,Mwanadamu yeyote aliye hai aweza kulalamika wakati anapoadhibiwa kwa ajili ya dhambi zake?,"39 Kigira ki mundu u veye mwoyo amonyanga, umundu ku lihebwa mageli ku ubwoni bwibwe?",general_prose
kentrans_3060_swh,swh_Latn,rag_Latn,Lea huyu mtoto kwanza,Kola nulera akaana yaka,general_prose
kentrans_2382_swh,swh_Latn,rag_Latn,Mungu mwenyewe asema,Yahova mwene akuvolera,general_prose
kentrans_1058_swh,swh_Latn,rag_Latn,Penyewe panaonekana kuwa na furaha ya milele.,"Hazana ha lo Iekhanga, Buyanzi bwa dodo.",general_prose
kentrans_1286_swh,swh_Latn,rag_Latn,"Utukufu na waone, haki yake itendeke",Ku mwidzominyanga Iyeta lilye kalunu:,general_prose
kentrans_1975_swh,swh_Latn,rag_Latn,"Akiangushwa, wale wa upanda wa aliye angusha wanaomba wakicheza kumchekelea aliye angushwa.",Natuleywe avolovega lwo utuye vasaala ni vasieva kumukumbiriza utuliywe,general_prose
kentrans_686_swh,swh_Latn,rag_Latn,"Dhambi zetu zikawa nyingi, zikawa mara dufu; mioyo yetu ikajaa wasiwasi, tuliponywa na nani sisi.","Bwa vunga bwoni bwetu, Bwa songwa kase, kase; Kwa henda myoyo gyetu, Kwa henda myoyo gyetu, Kwa honywa na ki kwinye.",general_prose
kentrans_1363_swh,swh_Latn,rag_Latn,"Leo mwokozi wetu, akiwa Kristo","Lero muhonyvi wetu, a veeve Kristo",general_prose
luhya_multi_120_multi_swh,swh_Latn,rag_Latn,Mtu yeyote anayempoteza kipofu kwa safari yake alaaniwe.,"""Omundu yesi yesi otiimia omubofu khu lukeendo lwewe alaamwe.”",Conversational
kentrans_1444_swh,swh_Latn,rag_Latn,Kegoye walikimbia vizuri wakapata ngao,Kegoye vaanyagula vulahi nivanyoola ingavo.,general_prose
kentrans_2004_swh,swh_Latn,rag_Latn,Vimekwisha vyotex2,Kalunu vufweye vwosi.,general_prose
kentrans_2996_swh,swh_Latn,rag_Latn,Chapii.,Lubada,general_prose
kentrans_2919_swh,swh_Latn,rag_Latn,Wakati ndege alienda kula hindi miguu ilikwama kwenye ulimbo,lwa kanyonyi katsa kalia liduma virenge vyahanda mu vulimbu,general_prose
kentrans_1889_swh,swh_Latn,rag_Latn,Watu walikusanyika kwa tambiko la endembe iwapo jambo bovu lilitendeka,Avandu vatemanga endeme kindu kidamanu ni keloleki.,general_prose
kentrans_882_swh,swh_Latn,rag_Latn,Ametulipia;,U tungiye kwinye;,general_prose
kentrans_543_swh,swh_Latn,rag_Latn,"Iwapo mtu alijulukana kwa wenye boma kuwa mzuri, hakuandaliwa makaribisho rasmi.","Nitali mundu niyamanyikana hango yaho kuva wamasahi malahi, lijiritsa siliali kuye.",general_prose
kentrans_3175_swh,swh_Latn,rag_Latn,Afisa huyo alisema wanafunzi walimchezea vizuri.,Muluuti oyo yavoola vasoomi vaamukolera vulahi,general_prose
kentrans_2485_swh,swh_Latn,rag_Latn,Tutangaze injili ya Bwana Yesu,Kumanyie vandu mwami Yesu,general_prose
kentrans_3089_swh,swh_Latn,rag_Latn,Rudi umpe motto maziwa,Yirana uhe akaana maveere,general_prose
kentrans_1151_swh,swh_Latn,rag_Latn,Huimba wimbo huu siku baada ya siku,"Ndamenya nalwo kase kase,",general_prose
kentrans_2720_swh,swh_Latn,rag_Latn,Tunakunywa maji na maziwa.,Kunwetsa amatsi na maveere.,general_prose
kentrans_1418_swh,swh_Latn,rag_Latn,"Mungu Mwana wa mbinguni, tufikishie furaha",Mwami Yesu womwigulu leta ubuyanzi bubwo.,general_prose
kentrans_1764_swh,swh_Latn,rag_Latn,"Mtoto mvulana akizaliwa kwa nyumba ngozi ya ngombe ingechukuliwa na kuanikwa juu ya mlango ili yoyote anayepita ajue kwamba mtoto aliyezaliwa ni mvulana, na kama ni mtoto msichana amezaliwa kwa ile nyumba walichukua kata na kufunga kwa mlango ili yeyote anayepita ajue mtoto msichana amezaliwa kwa nyumba ile","Mwana ni yivulangwa mu nyumba naveye muyai vavugulanga kesero cheng'ombe vasunga mu muliango mundu wosi uvita ho amanye mwana wivuliywi munyumba yimu numuyai, na naveye mukana vavugulanga ingata vasunga mu muliango avavita vamanye mwana mukana wivuliywi munyumba yimu vavugulanga ingata vafunga kumuriango vavitanga vamanye ni mwana mkana yivuliywe mu nyuma yimu",general_prose
kentrans_1474_swh,swh_Latn,rag_Latn,Anataka kuua nyoka.,yenyaa yiite enzoka.,general_prose
kentrans_2419_swh,swh_Latn,rag_Latn,Mungu hupenda wanaokiri,Yahova ayazanga veyamanga,general_prose
kentrans_1430_swh,swh_Latn,rag_Latn,Taja majina ya nyasi zinazomea mtoni,Tivula amiita govulimu vulandaa mukivanda.,general_prose
kentrans_1096_swh,swh_Latn,rag_Latn,Hapana hata mmoja usiye mtaka,Si ha ye mundu u ta mwenya mba.,general_prose
kentrans_2740_swh,swh_Latn,rag_Latn,Ndio mama.Kusonga ugali ndiko ninakojua.,Amugovolio:yee!mama. umbango nigwo gwange.,general_prose
kentrans_2488_swh,swh_Latn,rag_Latn,Atagava zawadi,Alagavula vihanwa vyetu,general_prose
kentrans_1844_swh,swh_Latn,rag_Latn,Katika kuchunga huku walijifunza kuongea na wengine walikutana na majirani na wa ukoo tofauti.,Mu chayo yimwo mwa vana vigiranga komoloma ku vandivavugananga na vana vandi avatende na vetsisoma tsindi tsiveye ahimbi.,general_prose
kentrans_1933_swh,swh_Latn,rag_Latn,Kwa hivyo waliketi pamoja na kuamua ni vizuri kujipatia jina la kuwaunganisha.,Ku yaga vikala halala ni vakalaga nuvulahi kwenyolere lyeta likuhambanyia.,general_prose
kentrans_238_swh,swh_Latn,rag_Latn,"Nawe mwanaume umtawale mkeo pamoja na watoto wako, ama ulikuwa unangojea tu mukeo akufanyie kazi akikuletea nawe ukila.","Naïve umundu musatsa wamihi umukali wovo na vana vovo, anaho walindila vutswa umukali wovo akuyinzilili nakuletela na nulia.",general_prose
kentrans_1542_swh,swh_Latn,rag_Latn,Hadithi ya Jini,LUGANO LWOGUNANI,general_prose
kentrans_1712_swh,swh_Latn,rag_Latn,"Daudi alimwomba Mungu akasema, “Nakusifu Wewe maanake ulinipa nguvu kuwaua wanyama mwitu.","Daudi yasaala Nyasaye naavoola, ""Nzitsominyaa Yive Kigira waamba tsingulu kwita tsinyama.",general_prose
kentrans_1182_swh,swh_Latn,rag_Latn,Nitahubiri wema wake,Nkhonye khwililwadzira,general_prose
kentrans_2534_swh,swh_Latn,rag_Latn,Nina shamba langu nikilima kisha nipande mazao vyakula vinatoka vidogo vidogo –Kichwa ukinyoa nywele,Mbeye nu mulimi gwange nuliimi ma utage ivyakulia vitula mu vikutsutsu vutswa - Umutwi novegi irisu,general_prose
kentrans_2644_swh,swh_Latn,rag_Latn,Mniazime ukoko.,Kamegeri kalondo.,general_prose
kentrans_164_swh,swh_Latn,rag_Latn,"Tazama jua,mwezi na nyota kumi na moja zikaniinamia.",Na henza liuva no mweli na tsingerengani likumi ne indala vya sigamira inze.,general_prose
kentrans_1481_swh,swh_Latn,rag_Latn,Aliangua matunda.,Yaagulanga inzagayaga nenzagu.,general_prose
kentrans_253_swh,swh_Latn,rag_Latn,NYOTA,TSING’ERENG’ANI:,general_prose
kentrans_3406_swh,swh_Latn,rag_Latn,"Boma lilibaki vipi bila watu, lilikuwa limejaa watu! Lilifikiaje kuwa kama mjane, hili lilikuwa kubwa Zaidi katika koo.","Lya duka ndi lidala kumenya lyeng'ine,lye li lizulira avandu! Lya duka ndi kuva kuli mukunzakali, yili Lya li linene ligali mutsihiri.",general_prose
kentrans_2328_swh,swh_Latn,rag_Latn,Milele tufanane naye,Kazozo ku fwanana naye;,general_prose
kentrans_973_swh,swh_Latn,rag_Latn,MWANA WA MUNGU,MWANA WA NYASAYE,general_prose
kentrans_1795_swh,swh_Latn,rag_Latn,Hapo zamani mkemwenza alinyonyesha mtoto wa mke mwenzake,Amadiku gene gakale gala muhalikwa yalange nomunwa kunyunyia mwana wa muhalikwa wewe koloveere lwire.,general_prose
kentrans_2695_swh,swh_Latn,rag_Latn,Haa ni mimi Lledi.,Haa niinze Lledi,general_prose
kentrans_1667_swh,swh_Latn,rag_Latn,Alijua akaenda siku ngapi ?,4. Yaamala wayatsia madiku ganga?,general_prose
kentrans_1428_swh,swh_Latn,rag_Latn,Yule mtu anayetunda matunda anayapeleka wapi?,Umundu wagulaa matunda ula ahira haliki?,general_prose
kentrans_1717_swh,swh_Latn,rag_Latn,Naye alikataa.,Naye yaasuula.,general_prose
kentrans_1932_swh,swh_Latn,rag_Latn,Watu waliokuwa katika wilaya iliyoitwa “KAVIRONDO KASKAZINI” ilibainika kuwa ni watu waliozungumza lugha moja hata kama walikuwa na matamshi tofauti tofauti.,Avandu vali mu district' yalangangwa “NORTH KAVIRONDO” vanyoleka na vandu vamolomanga lulimi lulala kali niva vavukananga ku mu mativuli lugano lugano.,general_prose
kentrans_1929_swh,swh_Latn,rag_Latn,Hii ni njia iliyoonyesha kupendana kwa watu wa kale waliopendana na pia jinsi walikula pamoja.,Yiyi ni inzira indala yamanyianga liyanzana lya vandu vakale vali ni vayanzana na kandi kuli valiranga halála.,general_prose
kentrans_1138_swh,swh_Latn,rag_Latn,Nina wimbo moyoni wmangu,"Mbeye no lwimbu mwoyo gwange,",general_prose
kentrans_3042_swh,swh_Latn,rag_Latn,Baadhi yao wanayaona haya,Avalala vaalola yaga,general_prose
kentrans_617_swh,swh_Latn,rag_Latn,Alikufa kutufungulia njia,Ya kudza kukwigulira,general_prose
kentrans_702_swh,swh_Latn,rag_Latn,Yake ya kweli,Bu ye bweligali;,general_prose
kentrans_42_swh,swh_Latn,rag_Latn,Wengine wanasumbuka bure,Ijinde ku jinyangananga vuza,general_prose
kentrans_2721_swh,swh_Latn,rag_Latn,Hatunywi wino.,Na sikunwetsa uvwinu dave.,general_prose
kentrans_1451_swh,swh_Latn,rag_Latn,Ni kitu gani hukusasidia kuona gizani?,Nikinduki kikukoonyaa kulola mukisundi?,general_prose
kentrans_2711_swh,swh_Latn,rag_Latn,Twendeni tumuombee Moi.,Gendi kusaliri Moi.,general_prose
kentrans_244_swh,swh_Latn,rag_Latn,"Jibu ndilo hili; Mugu alipomuumba mwanamke, alimuumba usiku wakati Adamu alikuwa amelala nao mwezi ukawa umeandama naye mungu akamuumba Hawa, bibiye Adam.","Amativuli gavola ndi, Nyasaye walomba umundu mukali yamulomba vudiku ulwa Adamu yali navaye mutsindolo na umweli gwali nigutuli ma Nyasaye na alomba Hawa mukali wa Adam.",general_prose
kentrans_1173_swh,swh_Latn,rag_Latn,Utwae moyo wangu,Vugula mwoyo gwange.,general_prose
kentrans_2684_swh,swh_Latn,rag_Latn,Waluhya wangu ni mimi Lledi,Valuhya vange ninze Lledi woo,general_prose
kentrans_1475_swh,swh_Latn,rag_Latn,Hapendi imuume.,Siayanzaa imulume.,general_prose
kentrans_1262_swh,swh_Latn,rag_Latn,Sifuni Mungu aliye mbinguni,Lero kudzanga kusantidza ive.,general_prose
kentrans_262_swh,swh_Latn,rag_Latn,Nyata wa angani huugua hadi kufa sawia ilivyo na watoto wa watu ambao huugua na hata kufa,Tsing'erengani tsio kwigulu tsilwala ma tsikutsa kuli avana va vandu valwalanga ma vakutsa. Noveye vudiku.,general_prose
kentrans_1284_swh,swh_Latn,rag_Latn,"Na kuharibu , na kuharibu dhambi.","Voosi, voosi va msuuvira.",general_prose
kentrans_866_swh,swh_Latn,rag_Latn,Ni nani anayependa watu wote?,Wina a yanza avandi voosi?,general_prose
kentrans_2951_swh,swh_Latn,rag_Latn,"tunataka mulezi-ndemu nderema,","kwenyanga muleri-ndemu nderema,",general_prose
kentrans_2791_swh,swh_Latn,rag_Latn,Kanga hawakunipa mabawa bure.,Na makanga sigakamba vutswa.,general_prose
kentrans_2009_swh,swh_Latn,rag_Latn,Waliobaki hapa duniani,Vamutigaye hano mulilova,general_prose
kentrans_1454_swh,swh_Latn,rag_Latn,Funza akiwa mguuni utaumia.,Eng'ende neveeye mu kerenge ulasaalira.,general_prose
kentrans_341_swh,swh_Latn,rag_Latn,MUNGU NA MILIMA,NYASAYE NE VIGULU,general_prose
kentrans_1507_swh,swh_Latn,rag_Latn,Moyo uko jinsi unavyouona katika picha hii.,Mwoyo guveeye kuli ugulola mubicha yiyi.,general_prose
kentrans_775_swh,swh_Latn,rag_Latn,Atatufungulia milango ya mbingu,Ala khwigulira olwigi,general_prose
kentrans_3241_swh,swh_Latn,rag_Latn,Kegoye walikimbia vizuri wakashinda ngao.,Kegoye vaanyagula vulahi nivanyoola ingavo.,general_prose
kentrans_481_swh,swh_Latn,rag_Latn,"Baada ya kupeleka kule kuni, alikuwa anaanza kuchimbua kaburi ili kumfukua mfu.","Niyakamala kolo hit sayo tsingu, yatanga kuyava kilindwa' aduuke kusiukul’la mukuzu.",general_prose
kentrans_1337_swh,swh_Latn,rag_Latn,Tangazeni utukufu wa Mwana kwa mataifa yote,Mu volere vandu voosi ubukumi bwa akana,general_prose
kentrans_1916_swh,swh_Latn,rag_Latn,Waliowajua waliwatambua kwa haraka wale waovu na kujua jisi ya kuishi nao.,Avavamanya valolanga vwangu avadamanu yava na vamanya kuli vanyala komenya navo.,general_prose
kentrans_1617_swh,swh_Latn,rag_Latn,Siku moja Anakanani alifika alipokuwa Anakamuna na akaona,Lidiku lirala Anakanani yaaduuka aha Anakamuna vaali Yaalola,general_prose
kentrans_813_swh,swh_Latn,rag_Latn,"Amebeba dhambi zangu,",Ugingi bwoni bwange.,general_prose
luhya_multi_52_multi_swh,swh_Latn,rag_Latn,Koo ambazo mnaenda kujinyoa na manyoa ya kondoo.,"""Chikholo nicho mucha khukhwifura ne bufuumbo bwe kamakheese.",Conversational
kentrans_1502_swh,swh_Latn,rag_Latn,Nyoyo za watu wazuri hufanya siku zao kuongezeka.,Mioyo javadu valahi manga madiku gavo gameedeka.,general_prose
kentrans_2543_swh,swh_Latn,rag_Latn,"Baba na mama mtoto na watoto wao –Jua,Mbalamwezi na Nyota","Baba na mama mwana na vaana vavo - Liuva,Mweri neTsingerengani",general_prose
kentrans_3533_swh,swh_Latn,rag_Latn,Amejenga nyumba juu yangu na kunizungusha kwa uchungu na uchovu.,"5 Wombaki KU inze, nokunkumbiridza nendulwe neliluha.",general_prose
kentrans_2734_swh,swh_Latn,rag_Latn,Mwezi huu unazunguka kama mpira.,Oh!govodongana kuli mupira,general_prose
kentrans_2427_swh,swh_Latn,rag_Latn,Hata katika majaribu yake,Kali nanyola magelizu gosi,general_prose
kentrans_2089_swh,swh_Latn,rag_Latn,Njooni nyote kwa Mungu Baba,"Hambi mwosi ku yahova Nyasaye,",general_prose
kentrans_2668_swh,swh_Latn,rag_Latn,Tulikula pamoja.,Tulayira kulala.,general_prose
kentrans_2556_swh,swh_Latn,rag_Latn,Nyumba yangu ina madirisha mengi -Kufuli,Inyumba yange eveye na madirisha manying- Keyonzo,general_prose
kentrans_3683_swh,swh_Latn,rag_Latn,"Muda mfupi, sungura alifika kwa mlango wa pango","Hakekeke, kisungura chatsa nikiduka ha kiliango.",general_prose
kentrans_1858_swh,swh_Latn,rag_Latn,Kuwekwa alama mwilini.,Kusaata.,general_prose
kentrans_1610_swh,swh_Latn,rag_Latn,Alimla.,Yaamulia.,general_prose
kentrans_1176_swh,swh_Latn,rag_Latn,NITENENA NDIMI ELFU MOJA,NYENYA TSINIMI ELFU MOJA,general_prose
kentrans_650_swh,swh_Latn,rag_Latn,Ulimwenguni kote sasa,Mu lirova lyosidza lero.,general_prose
kentrans_348_swh,swh_Latn,rag_Latn,"Lakini wakiona jua linaangaza mianzi miekundu au kukiwa na ukungu,au mawingu yakiwa yamelizuia hawangefanya matambiko hayo.","Navutswa valola iliuva niliakanyi nekisahi ku anaho lilumbi, anaho amalesi nigalikingi, sivakola miluka yigyo mba.",general_prose
kentrans_2482_swh,swh_Latn,rag_Latn,Tuishi katika fahamu na imani,Kove movogeri ne lisuvira,general_prose
kentrans_3235_swh,swh_Latn,rag_Latn,Nyota iko juu.,Eng'ereng'ani iveeye yigulu.,general_prose
kentrans_1026_swh,swh_Latn,rag_Latn,Nikirejea kwake,Ni nzirana kuye mwene,general_prose
kentrans_3267_swh,swh_Latn,rag_Latn,"Majirani wakanza kumukejeli, wakimukunakuna huku wakiimba wimbo huu:","Avatende vamanya vatanga limusekelitsa, nivamudiginya nivimba Iwimbu yilu:",general_prose
kentrans_1565_swh,swh_Latn,rag_Latn,Mtoto anayefanya haya yote hupendwa na wazazi wake sana,Mwana ukola yiji ayanzwa navivuli veeve ligali.,general_prose
kentrans_954_swh,swh_Latn,rag_Latn,"Ya wanyama wote,","Getsinyama tsyoi,",general_prose
kentrans_2429_swh,swh_Latn,rag_Latn,WAILETA ZAWADI GANI?,UZANGA NA KIHANWA KI?,general_prose
kentrans_656_swh,swh_Latn,rag_Latn,Ameweza kututakasa,Ya mala kukutakasa.,general_prose
kentrans_2920_swh,swh_Latn,rag_Latn,Venye kalidona kwenye hindi na mdomo tena ukakwama,Lwakatsoma mu liduma numunwa kandi guhanda mu,general_prose
kentrans_446_swh,swh_Latn,rag_Latn,Kumkasirikia au kumgombeza mjomba wako,38. Kusinyikira no kogondokera mifwa wovo.,general_prose
kentrans_641_swh,swh_Latn,rag_Latn,Kwenye mlima mbali unao msalaba,"Ku Kigulu hale, musala gu ve yo,",general_prose
kentrans_3348_swh,swh_Latn,rag_Latn,Naye akasema ukweli mimi nitaenda pamoja nawe,"9 Naye ya vola, Ligali inze nda tsia huuma nengubo",general_prose
kentrans_1527_swh,swh_Latn,rag_Latn,Kichwa,Mutwi,general_prose
kentrans_2218_swh,swh_Latn,rag_Latn,Ni roho yako tunayoiaga,Kuhananga kwaheri kumwoyo gugwo,general_prose
kentrans_2623_swh,swh_Latn,rag_Latn,Baada ya chakula cha jini wasichana walienda kumwona nyanya ilhali wavulana walienda kumwona babu.,"Ni vakulia chokulia cha hamugolova,avakana vatsitsanga wa guku wavo na avayayi vatsia wa guga wao.",general_prose
kentrans_3670_swh,swh_Latn,rag_Latn,Mbweha hutembea juu yake huku na kule.,Vinywere vi tsitsanga yiyi na yiyi kukyo.,general_prose
kentrans_2343_swh,swh_Latn,rag_Latn,Imani yote ni yangu,Lisuuviridza lyosi ni lyange.,general_prose
kentrans_1775_swh,swh_Latn,rag_Latn,Waluya wa mashariki mara mingi walimuita mtoto jina la mtu wao aliyekufa na walikuwa wakimpenda,Avaluhya vevugwi halikanyingi valanganga mwana lyeta lyo mundu wavo wamala kukutsa na nivali ni va muyanza.,general_prose
kentrans_354_swh,swh_Latn,rag_Latn,VITU VIISHIVYO KATIKA MILIMA,IVINDU VIMENYI MUVIGULU,general_prose
kentrans_1281_swh,swh_Latn,rag_Latn,"Dhambi zisiongezeke, wala wahalifu","Ubwoni si bu nyala mba, Kwameha avandu:",general_prose
kentrans_637_swh,swh_Latn,rag_Latn,"Akasema, “Yamekwisha!”",Na vola “Ga fweye!”,general_prose
kentrans_2135_swh,swh_Latn,rag_Latn,tu marafiki wa ulimwengu,"Koveye valina avekivala,",general_prose
kentrans_1388_swh,swh_Latn,rag_Latn,Nao mkono wake huniongoza,"No mukono gwigwe, gunzimirira",general_prose
kentrans_2248_swh,swh_Latn,rag_Latn,Msemezane pamoja naye,"Muvolerane hala naye,",general_prose
kentrans_1902_swh,swh_Latn,rag_Latn,Sababu maalumu ikiwa hawakuwa na njia ya kusaga mahindi jinsi walivyokuwa wakisiaga wimbi na mtama.,Kivune si vali vanyala kusia amaduma kuli vasietsanga ovolo na mavere dave.,general_prose
kentrans_2464_swh,swh_Latn,rag_Latn,Tayari kumulaki bibi arusi,Vamulika lwa serelwa yazanga,general_prose
kentrans_58_swh,swh_Latn,rag_Latn,Baba huyu ni baba wa baba yako ( baba mzaa baba)Nyanya huyu ni mama wa mama yako,Guuga uyu ni Baba wa baba wovo (isee Baba wovo) Guuku uyu ni mama wa mama wovo (Nyia mama wovo),general_prose
kentrans_3506_swh,swh_Latn,rag_Latn,"Humzomea binti Yerusalemu, Na kutikisa vichwa vyao na kusema.","VA kunukanga, va sungusanga mitwe gyavo ku mukana wa Yerusalemi, ni va vola.",general_prose
kentrans_2154_swh,swh_Latn,rag_Latn,Tena wanarudi kutenda dhambi,"Kandi hakekeke virana muvwoni,",general_prose
kentrans_2814_swh,swh_Latn,rag_Latn,Nitakupikia chai lala.,"Nangodekere ichai, gona",general_prose
kentrans_3169_swh,swh_Latn,rag_Latn,Mji wa Luguli iko eneo la mwinuko,Lugulu neridaala liveeye kukigulu,general_prose
kentrans_2665_swh,swh_Latn,rag_Latn,Mengine nilijibandika.,Tundi ndidwika.,general_prose
kentrans_2750_swh,swh_Latn,rag_Latn,Kifungua mimba ni mtoto wa kujivunia.,Mwana wa mbiiri ni chekoyero.,general_prose
kentrans_2850_swh,swh_Latn,rag_Latn,Husaidia mwanafunzi kujua utamaduni wao.,Kumanya miima je hiiri yeye.,general_prose
kentrans_3590_swh,swh_Latn,rag_Latn,Kile adui zangu wanachonongʼona na kunungʼunikia dhidi yangu mchana kutwa.,"62 Minwa gya yavo avasingira ku kuya inze, na lisaavira lyavo ku inze mmbasu bei.",general_prose
kentrans_2530_swh,swh_Latn,rag_Latn,Nikimchapa mtoto wangu analia na majirani zangu wanacheza- Ngoma,Ulwanguyanga mwana wangenalira ma vatende vange vavina -Indumba,general_prose
kentrans_1473_swh,swh_Latn,rag_Latn,Mtu huyu humpiga nyoka.,Mundu uyu akuyaa enzoka.,general_prose
kentrans_561_swh,swh_Latn,rag_Latn,14. Kuangalia mama mkwe au baba mkwe kwenye mhundi.,14. Kohenza navizala kumulugu.,general_prose
kentrans_732_swh,swh_Latn,rag_Latn,"Anawarai watu kwa nguvu,",A tsuuva vandu netsingulu;,general_prose
kentrans_2495_swh,swh_Latn,rag_Latn,Nilikuwa naoa wanawake nikiwachapa hawarudi-matawi ya miti,Ndaleta avakali nimbakuyi mavatsira ligali -Amatu go misaala,general_prose
kentrans_425_swh,swh_Latn,rag_Latn,Waliofanikiwa kujificha walijidai na kujigamba kwa kuwa askari alikuwa ameshindwa kuwapata.,Avanyalanga kwivisa vavula konyolwa vevolanga vakoli ikindu ekenene musigali utamiywi kuvanyola.,general_prose
kentrans_1141_swh,swh_Latn,rag_Latn,Ni wimbo wa furaha,No lwimbu lwo buyanzi.,general_prose
kentrans_671_swh,swh_Latn,rag_Latn,Twende nawe Yesu,Kudze ive Yesu;,general_prose
kentrans_73_swh,swh_Latn,rag_Latn,Hakuna ukoo.,ihili mba,general_prose
kentrans_2410_swh,swh_Latn,rag_Latn,Wakati unapoficha dhambi,Inynga ive uvisanga uvwoni,general_prose
kentrans_1519_swh,swh_Latn,rag_Latn,MOYO,HEART,general_prose
kentrans_1390_swh,swh_Latn,rag_Latn,Wala sitaogopa mabaya,Na si nda tia kindu mba,general_prose
kentrans_1053_swh,swh_Latn,rag_Latn,"Chini ya msalaba, Nitasimama","Hasi ho musalaba, Ndenya khusinjira,",general_prose
kentrans_644_swh,swh_Latn,rag_Latn,Awaondolee dhambi zao,A twulidze bwoni bwavo.,general_prose
kentrans_1997_swh,swh_Latn,rag_Latn,Niishi pamoja na wewe bwana,Menye halala na ive,general_prose
kentrans_1707_swh,swh_Latn,rag_Latn,"Saulo alimtazama Daudi na kusema, “Wewe ungali mtoto mdogo na hauwezi kupigana na mtu mkubwa kama huyu.”","Saulo yaahenza Daudi naavoola, ""Yive ukikiri mwana mung'erere siunyala kulwana numundu munene kuli uyu mba.""",general_prose
kentrans_554_swh,swh_Latn,rag_Latn,Kufanya tendo la ndoa na mtu wa ukoo.,7. Kogona nu mwiiko.,general_prose
kentrans_2468_swh,swh_Latn,rag_Latn,Taa zao zilikosa mafuta,Sivavika maguta mu tsitaya,general_prose
kentrans_2900_swh,swh_Latn,rag_Latn,Siku ilipofika mwewe alifika kuulizia wembe wake.,"Lidiku lialondaku, liive liatsa koteva logembe Iwalio.",general_prose
kentrans_3495_swh,swh_Latn,rag_Latn,"Kwa sababu watoto wachanga na wanyonyao, Huzimia katika mitaa ya mji.",Kigira avana vadoto na va nunanga Va kudziye ku Tsinzira tyelidala.,general_prose
kentrans_1982_swh,swh_Latn,rag_Latn,Kimaragoli.,Lulogoli.,general_prose
kentrans_1046_swh,swh_Latn,rag_Latn,Yesu mwenyewe aliniita:,Yesu mwene niye wanjeta:,general_prose
kentrans_1740_swh,swh_Latn,rag_Latn,Anaishi wapi ?,Emenyi haliki?,general_prose
kentrans_2037_swh,swh_Latn,rag_Latn,Msalabani Yesu alisulubiwa,Kumsalaba Yesu yavambwa,general_prose
kentrans_1658_swh,swh_Latn,rag_Latn,"Alipoinua panga juu, kijana mmoja kutoka kwenye umati alikimbia","Lwayaginga litimu yigulu, muyayi mulala mukiduma yaabivuka niyiiruka",general_prose
luhya_multi_78_multi_swh,swh_Latn,rag_Latn,"Mnaweza mkaiba asia kuwa, ya kutimia uchokozi akiwepo tunajua vipi ujumbe wako.","""Munyala mweba asia muli, lwe khurumikhira kamayia akhabao Khumanya khuriena burume bwowo.",Conversational
luhya_multi_115_multi_swh,swh_Latn,rag_Latn,Mtu yeyote asiyeogopa maagizo haya na mtu yeyote anayesongeza mpaka wa mwenzake alaaniwe.,"""Omundu yesi yesi okharia kamalaka kano ne ""Omundu yesi yesi osendia lulwakha lwo owasie alaamwe.""",Conversational
kentrans_2999_swh,swh_Latn,rag_Latn,Vibaya,vuvi,general_prose
kentrans_2661_swh,swh_Latn,rag_Latn,Nilmisihi inichotee maji ninywe,"Ndagevolera,ndahira ku nwi",general_prose
kentrans_441_swh,swh_Latn,rag_Latn,Mwanamke kula kwa maziwa alikoolewa na hajazaa hapo mtoto,33. Mwiha kuliira amaveere hayatsia nakikiri kwivula họ mwana.,general_prose
kentrans_509_swh,swh_Latn,rag_Latn,Iwapo ni mtoto walionyolewa walikuwa watoto wadogo.,Niyali mwana avandu vali vake.,general_prose
kentrans_1149_swh,swh_Latn,rag_Latn,Akanipa wimbo moyoni mwangu,"Yavika lwimbu mu mwoyo gwange,",general_prose
kentrans_613_swh,swh_Latn,rag_Latn,Damu yake ilitiririka,Masahi gege ga tadza,general_prose
kentrans_3189_swh,swh_Latn,rag_Latn,Wasichana wanachuna.,Avakaana vaagula,general_prose
kentrans_673_swh,swh_Latn,rag_Latn,Tukuamini wewe,Ku suuvire ive.,general_prose
kentrans_3494_swh,swh_Latn,rag_Latn,Ini langu linamiminwa juu ya nchi Kwa uharibifu wa binti ya watu wangu.,"Likudumani lyange li tsukeywi ku kivala, kigira ubwoneku bwomukana wavandu vange.",general_prose
kentrans_2207_swh,swh_Latn,rag_Latn,Mpengwa wetu amekwisha lala,"Omuyanze witu umali kogona,",general_prose
kentrans_3677_swh,swh_Latn,rag_Latn,Isipokuwa umetukataa kabisa; Una hasira nyingi sana juu yetu.,22 Navutswa u kusuye ligali u veye nobutima bunene ku kwinye.,general_prose
kentrans_3138_swh,swh_Latn,rag_Latn,Makasi,makasi,general_prose
kentrans_1703_swh,swh_Latn,rag_Latn,Mimi nilipigana naye.,"Inze ndalwana naye.""",general_prose
kentrans_684_swh,swh_Latn,rag_Latn,"Dhambi zilituharibu, zimekuwa zikitusinya, zimekuwa zikitusinya.","Nobwoni bwa kwononya, Bwa kusinyanga kase, Bwa kusinyanga kase.",general_prose
kentrans_654_swh,swh_Latn,rag_Latn,Alipotufia Yesu,Lwa Yesu Ya kukudzira.,general_prose
kentrans_1783_swh,swh_Latn,rag_Latn,Wangeona anafanana mtu Fulani,Ulundi nivalolonga afwananga leve vamanya valanga lyeta zana.,general_prose
kentrans_2102_swh,swh_Latn,rag_Latn,Tunyenyekee mbele za Mungu,"Mwegehizi imbiri wa nyasaye,",general_prose
kentrans_1402_swh,swh_Latn,rag_Latn,Malaika mbinguni.,Yesu Kristo wivuliywi,general_prose
kentrans_483_swh,swh_Latn,rag_Latn,"Wafu wengine walikuwa wameshaoza, na wengine walikuwa bado.","Vakuzu valala vali nivamala kugunda ligali, navandi vali nivakikiri.",general_prose
luhya_multi_50_multi_swh,swh_Latn,rag_Latn,Ambia watoto wenu jinsimlivyo leo.,"""Boolela babaana benywe nga mwakhaba luno.",Conversational
kentrans_3240_swh,swh_Latn,rag_Latn,"Ukiwa mkimbiaji mzuri, uafika shuleni karaka.",Nuveeye munyaguli mulahi ulanguha kuduuka mulisoma.,general_prose
kentrans_1561_swh,swh_Latn,rag_Latn,Bata na kanga walitaga mayai,Libada nerikanga gaateera mavuyu.,general_prose
kentrans_2686_swh,swh_Latn,rag_Latn,"Ni mimi kichoma nguo,ni mimi kichoma nguo","Ninze ingoyi woo, ninze ingoyi woo",general_prose
kentrans_2510_swh,swh_Latn,rag_Latn,Usiniache -Kichoma nguo,Utandeka mba - Ologohe,general_prose
kentrans_2320_swh,swh_Latn,rag_Latn,Anaongozwa na nuru ya Bwana.,Oyo aveye muvulavu vwa Kristo,general_prose
kentrans_893_swh,swh_Latn,rag_Latn,"Yesu alituokoa,","Yesu ya ku soola,",general_prose
kentrans_1274_swh,swh_Latn,rag_Latn,"Nyote mukaribisheni, Mioyo yenu na mpeni","Avandu ve lirova mu bugiriri Mwami,",general_prose
kentrans_1239_swh,swh_Latn,rag_Latn,Leo tumepata tumaini la milele,Lyenya Iyosi lyemihigi li nyoleki lero.,general_prose
kentrans_1862_swh,swh_Latn,rag_Latn,"Haya yalikuwa maridadi ya mwilini, mwanamke mwingine alikuwa anajua kuweka alama hizi mwilini na aliitwa “musaati”","Yaga galange a maridadi gokumuviri, Mundu mukali mulala yalange yamanya vusitsa vwo kusaata na yalangwa ""musaati"".",general_prose
kentrans_531_swh,swh_Latn,rag_Latn,"Walimchinja kondoo na baada ya kumbambua ngozi, mzee aliyejukumika alipuliza hewa katika utumbo wa ke.","Vitanga ligondi ma nivakamala konyenya, mundu mukulundu yahutsanga imwiika mu kifu.",general_prose
kentrans_2589_swh,swh_Latn,rag_Latn,Ukipita pale mzee yupo sharti umrushie -Mate na Mavi,Nuvita hu musakulu aveye kuduka umulasira - Amate na Mavi,general_prose
kentrans_50_swh,swh_Latn,rag_Latn,kitukuu chako kikazaa kilembwe,Kisukulu chicho chivula kisukululwi.,general_prose
kentrans_3023_swh,swh_Latn,rag_Latn,"Ndipo, anasema atafagia hii yako",Yee avolaa aleeya iyoyo,general_prose
kentrans_895_swh,swh_Latn,rag_Latn,Sisi sote tunataka,Kwinye kwosi kwenya,general_prose
kentrans_2467_swh,swh_Latn,rag_Latn,Walizama katika usingizi wa dhambi,Vagotera mu tsindolo tsio vwoni,general_prose
kentrans_1120_swh,swh_Latn,rag_Latn,Nyote njoni awaita Fanya hima tuje wote Ndiyue mweza wa yote,Yesu alanganga mwinye Yenya voosi kudza bwangu A lombanga vindu vyosi.,general_prose
kentrans_744_swh,swh_Latn,rag_Latn,Linatuondolea woga wetu leo.,Li kunga butii bwetu lero.,general_prose
kentrans_1676_swh,swh_Latn,rag_Latn,Aliwakubali wote wakawa marafiki zake,Yavugiirira vosi nivava avalina veeve.,general_prose
luhya_multi_1_multi_swh,swh_Latn,rag_Latn,tuna wazazi wengi wanaoketi kuzungumza kimarachi kinachofanya watu walalamike.,:huri nende bebusi bangi ebehalanga husunga lumarachi likiranga bandu bathia hulalamika.,Conversational
kentrans_2877_swh,swh_Latn,rag_Latn,"Alipokuwa akienda, aliona pango.","Lw natsitsanga, yalola luhangaywa.",general_prose
kentrans_2529_swh,swh_Latn,rag_Latn,Nilimlaza upande wa mbele akakataa -Magoti,Ndamugonya yimiriri ku yasula - Litiginyu,general_prose
kentrans_2101_swh,swh_Latn,rag_Latn,Mungu hapendi majivuno,"Nyasaye siayanzanga, vigingiriri,",general_prose
kentrans_2737_swh,swh_Latn,rag_Latn,Mama: Amugovolio nenda usiage unga.,Mama:Amugovolio tsia usie vusie.,general_prose
kentrans_1833_swh,swh_Latn,rag_Latn,Walikuwa wakikata nyasi zinazopatikana mtoni na kuchoma ili kupata chumvi hiyo ya zamani.,Vakalaganga ilise lyo mukivanda ma vasamba umunyu.,general_prose
kentrans_2856_swh,swh_Latn,rag_Latn,Kizazi chetu kinakua vipi?,Uluhya lwitu luvirukaa ndi?,general_prose
kentrans_1506_swh,swh_Latn,rag_Latn,Ni wangapi bado hawajafahamu?,Nivanga avakikiri kumanya?,general_prose
kentrans_2832_swh,swh_Latn,rag_Latn,JINSI TUNAVYOWEZA KUTUMIA KITABU HIKI,KULI KUNYALA KUTUMIKILA KITABU YIKI.,general_prose
kentrans_3459_swh,swh_Latn,rag_Latn,Adui zangu wote wamesikia habari ya mashaka yaliyonipata; hufurahi kwa kuwa umeyafanya hayo.,"Avasigu vange vosi va hulira kivi Kya ngwira, VA sangalanga kigira nive wa kola yaga.",general_prose
kentrans_2655_swh,swh_Latn,rag_Latn,Yakambalala alijishika mgongo,Yakambala ya hamba ku mugongo,general_prose
kentrans_2451_swh,swh_Latn,rag_Latn,Bwana Yesu alipokuwa anaenda,Mwami Yesu lwa yaali na ziza,general_prose
kentrans_1422_swh,swh_Latn,rag_Latn,Ndimu nzuri iko mtini.,Indimu indahi eveeye kumusaala.,general_prose
kentrans_2539_swh,swh_Latn,rag_Latn,Kumi na moja -Kamasi,Komi na moja- Mamira,general_prose
kentrans_2751_swh,swh_Latn,rag_Latn,"Je,mama ana mwingine!",Mama akaveye nu undi noho!,general_prose
kentrans_1244_swh,swh_Latn,rag_Latn,Ni furaha ya ajabu kwa zawadi ya Mtoto,Nobuyanzi bwe lihuga ku khannwa zana!,general_prose
kentrans_1629_swh,swh_Latn,rag_Latn,"Naye akamjibu “ Moshi unaniwasha machoni,”","Naye yaativula ""Mwoki gunzitsaa mmoni.""",general_prose
kentrans_3317_swh,swh_Latn,rag_Latn,Ya wakuu na watu; nchi ilitetema mbingu ya Mungu iliteremka kwa sababu mimi nadondosha kwa wenye nguvu,"Ivyanene navandu; Lirova iya degera, neligulu iya Yahova ya sulunguta kigira inze tonyatonya,ku vetsngulu",general_prose
kentrans_3671_swh,swh_Latn,rag_Latn,Ewe Bwana unadumu milele.,"19 Ive, o Yahova uhindiranga mihiga ne nemihiga.",general_prose
kentrans_298_swh,swh_Latn,rag_Latn,Ni nani aliyeharibu?,Nanivwaha wononyia?,general_prose
kentrans_1694_swh,swh_Latn,rag_Latn,Alipenda wazazi wake pamoja na Mungu.,Yali niyayanza navivuuli veeve halala na Nyasaye.,general_prose
kentrans_1313_swh,swh_Latn,rag_Latn,"Akalelewa, mguo za kitoto",Na va mu lingira mu ingubo yomwana,general_prose
kentrans_3480_swh,swh_Latn,rag_Latn,Naye amewadharau mfalme na kuhani Katika uchungu wa hasira yake.,Na kwani nomusalisi ya VA legamu livirirwa lyobutima bwibwe.,general_prose
kentrans_1005_swh,swh_Latn,rag_Latn,Tazama! Damu ya mwokozi,Henza! masahi go muhonnyi,general_prose
kentrans_3130_swh,swh_Latn,rag_Latn,Tuwashe moto tusonge ugali.,Kufane muliru kulugi vukima,general_prose
kentrans_2761_swh,swh_Latn,rag_Latn,Naenda naenda naenda,Nzie nzie nzie mmbo,general_prose
kentrans_1554_swh,swh_Latn,rag_Latn,Anguka,Gwa,general_prose
kentrans_2350_swh,swh_Latn,rag_Latn,Niangalieni mimi Jehova,Muhenze ku inze Yahova,general_prose
kentrans_1335_swh,swh_Latn,rag_Latn,Mtangaze habari ya kuzaliwa kwa Yesu,"Mu landidze amang’ana, Yesu wivuliywi.",general_prose
kentrans_350_swh,swh_Latn,rag_Latn,Jua likichomoza huanzia milimani na likitua hutua kwenye ziwa.,Liuva nilitula litulila kuvigulu na niligwa naho niliyela mu inyanza.,general_prose
kentrans_2021_swh,swh_Latn,rag_Latn,Alikomboa dhambi zetu zote,Yakugutira uvwoni vwosi x2,general_prose
kentrans_667_swh,swh_Latn,rag_Latn,Alikufa kwa ajili yako,Ya kudzera lve.,general_prose
kentrans_3200_swh,swh_Latn,rag_Latn,Taja majina ya nyasi inayotambaa mtoni.,Tivula amiita govulimu vulandaa mukivanda.,general_prose
kentrans_3565_swh,swh_Latn,rag_Latn,Nani awezaye kusema nalo likatendeka kama Bwana hajaamuru?,"37 Ni bwaha u vulanga, ma li va, Ni I va Yahova si ya li laga mba?",general_prose
kentrans_694_swh,swh_Latn,rag_Latn,"Akaosha dhambi zetu alipotufia Yesu,Alipotufia sote; mwenyewe alituponya","Na a singa bwoni bwetu Lwa ya kudzera kwosi, Lwa ya kudzera kwosi; Mwene ya honya kwiny e",general_prose
kentrans_2833_swh,swh_Latn,rag_Latn,"Kitabu hiki kitatumiwa na walimu, wazazi na wanafunzi wanaoweza kusoma.","Kitabu yiki kilatumikilwa na vegitsi, avivuli na vaana vanyala kusoma.",general_prose
kentrans_3115_swh,swh_Latn,rag_Latn,Huu ni mkuki mzuri,Yiri niritimu lirahi,general_prose
kentrans_2005_swh,swh_Latn,rag_Latn,Majirani na wakoo wangu wote,Vatende vange na viko vosi,general_prose
kentrans_1228_swh,swh_Latn,rag_Latn,Unatuongoza,U la kwimirira,general_prose
kentrans_3178_swh,swh_Latn,rag_Latn,Walikuwa wanafanya vibaya sana.,Vaakola vudamanu ligali,general_prose
kentrans_3509_swh,swh_Latn,rag_Latn,"Huzomea, husaga meno yao, Husema, Tumemmeza.","Va kunukanga nokudyedyeidza amino gavo va vola, ku Mali kumumira.",general_prose
kentrans_3015_swh,swh_Latn,rag_Latn,Ananing’inia,Yereera,general_prose
kentrans_3142_swh,swh_Latn,rag_Latn,Walifika huko na wakafanya vizuri.,Vaaduka yo nivakola vulahi.,general_prose
kentrans_2313_swh,swh_Latn,rag_Latn,msiish kama wasiojua,Mutamenya kuli vandu vuvusira,general_prose
kentrans_1409_swh,swh_Latn,rag_Latn,"Amejivua enzi, Alivyo na mapenzi",Ya loleka kuli mundu navutswa ave Nyasaye:,general_prose
kentrans_816_swh,swh_Latn,rag_Latn,na anauliza;,nokuteva;,general_prose
kentrans_3446_swh,swh_Latn,rag_Latn,Watoto wangu wameachwa peke yao kwa sababu adui amenishinda.,Avana vange va lekeywi vengine kigira musigu u nguuti.,general_prose
kentrans_141_swh,swh_Latn,rag_Latn,Mtoto mmoja angezaliwa na alama na sura ya mtu aliyemtuma aende duniani,Umwana mulala yivulangwa ne tsimbala ne ligondo lio umundu wa matuma yatse mu kivala.,general_prose
kentrans_818_swh,swh_Latn,rag_Latn,Roho aishi nami.,Roho a menye ninze.,general_prose
kentrans_324_swh,swh_Latn,rag_Latn,Mambo yanayomtokea mwanamke akitaka kupata hedhi au kupata ujauzito hugonjeka sana na pia mvua ikitaka kunyesha ziwa na mwezi huugua,"Ivindu vikoleka ndio ku mundu mukali niyenya kulola umweli naho niyenya kuhelitsa umwana Umukali alwala kuvindu yivi vyoosi kandi imbula niyenya kukuba, inyanza ilwala umweli gulwala,vigulu vilwala, imbutsa ilwala.",general_prose
kentrans_2618_swh,swh_Latn,rag_Latn,Msichana malaya -Jicho,Mukaana mulaya - Emoni,general_prose
kentrans_739_swh,swh_Latn,rag_Latn,Ndiye wa kusamehe;,Yeu u samihi;,general_prose
kentrans_3379_swh,swh_Latn,rag_Latn,"Kunywa, Mungu wa Israeli","Nywa, Nyasaye wa Israeli.",general_prose
kentrans_2469_swh,swh_Latn,rag_Latn,Walikoasa nafasi na kufukuzwa,Vacheleva mu inyimba ni vakungwa,general_prose
kentrans_2100_swh,swh_Latn,rag_Latn,Mungu hapendi wenye dhambi,"Nyasaye siayanzanga vikihiviri,",general_prose
kentrans_1670_swh,swh_Latn,rag_Latn,ANIOGOKE NA MAMA YAKE,ANIIGOKE NA MAMA WEEVE,general_prose
kentrans_2823_swh,swh_Latn,rag_Latn,Mama nipe mbegu za mkunde niende kupanda.,Mama mbe tsimbindi nzie kumitsa.,general_prose
kentrans_1535_swh,swh_Latn,rag_Latn,Mtoto mchokozi anawapiga wenzake kwa fimbo,Mwana mutindi akuyaa avandi nembi.,general_prose
kentrans_642_swh,swh_Latn,rag_Latn,Wenye huzuni mwingi,Gwo buvereri bunene.,general_prose
kentrans_407_swh,swh_Latn,rag_Latn,Hakuna siku hata moja giza ikiwa na jua likianguka nyota hawaezi kosa angani,Sililiho nelidiku lilala ikisundi nekeveye ho ne liuva nili gwiyi Tsing'ereng’ani tsidake kuligulu mba.,general_prose
kentrans_1653_swh,swh_Latn,rag_Latn,Aliona ni vyema awaite waje ili awaulize,Yaalola nuvulahi avalange vaduukiho avateeve,general_prose
kentrans_1675_swh,swh_Latn,rag_Latn,"Msichana Yule aliona mmoja wao kuwa mzuri, alipomuona aliyekuwa mzuri.","Namukaana uyo wayalolaa ava kuye mulahi, wayalolaa ava kuye mulahi.",general_prose
kentrans_3628_swh,swh_Latn,rag_Latn,Wanatuvizia hatua zetu hata hatuwezi kwenda katika njia zetu.,18 Va himanga tsinduvatiru tsyetu sikunyala kugenda ku tsinzira tsyetu.,general_prose
kentrans_3125_swh,swh_Latn,rag_Latn,Miba iliyo na makali kama shindano.,Amafa gaveeye amugi kuli lufa,general_prose
kentrans_2357_swh,swh_Latn,rag_Latn,Njia zenu nzuri na zijulikane,Uvulungi bwenyu vumanyekane,general_prose
kentrans_498_swh,swh_Latn,rag_Latn,"Mke au mume aliyefiwa kabla ya kuanza kulia kwa kufiwa, alitekeleza mila","3. Inyinga yosi yo mukunzakali yenyanga kwikula, yatanganga kotemela.",general_prose
kentrans_3456_swh,swh_Latn,rag_Latn,Moyo wangu umegeuka ndani yangu; Maana nimeasi vibaya sana.,Mwoyo gwange gu gwirani mu inze kigira nzebaaye nobululu.,general_prose
kentrans_343_swh,swh_Latn,rag_Latn,Ukisoma Bibilia utaona jinsi Musa wa zamani walikuwa wakienda mlimani kuomba Mungu ampe hekima ajue atakachoweza kufanya na kuwaongoza wana Waisraili.,Nusoma mu kitabu kye vangeli ya Nyasaye ulalola kuli Musa wa Kale vatsitsa mukigulu ukutsia kuteva Nyasaye amuhe ovogeli ikyanyala kukola nokulinda avana Vaisrael.,general_prose
kentrans_2517_swh,swh_Latn,rag_Latn,Baba mkubwa mama mdogo na watoto kumi na wawili -saa,"Baba munene, mama mudi na vaana komi na mbili -Isa",general_prose
kentrans_2897_swh,swh_Latn,rag_Latn,Kuku aliwaambia waliosalia kuwa watamyolewa keshoye kwa vile alitaka kwenda kuwataftia chakula cha jioni.,Engoka yavolera vaana vatigala na vavegwe mugamba kigira yenyanga itsie kuva henzera chokulia cha hamuglova.,general_prose
kentrans_811_swh,swh_Latn,rag_Latn,"Amebeba dhambi zangu, Amebeba dhambi zangu","Yn ginga bwoni bwange, Yagingi bwoni bwange.",general_prose
kentrans_1373_swh,swh_Latn,rag_Latn,ALIKUJA KUNIOKOA,YADZA KUMBONNYA,general_prose
kentrans_2099_swh,swh_Latn,rag_Latn,Ni kwa wale wanaonyenyekea,Tsiveye kuyavo avegehizu.,general_prose
luhya_multi_79_multi_swh,swh_Latn,rag_Latn,Mkawa mkifanya mabaya na afanye nyinyi muwe ukoo mtakatifu jinsi mungu alivyowapa tumaini nyinyi.,"""Mwaaba ne mukhola kamabi ne akhole enywe mube ekholo endakatifu nga wele ne aamusuubisia enywe.",Conversational
kentrans_304_swh,swh_Latn,rag_Latn,UKOO WA MUME NA MKE,IHILI YO MUSATSA NO MUKALI,general_prose
kentrans_3107_swh,swh_Latn,rag_Latn,Ndege analete sufi,Likolove lireta luvuva,general_prose
kentrans_2396_swh,swh_Latn,rag_Latn,Sikia roho yangu,Mwoyo gwange hulila (3),general_prose
kentrans_688_swh,swh_Latn,rag_Latn,Tulimlilia yesu.,"Kwanira Yesu Mwami. Wa va kudzera voni,",general_prose
kentrans_1226_swh,swh_Latn,rag_Latn,U mlinzi wetu,Nomulindi wetu:,general_prose
kentrans_1293_swh,swh_Latn,rag_Latn,Alishuka kwao.,Ya loleka kuvo.,general_prose
kentrans_3227_swh,swh_Latn,rag_Latn,Ngege hupatikana wapi?,Engege inyolekaa haliki?,general_prose
kentrans_2091_swh,swh_Latn,rag_Latn,Waliojitakasa nyoyo zao,"Avamali kwogiza myoyo gyavo,",general_prose
kentrans_2678_swh,swh_Latn,rag_Latn,Ni mimiLledi mtoto wetu,Vaana vetu niinze lledi woo,general_prose
kentrans_2097_swh,swh_Latn,rag_Latn,Usiye mpenda Mungu,Nyasaye sianyala kumuyanza mba.,general_prose
kentrans_85_swh,swh_Latn,rag_Latn,Mtoto huyu hakubaliwa kukua katika ukoo huo,Mwana uyu siavugilwa ku miima avilukii muhili mba,general_prose
kentrans_2836_swh,swh_Latn,rag_Latn,Anayekitumia atafute pia picha zingine zinzoweza kutumiwa,Oyo ukitumikila ahenze tsipicha tsindi tsinyala kutumikilwa.,general_prose
kentrans_984_swh,swh_Latn,rag_Latn,Ni nani aliyekukubali?,Ni wi wa vushira ive?,general_prose
kentrans_1008_swh,swh_Latn,rag_Latn,Zatolewa bure kwa waaminio.,Tsi hebwa vutswa ku va suuviri.,general_prose
kentrans_876_swh,swh_Latn,rag_Latn,Ni nani aliyekuja duniani tena?,Wina a ladza mirova kandi?,general_prose
kentrans_1900_swh,swh_Latn,rag_Latn,Mbegu hii ilifichika katika baadhi ya maeneo ikawa inaonekana ila mahindi meupe ikapewa jina EMBEGU.,Givisa ku mu tsisoma nigalolekanga ku navutswa amalavu ni gahevwa lyeta EMBEGO.,general_prose
kentrans_3018_swh,swh_Latn,rag_Latn,Anafagia,yeeye,general_prose
kentrans_2453_swh,swh_Latn,rag_Latn,Kwake ametufanya marafiki,Kigira yakulanga valina veve,general_prose
kentrans_2670_swh,swh_Latn,rag_Latn,Nikawapiga tena,Kandi uba,general_prose
kentrans_2809_swh,swh_Latn,rag_Latn,Lala mtoto lala.,"Gona omwana, gona",general_prose
kentrans_291_swh,swh_Latn,rag_Latn,"Nchi yenu ina milima, misitu na mito inayohitajika mtumie kwa pamoja na pia watu wanaojua maneno ya milima, wanapaswa wawafunze watu wadogo wajue.","Ikivala kyenyu nekeveye mu ne vigulu, militu ne migera genyeka musange na kandi avandu vamanyi amangana gevigulu vadukana vegitse avandu vakili vang’elele.",general_prose
kentrans_2660_swh,swh_Latn,rag_Latn,Ilikuwa ikitoboa maji.,Iladuvula matsi.,general_prose
kentrans_1590_swh,swh_Latn,rag_Latn,Kina nani waliingia chumbani mwa nyanya?,3. Nivaaha vingira mukidioli chiche?,general_prose
kentrans_628_swh,swh_Latn,rag_Latn,Ulisoma kuhusu kata ya miba!,Wa soma ku gengata ya mafwa!,general_prose
kentrans_3516_swh,swh_Latn,rag_Latn,Usijipatie kupumzika; Mboni ya jicho lako isikome.,"U tesosidza, u ta leka indolero yemoni yoyo I ta Hera mba.",general_prose
kentrans_959_swh,swh_Latn,rag_Latn,"Dhambi zangu zote,","Ubwoni bwange bwogi bei,",general_prose
kentrans_1765_swh,swh_Latn,rag_Latn,Mama hakuruhusiwa kutoka kwa nyumba ovyovyo,Mama mwene siyali anyala kutula mu nyumba kuli ayanzi dave.,general_prose
kentrans_2380_swh,swh_Latn,rag_Latn,Uwachane na na dhambi zote,Ulekane nu vudamanu bwosi,general_prose
kentrans_1148_swh,swh_Latn,rag_Latn,Moyo wangu kuuponya,"Kuhonya mwoyo gwange,",general_prose
kentrans_1136_swh,swh_Latn,rag_Latn,Tutakuandama siku zote za maisha yetu.,Ku Ia kulonda bulahi madiku getu gosi.,general_prose
kentrans_2703_swh,swh_Latn,rag_Latn,Siku hizi nalala kama nimechuchumaa.,Lero ngonanga nenzetegi.,general_prose
kentrans_3198_swh,swh_Latn,rag_Latn,Mtu anayechuna matunda huyapeleka wapi?,Umundu wagulaa matunda ula ahira halıkı?,general_prose
kentrans_852_swh,swh_Latn,rag_Latn,"Hakujifikiria,","Si yeganagana Mwene,",general_prose
kentrans_1824_swh,swh_Latn,rag_Latn,Waliopashwa tohara walitumia muda wao mwingi kuwinda fuko wala si panya.,"Ni vahonanga vatumikira vwiyangu vunyingi kuhima no kwita tsimbeva kigira valitsanga tsimbeva. Majungu dave, kigira majungu galange kunu dave. Agene yaga gaatsira mutsimeeri.",general_prose
kentrans_3605_swh,swh_Latn,rag_Latn,"Uliopinduliwa kama katika dakika moja, wala mikono haikuwekwa juu yake.","Lya tungaminywa kuli mu idagika indala, si ha veye nomukono gu vikwa kuye.",general_prose
kentrans_3084_swh,swh_Latn,rag_Latn,Haka ni katoto kadogo,Kaveeye akaana kakekeke,general_prose
kentrans_3121_swh,swh_Latn,rag_Latn,Labda Mafefe amezoofika maungo.,Fana mafefe yafogoya Lifedete,general_prose
kentrans_1352_swh,swh_Latn,rag_Latn,HABARI ZA KUZALIWA KWA YESU,YESU YIVULWA NDI,general_prose
kentrans_1048_swh,swh_Latn,rag_Latn,Alikuja kuniokoa.,Yija kwisevere yo wuyeti.,general_prose
kentrans_3083_swh,swh_Latn,rag_Latn,ona kale katoto kanapeana kibuyu.,Lola akaana kala kahaanaa kimuga,general_prose
kentrans_19_swh,swh_Latn,rag_Latn,Ngwengwe mtoto wa Vayanza A vayanza,Ngwegwe vayanza,general_prose
kentrans_494_swh,swh_Latn,rag_Latn,Watu wake walikuwa wakimuangalia kuona iwapo amefikia kutoka katika ujane.,Avandu veve vamuhenzanga kolola niva udukani kutula mu likunzakala.,general_prose
kentrans_1174_swh,swh_Latn,rag_Latn,Unifanya kiumbe kipya,"Khuli mushingi wange,",general_prose
kentrans_1456_swh,swh_Latn,rag_Latn,Hulala katika uchafu.,OLigonda mulose.,general_prose
kentrans_1955_swh,swh_Latn,rag_Latn,Moja wapo ya michezo hii ilikuwa kupigana kwa wavulana.,Mulala ku mikinu yiji gwali kusindana kulwana kwa vayai.,general_prose
kentrans_1726_swh,swh_Latn,rag_Latn,Watu hufanya nini wakitaka kuona au kuua kinywere?,Avandu niveenyi valole naho viite kinywere vakolangaki?,general_prose
kentrans_2971_swh,swh_Latn,rag_Latn,Unaona lile tawi la ndizi lililonyauka,Ulolaa lirala lira,general_prose
kentrans_2362_swh,swh_Latn,rag_Latn,Mvae uweza wangu,Mwivike uvunyali bwange.,general_prose
kentrans_3415_swh,swh_Latn,rag_Latn,"Wanaomtesa wamekuwa kichwa, adui zake wamefanikiwa; kwa kuwa Bwana amemtesa kwa wingi wa makosa yake.","5 Ava mu dambidzanga va gwiye mutwe, avasigu veve vagasidzeywi; kigira yahova u mu vereridzi kigira ubunyingi bwa mahyolo gege.",general_prose
kentrans_608_swh,swh_Latn,rag_Latn,Rehema zake;,Busaliri bwibwe;,general_prose
kentrans_2870_swh,swh_Latn,rag_Latn,Tutafanya nini ili kujenga msingi wa dada mmaragoli na mama Kalyesa?,Kokola ki mbula kuladinyiliza nu kuyuminya uluvaamba lwa dada mulogolina mma kalyesa?,general_prose
kentrans_712_swh,swh_Latn,rag_Latn,Furaha mbinguni,Buyanzi mwlgulu.,general_prose
kentrans_2559_swh,swh_Latn,rag_Latn,Inakujia matajiri na maskini kwa usawa -Mvua,Kitsanga ku vatugi na vadaka kerengani - Imbula,general_prose
kentrans_1569_swh,swh_Latn,rag_Latn,Hapo zamani za kale palikuwepo na mama mmoja na watoto wake wawili,"Kale mumadiku gaavita, yaaliho mukeere mulala waali navaana veeve vaviri.",general_prose
kentrans_2798_swh,swh_Latn,rag_Latn,Nilikuwa nimepewa na wachungaji,Tsiali tsia vayi vamba,general_prose
kentrans_1939_swh,swh_Latn,rag_Latn,Ikishakuwa chachu walikuwa wakiwapa watu kama pombe.,Ni gakalula ma vaha avandu kunwa kuli amalwa.,general_prose
kentrans_1057_swh,swh_Latn,rag_Latn,"Hapa ni pazuri sana, mwamba imara,","Ya ha na halahi muno, Lukaka ludinyu,",general_prose
kentrans_3063_swh,swh_Latn,rag_Latn,Watoto wanapeana mawe mazuri.,Avaana vahanaa magina malahi,general_prose
kentrans_361_swh,swh_Latn,rag_Latn,"hungerudi chini na tena angemezwa na mlima wenyewe hungepatikana hata ukitafutwa, na hungeonekana","siwilana hasi mba kandi uhiliiywi nikigulu kyene yiki kali wenywe, uloleka ku mba.",general_prose
kentrans_3229_swh,swh_Latn,rag_Latn,Kuku hulalia kwasiku ishirini na moja.,Engoko igoneraa madiku makumi gaviri nalirala.,general_prose
kentrans_3498_swh,swh_Latn,rag_Latn,Hapo walipomiminika nafsi zao Vifuani mwa mama zao.,Lwe myoyo gyavo gyi tsukeywi mu viritu vya vamama vavo.,general_prose
kentrans_2492_swh,swh_Latn,rag_Latn,Hapa duniani na kotekote,Kwake mu lilova hosi na hosi,general_prose
kentrans_1360_swh,swh_Latn,rag_Latn,Hapakuwa na nafasi chumbani,Si ha Ii nobugono bulahi,general_prose
kentrans_3518_swh,swh_Latn,rag_Latn,Mimina moyo wako kama maji machoni pa Bwana.,U tsuke mwoyo gugwo kuli amadzi imbiri womumoni mwa Yahova.,general_prose
kentrans_2417_swh,swh_Latn,rag_Latn,Usipokiri dhambi zako zote,Nutiyama mahyolo gogo gosi,general_prose
kentrans_1777_swh,swh_Latn,rag_Latn,Mwiko wa kuwaita watoto wavulana ulikuwa ukiitwa mwiko mkubwa,Musango gwo kulanga avana vayai lyeta gwalange musango munene.,general_prose
kentrans_2340_swh,swh_Latn,rag_Latn,Damu yake Bwana Yesu,Amasahi go Mwami Yesu,general_prose
kentrans_345_swh,swh_Latn,rag_Latn,Yesu naye pia akiwa duniani alikuwa akipanda juu ya mlima kwenda kuomba Baba yake Jehova ndiposa apate uwezo wa kufanya shughuli zake za miujiza.,Mwami Yesu kandi naye naveye mulilova yanigila mukigulu ukutsia kusaala ku Baba wewe Yahova ku anyole uvunyali vwokokola imiyinzi jije jokukola ivilolekitsu vinene mu lilova.,general_prose
kentrans_1033_swh,swh_Latn,rag_Latn,Musalabani alipofia.,Khu Musalaba khu ga fwira.,general_prose
kentrans_2650_swh,swh_Latn,rag_Latn,Nitakutingiza,Mangusanguse,general_prose
kentrans_768_swh,swh_Latn,rag_Latn,Watapata Amani yake.,Va Ia nyola amani gege.,general_prose
kentrans_1887_swh,swh_Latn,rag_Latn,Na iwapo angekufa walikuwa wakisema mambo mengingine yalikuwepo ambayo hayakutatuliwa na mganga wa kienyeji.,Na niyakutsanga ma vavola agandi galondeye mu go mukumu yali nakiri kolóla.,general_prose
kentrans_2724_swh,swh_Latn,rag_Latn,KITOWEO CHA MAHARAGWE,MUDUYA NA MAJIRA,general_prose
kentrans_114_swh,swh_Latn,rag_Latn,Awezaye kutawala ulimwengu na mila na desturi za watu.,Unyala kusingilila ikivala nokusingilila miluka ja vandu.,general_prose
kentrans_1489_swh,swh_Latn,rag_Latn,Una ndevu zozote kwa kidevu chako?,Uveeyeku nekederu kukinanwa?,general_prose
kentrans_1550_swh,swh_Latn,rag_Latn,Jini likambeba likampeleka msituni.,Gwamugiinga nigumuhira mmbulimu.,general_prose
kentrans_1290_swh,swh_Latn,rag_Latn,Wachunga walipolinda,A vayi vaya mmbudiku,general_prose
kentrans_1191_swh,swh_Latn,rag_Latn,Alipotufia kwa pendo,Inyingi ya khukhudzera,general_prose
kentrans_3449_swh,swh_Latn,rag_Latn,Yerusalemu amekuwa kati yao kama kitu kichafu.,Yerusalemi hagati havi u gwiyi kuli kindu ki veye nobudamano.,general_prose
kentrans_1265_swh,swh_Latn,rag_Latn,Neno la baba limekuwa mwili.,Mudze kalunu kumusigamire.,general_prose
kentrans_1247_swh,swh_Latn,rag_Latn,Kristo apate kuingia katika nyoyo safi,Mu myoyo milungi muno Kristo a lingira,general_prose
kentrans_86_swh,swh_Latn,rag_Latn,Mamake aliyemzaa hakuruhusiwa kuenda naye alipooleka,Kandi nnyia umwivuyi siatsia naye mulukali havundu mba,general_prose
kentrans_2658_swh,swh_Latn,rag_Latn,Nilienda mtoni.,Ndatsia mukidaho,general_prose
kentrans_1433_swh,swh_Latn,rag_Latn,Ni mlinzi mzuri,Aveeye mulindi mulahi.,general_prose
kentrans_3277_swh,swh_Latn,rag_Latn,Naye na watu elfu kumi wakamfuata. Hakuwa wa kabila la Debora katikati.,Naye ya navandu tsielfu likumi va mu londa.menya isi welikindu lya Debora Hagati,general_prose
kentrans_693_swh,swh_Latn,rag_Latn,Alisumbukana Yesu,"Ya kupa kivi Yesu,",general_prose
kentrans_1062_swh,swh_Latn,rag_Latn,Alikufa kwa ajili yangu niliyekuwa nimepotea:,Ya khutsa shijira Inze wali ni ndagora:,general_prose
kentrans_129_swh,swh_Latn,rag_Latn,Awe mtiifu kwa sheria na mwenye kusimama imara.,Ave umundu wa malago nelisingila ilidinyu (Umusingi mudinyu).,general_prose
kentrans_1416_swh,swh_Latn,rag_Latn,"Pamoja katika vita, tumshinde shetani",U ku konye kumuguute uyu umusigu wetu.,general_prose
luhya_multi_16_multi_swh,swh_Latn,rag_Latn,Zamadi yayatokayo kwenye ng’ombe huwa tunatumia kutengenezea nyumba hadi zionekane vizuri,. T. Hata zamadi hiyo ukibeba kisha upeleke kwenye shamba yanaweza kutoa mazao bora.,Conversational
kentrans_1640_swh,swh_Latn,rag_Latn,Ni kina name waliokuwa marafiki?,Ni vaaha avaali nuvulina?,general_prose
kentrans_933_swh,swh_Latn,rag_Latn,Nilibeba dhambi zako kwa sababu nakupenda.,Nda khu gingira bwoni bwo Shigira nda khu yanza.,general_prose
kentrans_2562_swh,swh_Latn,rag_Latn,Zinachanhanyikana -Matawi,Tsiagoyana - Tsiseke,general_prose
kentrans_1411_swh,swh_Latn,rag_Latn,"Njoo upesi, Bwana, Twakutamani sana","Ave Mwami wemirembe, ave Mundu wobulungi",general_prose
kentrans_308_swh,swh_Latn,rag_Latn,Lakini ukoo wa mwanaume huishi miaka na miaka,Navutswa ihiili yo mundu musatsa emenya vutswa mihiga ne mihiga.,general_prose
kentrans_384_swh,swh_Latn,rag_Latn,"Miungu wamekataa na tena kabla watu hawjali nyama hio, wangetupa nyama yenyewe chini ili waone kama wddudu wangeishambuklia.","MSAMBWA gusuyi Kandi avandu nivakili kulia ku inyama yene yiyi, Vakan. valasa hasi valole amamonyo nigaliaku. Vakalanga ma vasuva hasi",general_prose
kentrans_151_swh,swh_Latn,rag_Latn,Tabia alizokuwa nazo mtoto alipokuwa tumboni mwa mama yake ndizo atakazo kuwa nazo akizaliwa,Miima jo mwana yali naj mwa mama wewe nijo ijaliva najo niyivuliywi.,general_prose
kentrans_1367_swh,swh_Latn,rag_Latn,Walipomuona Yesu wakawaambia,"Lwa va ka lola Yesu va va volera,",general_prose
kentrans_1503_swh,swh_Latn,rag_Latn,Ukiwa na moya safi utakuwa na ukoo na Mungu.,Nuveeye numwoyo mulahi ulava mwiko wa Nyasaye.,general_prose
kentrans_1615_swh,swh_Latn,rag_Latn,"Siku zote alikuwa akiimba wimbo huu, ndiposa mamake amfungulie aingie.","Madiku gosi yiimbanga wimbu yiru, kumama weeve amwigulira maavita.",general_prose
kentrans_3237_swh,swh_Latn,rag_Latn,Nyota humsaidia mtu kuona gizani,Eng'ereng'ani ikoonyanga mundu kulola mukisundi.,general_prose
kentrans_427_swh,swh_Latn,rag_Latn,Wazee walijitolea kwenda kusoma ili waweze kuisoma bibilia.,Avandu vali vakulundu yavo avene vatovolanga kutsia kosoma nivenyanga va manye kosoma ivangeri,general_prose
kentrans_495_swh,swh_Latn,rag_Latn,"Wakiona yuko sawa, walikuwa wakiita mtu mzee kuja kumtakasa.","Nivalolanga aveeye vulahi, vamanyanga valanga mundu mukulundu yatsa kumuviida.",general_prose
kentrans_1256_swh,swh_Latn,rag_Latn,"Njoni tumwabudu, MWokozi.","Kwinye ku mu yanza, A Yesu Mwami.",general_prose
kentrans_1984_swh,swh_Latn,rag_Latn,Kaskazini magharibi.,Ivale yi imadyoli.,general_prose
kentrans_2407_swh,swh_Latn,rag_Latn,Nipe nguvu za ushidi,Ombe tsingulu kuguta,general_prose
kentrans_1257_swh,swh_Latn,rag_Latn,Mungu wa waunguMwanga wa mianga,Nyee mwimba aveve mwidzominye Yesu,general_prose
kentrans_2923_swh,swh_Latn,rag_Latn,Akajificha,Nabama,general_prose
kentrans_3078_swh,swh_Latn,rag_Latn,Maziwa,maveere,general_prose
kentrans_3621_swh,swh_Latn,rag_Latn,Hata ikawa watu wasiweze kuyaguza mavazi yao.,Kuduka avandu si vanyala kudila tsingubo tsyavo.,general_prose
kentrans_1585_swh,swh_Latn,rag_Latn,Waliofurahia nyanya huyo akiteseka nao waliweza kuaga dunia.,"Aviguliri vaaseka mukeere kigira yaali mukivi, navo vaduuka mukivi cherikutsa.",general_prose
kentrans_1288_swh,swh_Latn,rag_Latn,"Kwa upendo, na kwa upendo wake","Kwimbe, kwimbe kuye lero.",general_prose
kentrans_1780_swh,swh_Latn,rag_Latn,Ama ni nani aliyeuwawa kwa vita na alidungwa mahali karibu na alama iliyoonekana kwa Yule mtoto,Naho ni vwaha witwa mu vulwani na yatotswa ha vundu himbi ahembala eroleki ku mwana eveye.,general_prose
kentrans_2793_swh,swh_Latn,rag_Latn,Wimbi haukuwa wangu.,Na ovolosivwakali vwange,general_prose
kentrans_276_swh,swh_Latn,rag_Latn,"Fikira zake huwa mbali, hata huwa hataki mwanaume asonge karibu naye.","Tsinganagani tsitsie tsivetsa ihale, kali siyenya umundu musatsa yidili kuye ahimbi mba.",general_prose
kentrans_490_swh,swh_Latn,rag_Latn,Na siku yenyewe watu waliofika kwenye makumbusho.,Ma lidiku liene yilio avandu vaduuka mu lovego.,general_prose
kentrans_1723_swh,swh_Latn,rag_Latn,Huyu ni mnyama aishiye msituni anyehufanana paka naye hula kuku,Yiyi niinyama emenyi mmbulimu ifananga kibaga nairiitsanga tsingoko.,general_prose
kentrans_1278_swh,swh_Latn,rag_Latn,"Bonde na mlima na mwamba, maji mitoni na shamba,","Vigulu ne vivanda, vi landidze makuva.",general_prose
kentrans_715_swh,swh_Latn,rag_Latn,Anawaita wote wamfuate,A langa vosidza va mu londe.,general_prose
kentrans_3595_swh,swh_Latn,rag_Latn,"Jinsi dhahabu ilivyoacha kung’aa, na dhahabu iliyo safi ilivyobadilika! Mawe ya patakatifu yametupwa mwanzo wa kila njia.",I duki ndi kubwoya ithahabu indahi! Ithahabu isiyeku ligali igirunkani! Magina ga hatakatifu ha tebeywi ha kiheri kyenzira sa indala.,general_prose
kentrans_2583_swh,swh_Latn,rag_Latn,Mimi ni mmoja na nazalisha -Nyuki,Mbeye mulala na nzivulitsa - Tsinzuki,general_prose
kentrans_1638_swh,swh_Latn,rag_Latn,Jibu maswli yafuatayo:-,Tivula mateeva yaga:-,general_prose
kentrans_2673_swh,swh_Latn,rag_Latn,Nilimjibu,Ndamuvolera,general_prose
kentrans_2827_swh,swh_Latn,rag_Latn,Njaa ingekuwa imetuangamiza,Ngani inzala yakwita,general_prose
luhya_multi_69_multi_swh,swh_Latn,rag_Latn,Hakuna mtu anayejipenda ama kujisaidia.,“Mbao omundu oweyasiima namwe khukhwiyeeta.,Conversational
kentrans_1106_swh,swh_Latn,rag_Latn,"Juu ya yote, njoo ututawale","Uguuti vyosidza, Udze ku kwameha Muhindiri.",general_prose
kentrans_119_swh,swh_Latn,rag_Latn,Yafaa awe mfano mwema kwa wazazi wake na jami kwa jumla.,Adukana ave ekelolelo kilahi ku vivuli ne ihili.,general_prose
kentrans_1072_swh,swh_Latn,rag_Latn,"Baba, mwana, Roho, Mungu mwenye wa mapenzi","lve, Yesu Roho, Mu veeye mulala",general_prose
kentrans_2705_swh,swh_Latn,rag_Latn,Moi alikuwa akileta maziwa.,Moi yaleta maveere,general_prose
kentrans_282_swh,swh_Latn,rag_Latn,Hakuna siku ambayo jua huweza kupotea.,Liveye ku nelidiku na lwe liuva ligota ku mba.,general_prose
kentrans_2854_swh,swh_Latn,rag_Latn,Tulijengwa kwa msingi upi?,Kwumbakira musaala ki?,general_prose
kentrans_1366_swh,swh_Latn,rag_Latn,Maria na Yusuf na mtoto,"Maria na Yosefa na akana,",general_prose
kentrans_3011_swh,swh_Latn,rag_Latn,Ulimuona yule tena?,Walola wali ula,general_prose
kentrans_1015_swh,swh_Latn,rag_Latn,Na ukuu wake.,Nobukumi bwibwe.,general_prose
kentrans_1714_swh,swh_Latn,rag_Latn,"Ndugu zake wakubwa waliokuwa katika vita hivi walikasirika wakati waliposikia na kuona haya, wakamgombeza.","Avamwavo veeve vanene avaali muliihe vaasinyika ing'inga vaahulira naavoolanga ndio, navanuleemba.",general_prose
kentrans_3508_swh,swh_Latn,rag_Latn,Juu adui zako wote Wamepanua vinywa vyao kwako.,16 Avasigu vovo vosi va kunuye minwa gyavo ligali ku ive.,general_prose
kentrans_2096_swh,swh_Latn,rag_Latn,Wewe mpenda dunia,Uyu uyanzanga ivyelilova.,general_prose
kentrans_643_swh,swh_Latn,rag_Latn,Yesu alifia watu wote hapo,"Ha Yesu Ya Kudza vandu vosi yaho,",general_prose
kentrans_3120_swh,swh_Latn,rag_Latn,Alilete mafuta na kiberiti.,Yaaleta maguta ne kibiriti,general_prose
kentrans_156_swh,swh_Latn,rag_Latn,"Wakigombana, wakipigana kwa nyumba, kama wanaiba,mkiwa na furaha, mkiwa wenye udaku, na yote wakiwa na furaha, mkiwa kwa mabaya mtoto huyu anaskia na kuona.","Nimulembana, nimukubana munyumba, ni mwivanga, yuyanzi, ni muveye avetsimbavasi, ni mwita umundu, nagosi veyeno vuyanzi, ni muveye madamanu umwana uyu alola na ahunu umwana uyu alola na ahulaa na alola.",general_prose
kentrans_2397_swh,swh_Latn,rag_Latn,Amini roho yangu,Mwoyo gwange suvira,general_prose
kentrans_305_swh,swh_Latn,rag_Latn,Ukoo wa mwanaume unaishi miaka mingi kama jua,Mundu Musatsa ihili emenyanga mihiga kuli ILIUVA.,general_prose
kentrans_2874_swh,swh_Latn,rag_Latn,Hapo zamani za kale palikuwepo na simba.,Kale muno yaliho Isimba.,general_prose
kentrans_3223_swh,swh_Latn,rag_Latn,Wote wanajua kuku.,Vosi vaamanya engoko.,general_prose
kentrans_3302_swh,swh_Latn,rag_Latn,Na mkono wa wana wa Israeli Ilikuwa na nguru kwa Jabin kiongozi wenu wanao keti kwenye ngozi Kanani kufika alikoteswa wanaotembea kwa Jabim mkuu wa Kanani,24 Na mkono wa bwana Israeli,general_prose
luhya_multi_135_multi_swh,swh_Latn,rag_Latn,“ Alienda Nairobi kwa Simiyu.,"“Yatsia e Nairobi, ewa Simiyu.",Conversational
kentrans_3295_swh,swh_Latn,rag_Latn,"Nakaangalia, kama mtoto wa Abinoam amemaliza kukwea mlima.Baraka alifuata Siseria,Jaeli akaenda kwa mlima wa Taboru","22 Na, henza lwa mwana wa Abinoam u mali kwanegera Baraka ya londa Sisera, Jaeli ya tsia mkigulu",general_prose
kentrans_1357_swh,swh_Latn,rag_Latn,Huko walikoishi kazaliwa Yesu,Lwa va menyanga yeyo Yesu yivulwa.,general_prose
kentrans_1947_swh,swh_Latn,rag_Latn,Kwa mwaka kuna mwezi wa kumaliza kuvuna maharagwe na kuanza kupanda wimbi.,"Navutswa inyinga ndala mu muhiga myeli gyo kumala muhiga gwe livuna lya maganda ni litanga lyo kulima ovolo,",general_prose
kentrans_599_swh,swh_Latn,rag_Latn,Kunao mlima hapo,Ki veeye kigulu yaho,general_prose
kentrans_2533_swh,swh_Latn,rag_Latn,Kichwa kama chapatti -Ngoma,Umutwi kuli chabati - Indumba,general_prose
kentrans_3572_swh,swh_Latn,rag_Latn,"Unajifunika mwenyewe kwa wingu, ili pasiwe na ombi litakaloweza kupenya.","44 Wekuniki nelilesi, lisaala lyetu li vule kuvita.",general_prose
kentrans_3310_swh,swh_Latn,rag_Latn,Teremka kufika kwa viribwa,"Sulunguta kuduka ha viribwa,",general_prose
kentrans_1349_swh,swh_Latn,rag_Latn,"Ni siku kuu leo, ni siku kuu leo",Ni Siguku lero: ni Siguku lero:,general_prose
kentrans_2013_swh,swh_Latn,rag_Latn,Majaribio ni mengi mno.,Magelitsu na manyingi muno x2,general_prose
kentrans_1903_swh,swh_Latn,rag_Latn,"Wakati wa kuanza kusiaga unga wa mahindi, watu waliyagogagonga katika kinu.",Inyinga yokutanga kolomba uvusie ku maduma vaduyiranga mu kinu.,general_prose
kentrans_3158_swh,swh_Latn,rag_Latn,Omba,saala,general_prose
kentrans_2400_swh,swh_Latn,rag_Latn,Yote ya ulimwengu nimewacha,Sinzitsanga kandi mu gekivala,general_prose
kentrans_879_swh,swh_Latn,rag_Latn,Aliyetulipia deni,Mutungiri wetu,general_prose
kentrans_1788_swh,swh_Latn,rag_Latn,Wakati kigoda kinaponinginia huwa wanajua jina walilopeana ni lile lililohitajika,Lwe kituva na chedungerere ma vamanya lyeta livoleywe nilyo lyenyekanga.,general_prose
kentrans_270_swh,swh_Latn,rag_Latn,Mtoto aliyejinyonga kama mtu mzima alifanya hivo akishindwa nan chi aishipo.,Umwana yisunga kuli umundu muhindila yisunganga natamiki ne kivala chamenyi mu.,general_prose
kentrans_653_swh,swh_Latn,rag_Latn,"Kwenye huo msalaba, damu ilimwagika","Ku muala yigu, Magahi ga tadza,",general_prose
kentrans_1081_swh,swh_Latn,rag_Latn,"U peke yako, mwenzio hauna","Mudukiru, kandi Wetsingulu.",general_prose
kentrans_2918_swh,swh_Latn,rag_Latn,Alichukuwa ulimbo akapachika kwenye hindi aliloona ndege likila akajificha kando ya mti,Yavugura vulimbu nanaala ku lidsuma liyadola linyonyi ni lilitsa ma nabama liyadola linyonyi ha masalas,general_prose
kentrans_287_swh,swh_Latn,rag_Latn,Wakati mke huyu angepata uja uzito.,Mu ing'inga umukali uyu yamanya aveleka ahelitsa umwana.,general_prose
kentrans_1376_swh,swh_Latn,rag_Latn,Akanifia msalabani,"Ku msalaba ya nkudzera,",general_prose
kentrans_2834_swh,swh_Latn,rag_Latn,Kitafunza wanaokitumia kujifunza nyimbo na vitendawili vya hivi majuzi,Kilegitsa oyo utumikilaa kwiga tsinyimbu ni vitendawili viveyeho madiku ga kalunu,general_prose
kentrans_301_swh,swh_Latn,rag_Latn,Namshukuru Bi. Kenya.,Sanditsa umukali Kenya.,general_prose
kentrans_1930_swh,swh_Latn,rag_Latn,Hii ilikuwa pia njia ya kujua mke wa nani anajua kupika na mke wa nani ni mchoyo.,Yiyi kandi yali niyo inzira yo kumanya ni muka vwaha wamanya kodeka na ni muka vwaha mwimani.,general_prose
kentrans_1499_swh,swh_Latn,rag_Latn,Mwezi,Mweri,general_prose
kentrans_1524_swh,swh_Latn,rag_Latn,Ni wangapi hawajui?,Nivanga avakikiri kumanya?,general_prose
kentrans_3073_swh,swh_Latn,rag_Latn,Mama,mama,general_prose
kentrans_2405_swh,swh_Latn,rag_Latn,Hata imani yangu ikififia,Lisuvira limanyi niligeha,general_prose
kentrans_1873_swh,swh_Latn,rag_Latn,Au.,Naho.,general_prose
kentrans_66_swh,swh_Latn,rag_Latn,Ndugu ya babu yako unamuita pia babu.,Guga Amwavo guga wovo umulanganga kandi guga.,general_prose
kentrans_2843_swh,swh_Latn,rag_Latn,Umuhimu wa hiki kitabu ni kuwasaidia walimu na wazazi katika matamshi ya wanao na wanafunzi wanapokua.,Vokonyi vwacho ni kokonya avegitsi na vivuli kuvilukitsa lulimi lwa vaana.,general_prose
kentrans_932_swh,swh_Latn,rag_Latn,"Utoke pabaya,","U rhule hadamanu,",general_prose
kentrans_2959_swh,swh_Latn,rag_Latn,Vuza,TUPU,general_prose
kentrans_3291_swh,swh_Latn,rag_Latn,Ndipo akapanda pamoja naye hapo Jaeli mke wa Heberi,21 Hene yanegira halala naye yahoo Jaeli mukali wa Heberi ya,general_prose
kentrans_2452_swh,swh_Latn,rag_Latn,Alituahidi amani yake,Yavola mulekeranga emirembe,general_prose
kentrans_3147_swh,swh_Latn,rag_Latn,Ufanye jinsi walivyofanya wao.,Ukole kuli navo vaakola,general_prose
kentrans_231_swh,swh_Latn,rag_Latn,"Mungu mwumba wa jua, aliyeumba jua itawale mwezi na nyota.","Nyasaye uwalomba ILIUVA, yalomba iliuva liamihi umweli ne Tsing’ereng’ani.",general_prose
kentrans_504_swh,swh_Latn,rag_Latn,Siku ya tatu walifanya makumbusho.,Mu lidiku lia kavaga vakola lovego.,general_prose
kentrans_1727_swh,swh_Latn,rag_Latn,Ni vizuri taanze kujadili jambo hili.,Nuvulahi kutange komoloma kumang'ana geene yaga.,general_prose
kentrans_2904_swh,swh_Latn,rag_Latn,"Mwewe aliposikia hayo, alikasirika na kuchupia motto wa kuku pu!","Lwe liive liahulira ndio, liasinyika niliekuba ku mwana we engoko puu.",general_prose
kentrans_1577_swh,swh_Latn,rag_Latn,Waliomkuta hapo waliulizana ikiwa analala.Baadhi wakasema kuwa analala na wengine wakapinga.,"Vamudiira nivateevana galaha nivavoola, “Heene akagonaa naho?"" Valala vagaya, na vandi vavoola, ""Yee agonaa.""",general_prose
kentrans_2048_swh,swh_Latn,rag_Latn,Wayahudi walimsaliti Yesu,"Vayuda vazama Yesu,",general_prose
kentrans_2694_swh,swh_Latn,rag_Latn,Onzeere ni mimi Lledi.,Onzeere wange ninze Lledi goo.,general_prose
kentrans_1052_swh,swh_Latn,rag_Latn,CHINI YA MSALABA WA YESU,HASI HO MUSALABA GWA YESU,general_prose
kentrans_869_swh,swh_Latn,rag_Latn,"Ni Yesu,Ni Yesu.","Ni Y esu, Ni Yesu.",general_prose
kentrans_3442_swh,swh_Latn,rag_Latn,Amita mkutano mkuu kinyume change ili kuwaponda vijana wangu,U langi livugana ku inze kushonolonya vasoleli vange.,general_prose
kentrans_375_swh,swh_Latn,rag_Latn,Mwanamke huonekana mchovu na pia mgonjwa sawia na jinsi milima huonekana mvua itakapo kunyesha.,Umundu mkali alolekaa mulufu kandi mulwaye kuli vigulu vilolekitsa imbula niyenya kukuba.,general_prose
kentrans_1779_swh,swh_Latn,rag_Latn,Wangempata na alama yoyote kwa mwili wa mtoto ilibidi watafute kwa watu wao waliokufa wapate ni nani aliyekuwa na alama kama ile iliyokuwa kwa Yule mtoto,Ni vanyolanga ku imbala yosi ku muviri gwo mwana kuduka vahenze mu vandu vavo vamala kukutsa vanyole ni vwaha wali ku nembala kuli eloleki ku mwana yila.,general_prose
kentrans_2717_swh,swh_Latn,rag_Latn,Na moto kuonekana,Umuliru kutura kukehengera.,general_prose
kentrans_2871_swh,swh_Latn,rag_Latn,Hebu taja,Tariku koo.,general_prose
kentrans_982_swh,swh_Latn,rag_Latn,Ni nani aliyekufia?,Ni wi wa khudzera ive?,general_prose
kentrans_1371_swh,swh_Latn,rag_Latn,Naye Maria kachukua ujumbe huu.,"Na Maria ya vika makuva yaga,",general_prose
kentrans_3188_swh,swh_Latn,rag_Latn,Nyama ya nyanya iko kwa uteo.,Inyama yomkeere iveeye kuluderu ney evindi iveeye volo?,general_prose
kentrans_778_swh,swh_Latn,rag_Latn,Aniachapo anilinda;,Ondekhela a li ninda;,general_prose
kentrans_100_swh,swh_Latn,rag_Latn,Kwa boma panda miti yenye umuhimu.,"Mmugitsi usimiki no musuunzu,tusioola(lwuuvu)mutiva na mugumu",general_prose
kentrans_1595_swh,swh_Latn,rag_Latn,Kwa nini watu hawa walikufa?,8. Kigiraki aviguliri vaakutsa?,general_prose
kentrans_2444_swh,swh_Latn,rag_Latn,Moyo wa uchoyo ni mapito,Umwoyo gwo bwimani nogwo vuviti,general_prose
kentrans_903_swh,swh_Latn,rag_Latn,Haleluya! Mwokozi,Aleluya! Umuhonyi,general_prose
kentrans_953_swh,swh_Latn,rag_Latn,Haikuwa damu,Shi ga li masahi,general_prose
kentrans_1888_swh,swh_Latn,rag_Latn,Tambiko (Entembe)inayofanyikakwenye Mti wenye miiba aina ya muchongoma.,Endembe,general_prose
kentrans_1627_swh,swh_Latn,rag_Latn,Hapo akalira machozi ikamdondoka,Aheene yaho yaalira maliga nigiidooloka.,general_prose
kentrans_530_swh,swh_Latn,rag_Latn,"Pia kulikuwa na miiko iliyalazimu kuchinjwa kwa kondoo, kama vila kuuana miongoni mwa watu wa familia au jamii moja.","Amahiolo gandi gaali ho, agokwitila ligondi kuli liitana lia vandu vinyumba avene navene.",general_prose
kentrans_1309_swh,swh_Latn,rag_Latn,Usio na mwisho,"Vuguli, mu linde.",general_prose
kentrans_2386_swh,swh_Latn,rag_Latn,Heshimu sheria za Mungu,Utie malago ga Yahova,general_prose
kentrans_660_swh,swh_Latn,rag_Latn,Niishi pamoja naye,Ku menya halala naye.,general_prose
kentrans_1318_swh,swh_Latn,rag_Latn,Akawa wa kumpendeza Mungu,Na a yanzidza Nyasaye.,general_prose
kentrans_186_swh,swh_Latn,rag_Latn,Vagavo mtoto wa Ninga,A - Vagavo? -Vagavo Ninga,general_prose
luhya_multi_56_multi_swh,swh_Latn,rag_Latn,Siku ya leo naenda kuwaelezea hadithi ya wazee wawili wanaoitwa Kaleefu na Okwaro.,“Inyanga ino enzia okhumuupila imbakha akabakofu babili abalaangwa mbu Kaleefu nende Okwaro.,Conversational
kentrans_1696_swh,swh_Latn,rag_Latn,Daudi na mafuta.,Daudi maguta.,general_prose
kentrans_1993_swh,swh_Latn,rag_Latn,Umeniita mbinguni kwako baba,Unangi kuza yahoo mwigulu,general_prose
kentrans_974_swh,swh_Latn,rag_Latn,Ni nani aliye Mwokozi?,Ni wi u li Musoli?,general_prose
kentrans_1493_swh,swh_Latn,rag_Latn,Msichana alimpiga nyanya mwenyewe kwa ukuni.,Mkaana yanweka mkeereoyo nuluku.,general_prose
kentrans_3491_swh,swh_Latn,rag_Latn,"Wameweka vumbi juu ya vichwa vyao, Wamejivika miguuni nguo za magunia.","Va viki lugukyi ku mitwe gyavo, viviki tsingubo tsya magunia mu virenge vyavo.",general_prose
kentrans_3091_swh,swh_Latn,rag_Latn,Katoto kanajigonga magoti.,Akaana kiiduya amalu,general_prose
kentrans_1587_swh,swh_Latn,rag_Latn,Jibu maswali yafuatayo:,Tivula mateeva yaga:,general_prose
kentrans_1983_swh,swh_Latn,rag_Latn,Dira ya dunia.,Zimbega zyi kivala.,general_prose
kentrans_3626_swh,swh_Latn,rag_Latn,Macho yetu yamechoka kwa kutazamia bure msaada wetu.,17 Tsimoni tsyetu kuvuki kulihenza likonywa lyetu Lya vutswa.,general_prose
kentrans_1322_swh,swh_Latn,rag_Latn,Walimwengu waokoke nwote”,Gokuyanzidza avandu voosi”,general_prose
kentrans_2666_swh,swh_Latn,rag_Latn,Nilitembea sana,Ndagendagenda,general_prose
kentrans_631_swh,swh_Latn,rag_Latn,"Oh, wasemehe”","O, u va samehe.”",general_prose
kentrans_1922_swh,swh_Latn,rag_Latn,Wanaume wote walikuwa wakiketi hapo ili wasikilize kama kuna jambo.,Vasatsa vosi vikalanga ho kuhuliritsa niva ling’ana lilatula.,general_prose
kentrans_2311_swh,swh_Latn,rag_Latn,Kwa sababu hii uwe macho,Kigira yaga muhenze vulahi,general_prose
kentrans_152_swh,swh_Latn,rag_Latn,kama mtoto alikuwa akikimbia akiwa tumboni mwa mama yake hivyo ndivyo atakavyo kuwa atakapozaliwa,Niiva mwana yanyagula liga ya mama wewe nijo ijaliva najo niyivuliywi.,general_prose
kentrans_1830_swh,swh_Latn,rag_Latn,Msichana akielekea miaka kumi hivi alikuwa akifundishwa kwenda mtoni na kutafta kuni.,Mukana natsia kutsia mu mihiga likomi ndi yigitsangwa kutsia mukidaho no kotenya itsingu.,general_prose
kentrans_2754_swh,swh_Latn,rag_Latn,Kifungua mimba ni mtoto wa kujivunia.,Mwana wa mbiri ni chekoyero.,general_prose
kentrans_1893_swh,swh_Latn,rag_Latn,Kula kwao kwa mahindi sambuli hiyo ndiyo iliyowapendeza.,Liria lyavo lya maduma lugano yiru nirwo lwa vayanza.,general_prose
kentrans_2489_swh,swh_Latn,rag_Latn,Tungoje ahadi zake,Kulinde lilagana lilie.,general_prose
kentrans_756_swh,swh_Latn,rag_Latn,Njia yake.,Inzira ye.,general_prose
kentrans_3296_swh,swh_Latn,rag_Latn,"Ndiposa washirikiane naye, alimwambia Sisera akaya kusanya magari yake yote njoo, ntakuonyesha mtu pamoja na magari elfu tano kama unataka","13 Kunangwa kuvugana na ya mu volera, Sisera ya vungidza magari gege gosi Hamba, nda ku mannya mundu wa halala , amagari tsimia tsitano na wenyangaa",general_prose
kentrans_2475_swh,swh_Latn,rag_Latn,Tutembee katika mwangaza wake,Kogende mu vulavu bwibwe,general_prose
kentrans_3486_swh,swh_Latn,rag_Latn,Bali amefanya ngome na ukuta kuomboleza; vyombo vyote pamoja vikatikisika.,Kigira yaga ya kola impinga na lidigi kusyoma; vyombo halala vi dengeya.,general_prose
kentrans_24_swh,swh_Latn,rag_Latn,Ninga mtoto wa Zaza,Ninga zaza,general_prose
kentrans_3186_swh,swh_Latn,rag_Latn,Nyanya anchuna nyanyan aile.,Mkeere yagulaa inyaanya anyanye.,general_prose
kentrans_159_swh,swh_Latn,rag_Latn,Mimi nasema hivi,Nambola ndi inzi,general_prose
kentrans_898_swh,swh_Latn,rag_Latn,Nyumbani kwa Mungu.,Hango ha Nyasaye.,general_prose
kentrans_2150_swh,swh_Latn,rag_Latn,Jamii ya dhambi yatambulika,"Ihiri yo vwoni yeyo elolekanga,",general_prose
kentrans_945_swh,swh_Latn,rag_Latn,Katika kifo cha Bwana,Mu likhudza lyo Mwami wange:,general_prose
kentrans_2030_swh,swh_Latn,rag_Latn,Yesu alisema kuwa mumesamehewa.,Yavora baba uvavere x2,general_prose
kentrans_1279_swh,swh_Latn,rag_Latn,"Rudisheni sauti, rudisheni sauti","Mwami wetu, udzi, Mwami wetu udzi,",general_prose
kentrans_2884_swh,swh_Latn,rag_Latn,“Hamjambo waliomo”,"“Mirembe munyumba yange"".",general_prose
kentrans_445_swh,swh_Latn,rag_Latn,Kumkata na kumtoa mtu damu,37. Kotema no kutazitsa wundi logoma.,general_prose
luhya_multi_48_multi_swh,swh_Latn,rag_Latn,Waisraeli wawili wanaweza wakaachwa kwa mtu asiyetaka uzao wa nduguye usiendelee.,"""Baisiraeli babili banyala baabalekha khu mundu okhenya lisaaye lia wandaaye lichililile tawe.",Conversational
kentrans_781_swh,swh_Latn,rag_Latn,"Mungu anipenda,","Yesu a yanzangainze,",general_prose
kentrans_966_swh,swh_Latn,rag_Latn,"Naona mzigo,","Ndolanga musigo,",general_prose
luhya_multi_96_multi_swh,swh_Latn,rag_Latn,"Nami nikamwambia kuwa, msiogope, nanyi rudini muende kwa msitu watu hao hapana.","""Nese namuboolela ndi, 'Mukharia Nenywe kobolayo muche mu sichiimi babaandu abo tawe.",Conversational
kentrans_2709_swh,swh_Latn,rag_Latn,Twendeni tuombee Moi.,Gendi kusaliri Moi.,general_prose
kentrans_312_swh,swh_Latn,rag_Latn,Mwanaume mwenye boma lake kamili huzikwa mbele ya nyumba yake upande wa mkono wa kuliakatika ukoo vilevile mwanaume anapofariki huwekwa upenuni sebuleni ilhali mwanamke huekwa upenuni mwa chumba cha malazi kwenye mkono wa kushoto,Mundu Musatsa wo mugitsi gwigwe vulungi atevangwa ha mugitsi ku mkono mulungi ihiili kandi nakutsa avikangwa kulusimbu inahiru na mundu mukali avikangwa kulusimbu ivulili ina mukono mukali.,general_prose
kentrans_1427_swh,swh_Latn,rag_Latn,Tukipanda matunda nini itafanyika?,Nikutaaga matunda kulakoleraki?,general_prose
kentrans_549_swh,swh_Latn,rag_Latn,"2. Kuketi kwenye jiwe la kusiaga nafaka, kwa sababu utapasuka mgongo.","2. Kwikala ku lugina lwavasieraku, kijira ulatula mugongo.",general_prose
kentrans_2578_swh,swh_Latn,rag_Latn,Nina kuku wangu wemgi mgeni akija siwezi mchinjia -Panya,"Mbeye ne tsingoko tsiange tsinyingi, mugeni niyatsa nyala kumusinzira ku dave - Amajuungu",general_prose
kentrans_2092_swh,swh_Latn,rag_Latn,Wlio wateule wa Mungu,Yavo valiva vatovole vu mwami.,general_prose
kentrans_2995_swh,swh_Latn,rag_Latn,Analilia mgongoni.,Aliriraa idiidi,general_prose
kentrans_307_swh,swh_Latn,rag_Latn,"Binadamu wa kike anapooleka ama kwa mwanaume wake na anamtunza vizuri kasha anajifungua mtoto, yeye husahau alikozaliwa haraka alafu ukoo alimo oleka hugeuka kuwa wake,na anapozaa watoto hadi kuwa na wajukuu watoto hao husahau kwa kina mama yao lakini watoto huenda huko kama wageni","Umundu mukali natsiyi ilukali naho ku musatsa wewe numulinda vulahi mayivulayo umwana, yivila yengo wayivulwa vwangu ma ihiili yatsiyi mu yilana ukuva ihiili yeye, naniyakivula avana kuduka kuvisukulu kalunu avana veve vivilila wanga mama weve muvifwa nitali avana vatsangayo kuli avageni",general_prose
kentrans_288_swh,swh_Latn,rag_Latn,"MWEZI, MKE NA MTOTO ni vitu sawakwa pamoja lakini ujue haya Mungu lakini mke hajui haya ninayoandika.",UMWELI UMUKALI NO MWANA ni vindu vihambani nitali umanyi agene yaga Nyasaye navutswa umundu mukali siamanya agambandika yaga mba.,general_prose
kentrans_719_swh,swh_Latn,rag_Latn,Yesu ako hapa,"Yesu aIi hano khunanula iye,",general_prose
kentrans_309_swh,swh_Latn,rag_Latn,"Mito na maziwa hukauka ,nyuma zinaonekana kama mwanamke anayerudi alikozaliwa baada ya muda mrefu","Imigera ne tsinyanza kandi tsikamanga, mainyima tsiloleka kuli mundu mukali aloleka ku yengoo wayivulwa muing'inga indambi.",general_prose
kentrans_2876_swh,swh_Latn,rag_Latn,"Ilipofika jioni, alifikiria kurudi nyumbani.","Lwa vwaduka hamugolova, yaganagana kwilana yengo.",general_prose
kentrans_2954_swh,swh_Latn,rag_Latn,Leo lea mara moja.,Lero lera lulala,general_prose
kentrans_2471_swh,swh_Latn,rag_Latn,Hakuna ajuaye wakati,Kigira sikunyi inyinga,general_prose
kentrans_776_swh,swh_Latn,rag_Latn,Yeye ataosha dhambi zangu,Khwigalikhira ubwoni bwange,general_prose
kentrans_1642_swh,swh_Latn,rag_Latn,Ni nani hakumula mamake?,Waaleka nnya yaali vwaha?,general_prose
kentrans_2034_swh,swh_Latn,rag_Latn,Walisababisha Yesu asulubiwe,Vagira yesu navambwa x2,general_prose
kentrans_1800_swh,swh_Latn,rag_Latn,"Kumwezesha mtoto atembee haraka,walichukua matawi na kuyachemsha kisha kufinyilia kwernye viungo vya miguu.O: Mugamba zuri ligali vatulanga no mwana vagenda naye ni vamugеnditsa mu liime ndi vu aluhe anale. Walimtembeza mtoto kwa umande ili aweze kuzoea.",Kolomba mwana anale ligenda vwangu vavugulanga amasambu ge viroka vahyuhitsa ku luuya na vaminira mu vyungu vye virenge.,general_prose
kentrans_1315_swh,swh_Latn,rag_Latn,"Yesu mwokozi, katoka mbinguni","Yesu. Musoli, ya twula mwigulu.",general_prose
kentrans_2868_swh,swh_Latn,rag_Latn,"Je, wajua?",Umanyi ku?,general_prose
kentrans_2145_swh,swh_Latn,rag_Latn,Jamii ya wenye dhambi,IHIRI YO VWONI,general_prose
kentrans_951_swh,swh_Latn,rag_Latn,Yataka mimi na moyo wangu.,Bwenyanga inze nomwoyo gwange.,general_prose
kentrans_1869_swh,swh_Latn,rag_Latn,Iwapo ugonjwa ungemzidia mtu nyumbani.,Mundu wali no vulwaye munyumba niva vulwaye vwakakira.,general_prose
kentrans_87_swh,swh_Latn,rag_Latn,Mtoto huyu humaliza ukoo na pia husababisha vifo vya watoto wengine hadi abaki pekee yake,Umwana uyu amalanga uluhya lwaveye mu kandi agemela avana vandi vakutsa bei manaye atigala yengine,general_prose
kentrans_3655_swh,swh_Latn,rag_Latn,Kwa sababu ya njaa ituteketezao.,Kigira uluya lwenzala lusambanga.,general_prose
kentrans_3665_swh,swh_Latn,rag_Latn,Taji ya imeanguka kutoka kwa vichwa vyetu.,16 Itaji yaguluki kutula ku mitwe gyetu.,general_prose
kentrans_3150_swh,swh_Latn,rag_Latn,"Iwapo unaona ni sawa, hata naweufanye bidii.",Nuulola nigaveeye malahi ukole vulahi,general_prose
kentrans_1017_swh,swh_Latn,rag_Latn,Kuondoa maovu ya watenda dhambi,Ku twulidza tsimbi tsya voni,general_prose
kentrans_14_swh,swh_Latn,rag_Latn,Atonde,Atonde,general_prose
kentrans_910_swh,swh_Latn,rag_Latn,Sisi si wazuri;,Si ku li valahi mba;,general_prose
kentrans_839_swh,swh_Latn,rag_Latn,"Aliyejitolea kutufia, uje umuabudu","We haane khu Muyeti yuno, wiche omusigamire",general_prose
luhya_multi_86_multi_swh,swh_Latn,rag_Latn,Ukiwa unavuna vyakul vyako kutoka kwa shamba kisha usahau vingine ambavyo ulivuna usirudi huko kuchukua.,“Ne okesa biakhulia biowo khukhwama mu mukuunda mala wibilile bilala nibio okesile okhakobolayo khu bukula tawe.,Conversational
kentrans_515_swh,swh_Latn,rag_Latn,"Iwapo ni mwanamke, alikuwa akipewa mmoja kati ya ndugu zake mumewe aliyeaga.",Naveeye mundu mukali vamanyanga vamuha mulala ku valuhia kolondana nuvuhimbi vwa vamwavo musatsa.,general_prose
kentrans_3207_swh,swh_Latn,rag_Latn,Kwenye kijikuta,kuludiiji.,general_prose
kentrans_410_swh,swh_Latn,rag_Latn,NASEMA HIVI:,MBOOLANDI:,general_prose
kentrans_3650_swh,swh_Latn,rag_Latn,Watumwa wanatutawala.,8 Avatumekiri vamehanga ku kwinye.,general_prose
kentrans_1387_swh,swh_Latn,rag_Latn,Aliyekuja kuniokoa,Yadza kumbonnya.,general_prose
kentrans_1465_swh,swh_Latn,rag_Latn,Leo tunaona nyoka katika kusoma huku.,Kalunu kulolaa enzoka mulisoma yiri.,general_prose
kentrans_2890_swh,swh_Latn,rag_Latn,Walikuwa wakifanya mambo yao pamoja.,Vakolanga vindu vyavo vyosi halala.,general_prose
kentrans_2757_swh,swh_Latn,rag_Latn,Kuku alikula mimea yangu.,Yavotsa mamera gange.,general_prose
kentrans_1746_swh,swh_Latn,rag_Latn,Vinda vyake huchungwa vizuri,Avaana vayo valindwa vulahi muno.,general_prose
kentrans_2637_swh,swh_Latn,rag_Latn,UKOKO UMENUKIA,KALONDO KAFUNYI,general_prose
kentrans_2014_swh,swh_Latn,rag_Latn,Yesu unikumbuke.,Nyasaye wange unzizulizi,general_prose
kentrans_383_swh,swh_Latn,rag_Latn,"Iwapo nyama ilikuwa nyekundu na kama maini haikuwa nzuri, wangeamua","Inyama neveye inzakanyu ligali ma kandi amakudumani nigataveye amalahi dave, vamanya",general_prose
kentrans_2346_swh,swh_Latn,rag_Latn,Wenye dhambi wote wababaika,Avoni vosi vatenganga;,general_prose
kentrans_2807_swh,swh_Latn,rag_Latn,Mama atarudi na ndizi akitoka matembezi.,"Mama natsiye kuvaya, aletanga iliengu.",general_prose
kentrans_1790_swh,swh_Latn,rag_Latn,Majina ya wanaume ukichunguza yalikuwa ya babu,Amita gavikula nohenzelitsa galange ga guga.,general_prose
kentrans_3522_swh,swh_Latn,rag_Latn,Je! Kuhani na nabii wauawe Katika patakatifu pa Bwana?,Musalisi nomuprofeti VA livirirwa mu hatakatifu ha Yahova?,general_prose
kentrans_2395_swh,swh_Latn,rag_Latn,Wamependa maovu,Vayeki kuvudamanu,general_prose
kentrans_2862_swh,swh_Latn,rag_Latn,Wengine walikuwa na maoni ya kwamba tuchukue miila na desturi za kale tuchanganye na za hivi sasa na mwishowe kuanza kujijenga upya na waliyoyapata,"Avandi navo vatevananga vuki sikolohola amagaasu mu miima ja vaguuga kandi kolole amagaasu mu miima ja kalunu ma kugazuganyie halala, gave nigo aga kwumbakira uluhya",general_prose
kentrans_1936_swh,swh_Latn,rag_Latn,Pombe ya wamaragoli ilikuwa ikitoka kwa unga wa wimbi au mawele.,Amalwa ga valogooli gatulanga ku vuswage vwo volo naho amavere.,general_prose
kentrans_1445_swh,swh_Latn,rag_Latn,Hii ni gao yao Wajaluo,Yiyi ningavo ya Vavo.,general_prose
kentrans_553_swh,swh_Latn,rag_Latn,6.Kuketi kwenye kiti kilichotengewa babu.,6. Kwikala kondeve ya guga wovo.,general_prose
kentrans_3554_swh,swh_Latn,rag_Latn,Ni vyema kungojea kwa utulivu kwa ajili ya wokovu wa Bwana.,"26 Nobulahi umundu a suuvire, nokulindirira ubuhonyi bwa Yahova nelyekudzira.",general_prose
kentrans_223_swh,swh_Latn,rag_Latn,"Huyu ni mtu aliyepewa heshima kama mtu wa kubariki, lakini shughuli zake zilikuwa tofauti na wa kubariki na kupaka dawa.","Uyu no mundu uwali niyahevwa uluyali kuli musaalisi, navutswa miyinzi jije javukani ku no musaalisi no mbidi.",general_prose
kentrans_1434_swh,swh_Latn,rag_Latn,Kondoo wanamfuata Amondo,Amagondi galondaa Amondo.,general_prose
kentrans_1144_swh,swh_Latn,rag_Latn,Kwa wimbo mtamu,"No lwimbu lunolu,",general_prose
kentrans_3282_swh,swh_Latn,rag_Latn,Miguu yake ilimfikisha kwa hema yake,Virenge vivye na a duka mu lihema lya,general_prose
kentrans_9_swh,swh_Latn,rag_Latn,Nilipiga,Si ndakuba,general_prose
kentrans_2157_swh,swh_Latn,rag_Latn,Wale wanapingana na Mungu,"Yavo vahing'ananga na Nyasaye,",general_prose
kentrans_317_swh,swh_Latn,rag_Latn,Mbona mlikataa mito?,Namwasula imigera kigira ki?,general_prose
kentrans_1378_swh,swh_Latn,rag_Latn,"Nitamtukuza, nitamtukuza","Nda sangala, nda sangala,",general_prose
kentrans_428_swh,swh_Latn,rag_Latn,Kulikuwa na aina mbili ya shule mle vijijini.,Ku lwayago tsisikulu mu madala tsyalange hali kaviri,general_prose
kentrans_3635_swh,swh_Latn,rag_Latn,Hata kwako kikombe kitapita na utalewa hata kuvua nguo ubaki uchi.,Kikombe kilavita kuduka ku ive ulahambika nokuenavula kuva kyahonyo.,general_prose
kentrans_106_swh,swh_Latn,rag_Latn,Mtu wa miba ulikuwa mzuri katika zizi la ng’ombe na boma kwa ujumla.,Litovo nilahi muliboma lie tsing’oombe kali hango mu kilibwa.,general_prose
kentrans_1969_swh,swh_Latn,rag_Latn,"Ama kwenye makubaliano mahali koo zinakutania ,kila koo ilikuwa ikiketi kwenye kundi lao.","Naho mwirago he tsisoma tsivuganiranga, sia losoma lwikalanga mu kiduma chavo.",general_prose
kentrans_143_swh,swh_Latn,rag_Latn,Mtoto huyu aliitwa majina haya akiwa hai mtu ambaye jina lalake lilitwa huwa na furaha sana,Umwana uyu yalangwa amita yaga nava mwoyo umundu wayalangwa ilieta lille avetsa novuyanzi ligali.,general_prose
kentrans_122_swh,swh_Latn,rag_Latn,Asiwe mume anaye pendelea vitu vya kuulevya.,Atava musatsa uyanza ivindu vyokuhambikitsa.,general_prose
kentrans_1853_swh,swh_Latn,rag_Latn,Wakati ukristo ulianza duniani watu walianza kuishi katika boma na waliwajengea watoto vyumba vya malazi.,Lwo vukristayo vwatanga mukivala avandu vatanga limenya mu madala na mumadala yimu vombakira avang'elele tuyumba two kogona mu.,general_prose
kentrans_3010_swh,swh_Latn,rag_Latn,Adede anaona kwao.,Adede alolaa wavo,general_prose
kentrans_3644_swh,swh_Latn,rag_Latn,Kuni zetu twauziwa.,Tsinku tsyetu ku gulidzangwa.,general_prose
kentrans_1238_swh,swh_Latn,rag_Latn,Nchi inachangilia kwa sababu ya mwanga,"Kivalaki sangalanga kigira bulavu,",general_prose
kentrans_3287_swh,swh_Latn,rag_Latn,Kwa sababu Mungu atauza Sisera naye alifungua chupa ya maziwa na kumwekea kwa mkono wa mwanamke.,"Kigira ki yahova a la gulidza Sisera naye ya kunula ichupa ya amavere,nokumuvika mu mukono gwomukali",general_prose
kentrans_3284_swh,swh_Latn,rag_Latn,Na Jaeli aliweka mkono wako,18 Na Jaeli ya vika mmkono gugwo.,general_prose
kentrans_2963_swh,swh_Latn,rag_Latn,analea,aleraa,general_prose
kentrans_1741_swh,swh_Latn,rag_Latn,"Wakati watu wengi walianza kuwa wakristo ,nchi nyingi zilikuwa na shida","Mumadiku gavandu vaatanga kugwa vakristayo, wali vudinyu ligali muvivala vinyingi.",general_prose
kentrans_116_swh,swh_Latn,rag_Latn,Yafaa awe paa la nyumba yake.,Adukana ave ekesegese kye inyumba.,general_prose
kentrans_1995_swh,swh_Latn,rag_Latn,Nakuja huko.,Tsitsanga yahoo,general_prose
kentrans_3660_swh,swh_Latn,rag_Latn,Vijana huyachukua mawe na kusagia na watoto hujikwaa wakiwa na kuni.,13 Avoseli vaginga lugina na avana vekigitala netsingu.,general_prose
kentrans_3536_swh,swh_Latn,rag_Latn,"Hata ninapoita au kulia ili kuomba msaada, anakataa kupokea maombi yangu.","8 Yee, Ni nkupa lwanga nokwenya mukonyi, a haniranga kyova lisaala lyange.",general_prose
kentrans_3568_swh,swh_Latn,rag_Latn,"Tuzichunguze njia zetu na kuzijaribu, na tumrudie Bwana Mungu.","40 Gendi ku liguule nokugeridza Tsinzira tsyetu, nokwirana ku Yahova Kandi.",general_prose
luhya_multi_63_multi_swh,swh_Latn,rag_Latn,"""Tangazo la kifo""","""Kumulaasi kwe luufu""",Conversational
kentrans_2610_swh,swh_Latn,rag_Latn,Kadenyeka amejifunga kamba tumboni -,Kadenyeka mugoye munda - Likukunyu,general_prose
kentrans_2825_swh,swh_Latn,rag_Latn,Niende niende niende kupanda,Nzie nzie nzie nzie kumitsa,general_prose
kentrans_697_swh,swh_Latn,rag_Latn,Kicwa kilivishwa miba,Mutwe gwa vikwa amafwa,general_prose
kentrans_2639_swh,swh_Latn,rag_Latn,Ee! Ukoko,Ee! Kalondo,general_prose
kentrans_3262_swh,swh_Latn,rag_Latn,"Alipata, akalete, akapika akala na kumunyima mamake Ndiegu.","Yanyola naleta, nadeka, nalia niyima mama weve, Ndiegu.",general_prose
kentrans_1158_swh,swh_Latn,rag_Latn,Kwa neema zake,Khutsimbabasi yitsi,general_prose
kentrans_2257_swh,swh_Latn,rag_Latn,Utapata mauti kwa silaha yake,Alakwita nindi kivavi chiche.,general_prose
kentrans_615_swh,swh_Latn,rag_Latn,Hakukuwepo na mwingine mzuri,Si ha li wundi mulungi,general_prose
kentrans_2211_swh,swh_Latn,rag_Latn,Wanakokaa wateule wako,Hauvikanga avalahi vovo,general_prose
kentrans_3556_swh,swh_Latn,rag_Latn,"Na akae peke yake awe kimya, kwa maana Bwana ameiweka juu yake.",28 Yikale yengine nokukiringana kigira u Viki kuye inkuva yiyi.,general_prose
kentrans_3219_swh,swh_Latn,rag_Latn,Kuku,Engoko,general_prose
kentrans_930_swh,swh_Latn,rag_Latn,"Niliteseka sana kwa ajili ya dhambi zako,","Nda khupa shivi muno Shigira bwoni bwobwo,",general_prose
kentrans_2466_swh,swh_Latn,rag_Latn,Nao wasichana watano wajinga,Avakana vatano vasiru,general_prose
kentrans_3238_swh,swh_Latn,rag_Latn,Musa anagonga kengele.,Musa akubaanga egengere.,general_prose
kentrans_1628_swh,swh_Latn,rag_Latn,"uSungura akamuuliza, *unalilia nini?”","Anakanani yaamuteeva, ""Uliriraaki gu?""",general_prose
kentrans_2525_swh,swh_Latn,rag_Latn,Akimeza inamnyonga -Kiazi,Chitunga ni chegovola - Libwoni,general_prose
kentrans_1766_swh,swh_Latn,rag_Latn,Ilibidi apitie mlango wa nyuma aende kwa shamba la ndizi au kichakani,Kuduka alonde mu gwandangu atsie mu magomia naho atsie mmbulimu.,general_prose
kentrans_214_swh,swh_Latn,rag_Latn,Anayebariki alikuwa akipewa shughuli asubuhi na mapema.,Musaalisi vali niyahevwa agokuvida nigukili kale mugamba zuri.,general_prose
kentrans_807_swh,swh_Latn,rag_Latn,"Yesu, mwokozi alisulubiwa Kalvari,","Yesu, Muhonnyi ya bambwa ha Kalvari,",general_prose
kentrans_3512_swh,swh_Latn,rag_Latn,"Ameangusha hata chini, Wala hakuona huruma.","U tsomi hasi, si ya Vera tsimbavasi mba.",general_prose
kentrans_1500_swh,swh_Latn,rag_Latn,Mfalme wa Waisraeli alikuwa mwenye roho safi.,Mwami wa Vaisiraeri yaali numwoyo mulahi.,general_prose
kentrans_2401_swh,swh_Latn,rag_Latn,Namwandama bwana wangu,Nondanga mwami wange,general_prose
kentrans_831_swh,swh_Latn,rag_Latn,Atuponye sisi sote.,A khu honie efwe fwesi.,general_prose
kentrans_3135_swh,swh_Latn,rag_Latn,Avasuva (jamii fulani) wanasoma vitabu,Avasuva vasomaa vitabu,general_prose
kentrans_2050_swh,swh_Latn,rag_Latn,Zambi ya watu wote,"Uvwoni vwa vandu vosi,",general_prose
kentrans_3470_swh,swh_Latn,rag_Latn,Ameurudisha nyuma mkono wake wa kuume Mbele ya hao adui.,Wiranyi mukono gwigwe mulungi inyima hi vuli kuva imbiri wa avasigu.,general_prose
kentrans_1619_swh,swh_Latn,rag_Latn,"Alimwuliza,","Yaamuteva,",general_prose
kentrans_2915_swh,swh_Latn,rag_Latn,Aliona ni vizuri kutumia wimbo,Yamanya nalola nivulahi kutumikira ilwimbo,general_prose
kentrans_3411_swh,swh_Latn,rag_Latn,"Anayeishi kati ya koo za makafiri, hana raha hata kidogo.","A menyanga hagati he tsihiri, si a veye nobwelemeridzi Kali hakuzuzu.",general_prose
kentrans_1570_swh,swh_Latn,rag_Latn,Mama aliinjika maharagwe kwa meko na akawaambia watoto wake moto ili yaive,Mukeere uyo yaviika muduya kumahiga nayavoolera avaana veeve kwigereritsa muliru.,general_prose
kentrans_2255_swh,swh_Latn,rag_Latn,Japo utaasi sheria zake,"Niva ulaleka lilago lyilye,",general_prose
kentrans_3467_swh,swh_Latn,rag_Latn,Ameziangusha ngome za binti wa Yuda katika hasira zake.,Tsimpinga tsomukana was Yuda ya tsi sambula mu butima bwibwe.,general_prose
kentrans_1394_swh,swh_Latn,rag_Latn,Nafsi yangu inakusifu,Mwoyo gwange gu sangalanga,general_prose
kentrans_274_swh,swh_Latn,rag_Latn,Msichana au mke ambaye bado hajaona hedhi jioni usiku akiona mwezi ukiangaza hujua tu kuwa wakati wake umefika.,Umukana anaho mukali ukili ukutsia mu mweli hamugoloova vudiku na aloli mweli nigulavi amanya vutswa ing'inga yeye iduki naye iyatsila mu mweli.,general_prose
kentrans_72_swh,swh_Latn,rag_Latn,lakini hakuwa anazikwa nyumbani kwako,Nital siatevwa hamugitsi hoho mba.,general_prose
kentrans_745_swh,swh_Latn,rag_Latn,Tumtukuze Yesu.,Kwidzominye Yesu.,general_prose
kentrans_1792_swh,swh_Latn,rag_Latn,Kufunza mtoto kutembea,Kwegitsa mwana kogenda,general_prose
kentrans_1135_swh,swh_Latn,rag_Latn,"kwa sababu ya zawadi hizi, kwa makabila yote bila ubaguzi","Kigira vihaanwa yivi ku tsihiri tsiosidza,",general_prose
kentrans_395_swh,swh_Latn,rag_Latn,Wakati ngombe ya makumbusho inachinjwa,Eng'ombe yo luvego nivitanga.,general_prose
kentrans_607_swh,swh_Latn,rag_Latn,Hatuwezi kuhesabu,Si Ku nyala kubalidza,general_prose
kentrans_3688_swh,swh_Latn,rag_Latn,“Amani hapa nyumbani kwangu”,“Milembe munyumba yange”,general_prose
kentrans_2598_swh,swh_Latn,rag_Latn,Kenya tta amekaa kwa kiti na tai -Tai,Kenyatta wikaye mundeve ne tayi - Lijikolo,general_prose
kentrans_2605_swh,swh_Latn,rag_Latn,VITENDAWILI T: MAJIBU,VIDANDAWILI O:MATIVULI,general_prose
kentrans_501_swh,swh_Latn,rag_Latn,Unafikiria kilichowafanya Wamaragooli kuzingatia mila hii ni kipi?,Uganagananga chagira Avalogooli nivalonda mwima yigu niki?,general_prose
kentrans_2619_swh,swh_Latn,rag_Latn,Vipepeo viwili yya vuka mto -Macho,Yisusu viviri visiye mugera - Tsimoni,general_prose
kentrans_2846_swh,swh_Latn,rag_Latn,Huburudisha,1.Kuyanzitsa avana.,general_prose
luhya_multi_109_multi_swh,swh_Latn,rag_Latn,mchunguzi mmoja hawezi akafanya kumfukuza muuaji.,"""Omuloli mulala se anyala khukhola atimania omwiiri.",Conversational
kentrans_3502_swh,swh_Latn,rag_Latn,Manabii wako wameona maono kwa ajili yako Ya ubatili na upumbavu.,"14 Avaprofeti vovo VA KU koleye amalola, amalola ga vutswa na govusiru.",general_prose
kentrans_2548_swh,swh_Latn,rag_Latn,Sina kimila - Gari,Mbeye ku nomujiru mba - Mudoga,general_prose
kentrans_2148_swh,swh_Latn,rag_Latn,Mungu Baba yuko nasi,"Yahova Nyasaye aveye na kwinye,",general_prose
kentrans_1818_swh,swh_Latn,rag_Latn,Walipopashwa tohara walienda kuishi pamoja na kupewa mlinzi aliyepashwa tohara kitambo.,Nivakakevwa vatsitsanga komenya halala kuli mudomitori na vanyola musingiriri mundu wakevwa kale.,general_prose
kentrans_1308_swh,swh_Latn,rag_Latn,waliimba wimbo huu,Kihanwa kinene muno,general_prose
kentrans_2363_swh,swh_Latn,rag_Latn,Nitawazidishia nguvu kwa kila tendo lenu.,Ndamudasa tsingulu mu miyinzi jenyu,general_prose
kentrans_2456_swh,swh_Latn,rag_Latn,Yuaja kuchukua watu wake,Yazanga kuvugula valindanga,general_prose
kentrans_206_swh,swh_Latn,rag_Latn,Alikuwa akiweka ndani kuku au kitu atakachopewa ili ale akifika nyumbani.,mala avika mu Engoko anoho ikindu kya manuliywimu atsie kulira yengo.,general_prose
kentrans_758_swh,swh_Latn,rag_Latn,Anaye wapenda wote kikamilifu,Wa va yanza voosi bei.,general_prose
kentrans_1225_swh,swh_Latn,rag_Latn,Mungu Mwokozi wetu,Nyasaye Muhonyi wetu.,general_prose
kentrans_527_swh,swh_Latn,rag_Latn,"Pia, angewan angechukua na kuwanywesha dawa za kienyeji na asali ilokomaa .",Kandi yavugu langa lineke nu vwuki vwangote avanwehitsa.,general_prose
kentrans_2997_swh,swh_Latn,rag_Latn,Kwa nani? / Wa nani?,Wavu ?,general_prose
kentrans_1959_swh,swh_Latn,rag_Latn,Wavulana walioafikiwa kucheza mchezo huu walienda kuucheza kwa jamii nyingine ilhali wale wa jamii tofauti wangekuja pia kupigana kwingine.,Avayai averolanga vadukani kulwana na vayai volosoma lundi vatsitsanga kutuumba na volosoma lundi vaatsa kutuumba.,general_prose
kentrans_941_swh,swh_Latn,rag_Latn,Alipotufia Yesu.,Ha Yesu Kristo ya khu khudera.,general_prose
kentrans_378_swh,swh_Latn,rag_Latn,MIUNGU,MISAMBWA,general_prose
kentrans_1611_swh,swh_Latn,rag_Latn,Anakamuna alikuwa mwerevu sana; maanake hakumla mamake.,Anakamuna kaali akageri muno; kigira kaavula kulia nnya.,general_prose
kentrans_2448_swh,swh_Latn,rag_Latn,Ninamwamini katika kila hali,Inze ndamusuvira mu vindu vyosi,general_prose
kentrans_3432_swh,swh_Latn,rag_Latn,"Si kitu kwenu, enyi nyote mpitao?","12 Si ki veye kindu Kya mwinye, mwinye vosi Ava vitanga?",general_prose
kentrans_2587_swh,swh_Latn,rag_Latn,Nina kiwanja change watuhawachezei mpira Kihara,Mbeye ne kiguti change vandusivakubira sivakubira kumu mupira mba - Chore,general_prose
kentrans_387_swh,swh_Latn,rag_Latn,"Iwapo Mungu alikataa ama iwapo kitu kibaya kilitokea kwenye familia husika, kasha watakaswe kwa tambiko, Mungu au miungu wangewasamehe familia hii","Nyasaye niva yali yasula naho ikindu ikyoneka ku mugitsi yigu, mavalombe ne miluka yigi Nyasaye naho Mis ambwa jamanya gyisamiha umugitsi gwene yigu. .",general_prose
kentrans_199_swh,swh_Latn,rag_Latn,Mtu huyo ni wa kumwekea mtoto mikono yaani kumbariki na kumpaka mafuta ya maana yaliyokubaliwa katika matambiko yao ya wamaragoli.,Umundu uyu nowokuvika ku mwana amakono yani ukumbida uvwanga nokumbaka maguta agekivuni agali nigavugililwa mu miluka javo javalogooli.,general_prose
luhya_multi_44_multi_swh,swh_Latn,rag_Latn,Watu wawili tena yatima usichukue ndugu yake ikiwa waliishi pamoja.,“Babaandu babili lundi bafuubi okhabukla wandaaye ne bamenya alala.,Conversational
kentrans_1761_swh,swh_Latn,rag_Latn,Walifanya kazi zao zote wangeni walikuwa wanatoka wanaenda safari yao wanapotaka kwenda,Vakolanga miyinzi javo josi avalala kali vatulanga vatsia logendo lwavo wa venyanga kutsia.,general_prose
kentrans_1098_swh,swh_Latn,rag_Latn,Wewe wampenda kila mtu – hata nami,Ndola u yanza vandu voosi—ninze.,general_prose
kentrans_614_swh,swh_Latn,rag_Latn,Kusafisha dhambi zetu,Kwogidza vahyoli.,general_prose
kentrans_520_swh,swh_Latn,rag_Latn,Sura ya Tano,Muliango gwa Katano,general_prose
kentrans_2608_swh,swh_Latn,rag_Latn,Nina msichana anapenda kujipaka mafuta -Kibuyu,Mbeye no mukaana wange yayanza kwivaka maguta -Kimuga,general_prose
kentrans_1680_swh,swh_Latn,rag_Latn,"Walioko mashariki Aniiogoke,waliojuu Aniigoke walio kaskazini mashariki Aniigoke","Avaveeye Ivumavi Anilgoke, Avaveeye vigulu Anligoke na vaveeye 'lvukitsungu ivusuva Antu ivusuva Aniigoke.",general_prose
kentrans_3080_swh,swh_Latn,rag_Latn,Kata,Kala,general_prose
kentrans_2628_swh,swh_Latn,rag_Latn,Akanyima Ndiegu.,Akima ndiegu.,general_prose
kentrans_430_swh,swh_Latn,rag_Latn,La kushangaza ni kuwa wazee walijua kusoma na kuandika haraka.,"Lingana lyo kogenya avandu vakulundu vamanyanga vwangu kosoma, no kuhandika.",general_prose
kentrans_1131_swh,swh_Latn,rag_Latn,"Kwa sababu ya jamii yangu, bdugu, dada na wazazi wangu","Kigira yava venyumba, mwavo, mbotso vivuli",general_prose
kentrans_2258_swh,swh_Latn,rag_Latn,Mjisafishe wenyewe muwe safi,"Mwisave avene muve avanifu,",general_prose
kentrans_1896_swh,swh_Latn,rag_Latn,Walitumia msamiati wa Kiswahili “ MBEGU” wakati walichukua mbegu ya kupanda.,Vatumikiranga ling’ana lyo luswahili MBEGU lwa vagavulanga imwu yokutaga.,general_prose
kentrans_208_swh,swh_Latn,rag_Latn,Tena kuvaa kwake kulikuwa tofauti na watu wengine.,Kandi illievika lilye lialange lugano na avand vandu.,general_prose
kentrans_492_swh,swh_Latn,rag_Latn,ANGALIA,HENZA:,general_prose
kentrans_3258_swh,swh_Latn,rag_Latn,"Hapo zamani za kale, paliishi mama aliyeitwa Ndiegu",Kale ligali yaliho mukeere lieta lilie Ndiegu.,general_prose
kentrans_1864_swh,swh_Latn,rag_Latn,Mganga wa kienyeji,Mukumu,general_prose
kentrans_1994_swh,swh_Latn,rag_Latn,Nakuja huko,Tsitsanga yahoo,general_prose
luhya_multi_12_multi_swh,swh_Latn,rag_Latn,Umechelewa Florence umechelewa x2,. Ochelewe Florence ochelewe x2,Conversational
kentrans_823_swh,swh_Latn,rag_Latn,"Yesu mponyaji,","Yesu Muhonnyi,",general_prose
kentrans_3360_swh,swh_Latn,rag_Latn,"Naye akaenda na watu wote wale watakao tizama, Sisera alikuwa amelala hapo pamoja naye kutoka Haroshethu alikuwa amefariki –na kigingi kilikuemo","Naye ya tsia kuye;tsine angekivya,navandu vosi ava li henza,Sisera ya li na a goni ha zana halala naye, kutwula Haroshethu Iya na a kudzi, -nikivambo kya li mu",general_prose
kentrans_1235_swh,swh_Latn,rag_Latn,MJI MDOGO WA BETHLEHEM,O KADALA KA BETHELEHEMU,general_prose
kentrans_1234_swh,swh_Latn,rag_Latn,Kutuchukua kwenda nawe,Na u la kuhila.,general_prose
kentrans_1602_swh,swh_Latn,rag_Latn,"Anakamuna akasema, “Nafikiri labda tule mama zetu hamu hii ipotee.”","Anakamuna yavoola, ""Ng'anagana nikuliiye avamama vetu ulusa lulagota.""",general_prose
kentrans_3488_swh,swh_Latn,rag_Latn,Mfalme wake na wakuu wake wanakaa Kati ya mataifa wasio na sharia.,Kwani wewe na vanene veve VA veye mu tsihiiri tyelilaga li ta veye mutsyo.,general_prose
kentrans_1920_swh,swh_Latn,rag_Latn,Miaka sabini imepita na watu wamefika umri ambao babazao walikuwa wakikutana pembeni.,Mihiga amakoni saba giviti avandu vaduki velikula lya vise vana vavugananga mu luhya.,general_prose
kentrans_2855_swh,swh_Latn,rag_Latn,Kujeni tuanze mazungumzo ya barua hii kuhusu maswali ambayo tumekuwa tukijiuliza kwa kuwa yanaweza kutuleta pamoja na tujue sisi ni wa wapi.,Gendi kusimuli ilivoolelana mu barua yiyi ni liteeva lia kwamenya nikweeteva mbura kurahambanira kulio mulienyeliza kumanya kunyi ni vaaha.,general_prose
kentrans_1582_swh,swh_Latn,rag_Latn,"Walicheka hadi kuumia figo. O: Ma, mukeere uyo yaavuka naalola vosi vakutsi beyi Nyanya huyo aliamka na kupata wameaga wote.",Vaaseka ligali kuduuka nivasalira tsimbigu..,general_prose
kentrans_1462_swh,swh_Latn,rag_Latn,Ni maneno yaliyosambaa.,Namang'ang'a gagenda sigaviri.,general_prose
kentrans_1528_swh,swh_Latn,rag_Latn,Mapafu,Masuku,general_prose
kentrans_3122_swh,swh_Latn,rag_Latn,Anatoa ngozi.,Afuvula,general_prose
kentrans_1852_swh,swh_Latn,rag_Latn,Watoto kutoka kwa nyumba zao kwenda kulala kwingine kuliitwa kwenda isimba.,Litula lya vana kutula mu nyumba mwavo kutsia kogona ahandi kwalangangwa ukutsia isimba.,general_prose
kentrans_84_swh,swh_Latn,rag_Latn,Mtoto wa ukoo ni mtoto ambaye alizaliwa kutokana na uozo wa tabia,Mwana wa ichiko uyu no mwana wivulwa kuvudamanu vwe miima jasula,general_prose
kentrans_3007_swh,swh_Latn,rag_Latn,Ona reki ile.,Lola luvivu lula,general_prose
kentrans_2849_swh,swh_Latn,rag_Latn,Hukuza upevu wa wanafunzi.,Kuvilukitsa tsinganagani,general_prose
kentrans_21_swh,swh_Latn,rag_Latn,Wa vagavo,A vagavo,general_prose
kentrans_1962_swh,swh_Latn,rag_Latn,Kulingana na mchezo wao wa kupigana ilifaa mmoja amwangushe mwingine chini.Aliyefaulu kundi lake lingeshangilia kwa kucheza na kukumbatiana.,Lirwana lyavo livolanga mulala atule undi hasi. Natuleywe avolovega lwo utuye vasaala ni vasieva kumukumbiriza utuliywe.,general_prose
kentrans_1679_swh,swh_Latn,rag_Latn,”Hawana msimamo Aniiogoke,"""Avaveeye Evologovo Aniigoke",general_prose
kentrans_2463_swh,swh_Latn,rag_Latn,Walijaza taa zao mafuta,Vavika maguta mu tsitaya,general_prose
kentrans_2901_swh,swh_Latn,rag_Latn,Kuku alitafta chumbani kote lakini hakupata wembe huo.,Engoko yihuya munyumba mwosi navutswa siyanyola logembe mba.,general_prose
kentrans_1457_swh,swh_Latn,rag_Latn,Unaweza kumuona ukimulika?,Unyala kulirola numulika naho?,general_prose
kentrans_2574_swh,swh_Latn,rag_Latn,Fito kwa nyasi ya kujenga -Murogi,Ludanga mmbembe (kulusimbu) - Mulogi,general_prose
kentrans_1782_swh,swh_Latn,rag_Latn,kama watu wawili walikuwa na alama hiyo mtoto alikuwa akipewa majina yote mawili,Niganyolekanga avandu vaviri avasangi kimanyiru chene yiki mwana yamanya ahebwa ameta gombi.,general_prose
kentrans_1614_swh,swh_Latn,rag_Latn,"“Mama, mama tingisha kamba niingie,niingie,niingie niingie.”","""Mma, mma sung'usa mugoye niinewe nine, wee nliinewe, wee nliinewee niinewe.""",general_prose
luhya_multi_123_multi_swh,swh_Latn,rag_Latn,”Unachojifanyia haifi”,“omwikholela shikufubanga ta”,Conversational
kentrans_3445_swh,swh_Latn,rag_Latn,Kwa sababu mfariji wangu anayestahili kunifariji yu mbali nami.,Kigira wokuneminya mwoyo wa ga dukiranga kwirannya mwoyo gwange a veye ihale kuinze.,general_prose
kentrans_2573_swh,swh_Latn,rag_Latn,Fito kwa mandizi -Murogi,Lundanga mmagomia - Mulogi,general_prose
kentrans_1020_swh,swh_Latn,rag_Latn,Najua jina Yesu Bwana,Manyi lyeta Yesu Mwami,general_prose
kentrans_1762_swh,swh_Latn,rag_Latn,Wakati mwingine mtoto angempata njiani kisha anajifungua kisha anakabeba katoto kenyewe anaenda naye nyumbani aliowaacha nyumbani wanamuona akiingia na mtoto,Inyinga yindi mwana ya munyolereranga kuinzira mayivula ma aginga akana zana atsia yengo avaleki hango valola vutswa alingira na kana.,general_prose
kentrans_3560_swh,swh_Latn,rag_Latn,"Ingawa huleta huzuni, ataonyesha huruma, kwa kuwa upendo wake usiokoma ni mkuu.","32 Kigira Kali na a vereridza, naye Kandi a la Vera kuli ubunene bwetsimbabasi tsitsye.",general_prose
kentrans_2536_swh,swh_Latn,rag_Latn,"Baba ,mama,watoto wanafanana -Nywele","Baba, mama, mwana vafanana - Irisu",general_prose
kentrans_923_swh,swh_Latn,rag_Latn,Alimwaga damu yake kwa sababu ya upendo wake kwetu.,Nda rhonya masahi ganje ndi Shigira nda khu yanza.,general_prose
kentrans_1147_swh,swh_Latn,rag_Latn,"Pale lalvary, Yesu alikufa","Yesu yakudza ha Kalvary,",general_prose
kentrans_157_swh,swh_Latn,rag_Latn,wakati mtoto huyu alizaliwa alikua akifuata tabia ambazo wazazi wake walikuwa wakifanya alipokuwa tumboni,Nyima umwana uyu niyivulangwa ma naviruka aviluka ne miima jamwakola naveye mundu na mama wewe.,general_prose
kentrans_2908_swh,swh_Latn,rag_Latn,"Hadi wa leo kuku bado huchakurachakura chini akitafuta wembe wa mwewe, naye mwewe huchukua vifaranga wa kuku kwa sababu bado hajapewa wembe wake.","Kuduka na kalunu engoko isagalanga hasi ni yenya logembe Iwe live, ne live livugulanga viminyu vye engoko kigira likikiri kohevwa logembe lwalio.",general_prose
kentrans_927_swh,swh_Latn,rag_Latn,"Nitawacha nyumbani penyewe na kushuka chini,","Nda Iekha hango zana Khuduukha hasi hanu,",general_prose
luhya_multi_136_multi_swh,swh_Latn,rag_Latn,"Waza ya muda vilivyopita kwa muda, mungu wenu yuko anampatia nyinyi mlikuwa na hamjazaliwa.","""Yibaasia ke biise bibiabira, mu biise, Wele wenywe alikho amuelesia enywe nibio mwaba ne mukhasaalwa tawe.",Conversational
kentrans_2356_swh,swh_Latn,rag_Latn,Mtapata uponyaji wa milele.,Ndamuhonya mihiga jiosi.,general_prose
kentrans_1564_swh,swh_Latn,rag_Latn,"Moja yapo ni kulisha mifugo,kusiaga,kuchanja kuni,kuteka maji mtoni,kupika,kufagia, na kusoma","Mirala kujo nukwaya, kulera, kusia, kuteenya, kutsia mukidaho, kudeeka, kweya, no nukwiga.",general_prose
kentrans_3133_swh,swh_Latn,rag_Latn,Asava anapumzika,Asava asosaa,general_prose
luhya_multi_98_multi_swh,swh_Latn,rag_Latn,"Wakati mnaenda kuvamia mji wengi kushinda wenu, msiwaogope la kuanza patia watu wake.","“Nga ne mucha khwibwaakala lukoba bakali khukhila babenywe, mukhabaria, lie khunyoa eelesia babaandu bewe.",Conversational
kentrans_3201_swh,swh_Latn,rag_Latn,Hutambaa yaliko makazi ya kumbikumbi.,Vulandaa ahekituunda kiveeye.,general_prose
kentrans_3566_swh,swh_Latn,rag_Latn,"Je, si ni kwenye kinywa cha Aliye Juu Sana ndiko yatokako maafa na mambo mema?",38 Mu munwa gwa uyu uveye igulu ligali si ha twulanga amadamano Nobulahi?,general_prose
kentrans_2151_swh,swh_Latn,rag_Latn,Watu watendao dhambi,"Avandu vakolanga uvudamanu,",general_prose
kentrans_1505_swh,swh_Latn,rag_Latn,Wanafunzi wazuri wanajua majina na siku ya miezi katika mwaka.,Vasomi valahi vamanyi amiita namadiku gemieri jomuhiga.,general_prose
kentrans_1557_swh,swh_Latn,rag_Latn,Daudi anahesabu mashamba yao,Daudi avalitsaa mirimi javo.,general_prose
kentrans_2679_swh,swh_Latn,rag_Latn,Woo-ohoo ni mimi lledi.,Woo-ohoo! Ninze Lledi,general_prose
kentrans_3369_swh,swh_Latn,rag_Latn,Mbali na kelele za hao,11 Ilhale Ligali ku lioga iya yava,general_prose
kentrans_459_swh,swh_Latn,rag_Latn,"Baada ya mazishi ya mkewe na kumbukumbu, mume huyo alikuwa akienda katika tambiko la kufika kwa kina mke aliyeaga.","Musatsa wo mukali akuzi nivamali kuyavila, lovego ni luviti, musatsa alangwa kutsia kusioma wanga mukali, liveeye kovoola ndi, “Lihilla chiriri cho mukali wavo”.",general_prose
kentrans_2990_swh,swh_Latn,rag_Latn,Wezi waliokota sinia moja.,Aviivi vaadola luderu lulala.,general_prose
kentrans_79_swh,swh_Latn,rag_Latn,Mtoto aliyezaliwa nyumbani ni Yule ambaye kijana alizaa nje kabla hajaoa,Mwana we indasimba uyu no mwana womuyai yivula ichova na nyia siyaletwa hango mba,general_prose
luhya_multi_14_multi_swh,swh_Latn,rag_Latn,Mvulana mwenye miguu kombo akioga ako na shamba ambayo akiangalia anameza tu mate.,. Omusiani owa makhumbo niyesinga ari nende indalo iria naringa amira sa amare.,Conversational
kentrans_3327_swh,swh_Latn,rag_Latn,Debora na watembezi walitembea kwa njia kama Isakari alivyo kuwa Bakari,"Debora; Na vagendi va genda ku tsinzira kuli ya li , Baraka a veye",general_prose
kentrans_1104_swh,swh_Latn,rag_Latn,"Mungu baba njoo, twaimba sifa kwako","Udze Mwami Munene, Konya Kwimbe ku ive",general_prose
kentrans_949_swh,swh_Latn,rag_Latn,Kumpa Yesu zawadi;,Khumuha Yesu shihaanwa shyange;,general_prose
kentrans_2486_swh,swh_Latn,rag_Latn,Yesu yuaja hivi punda,Yesu yazanga bwangu ligali,general_prose
kentrans_2837_swh,swh_Latn,rag_Latn,Mwalimu awaulize wanafunzi kupeana vitendawili wanavyovifahamu ndiposa aweze kuwaongezea vile vipya vilivyo kitabuni.,Mwegitsi atange kovolera avasomi kwimba noho kovola vitandawili vyao ku lelo avavolere viveeye mu vihvya.,general_prose
kentrans_3448_swh,swh_Latn,rag_Latn,"Bwana ametoa amri juu ya Yakobo, kwamba wamzungukao ambao ni watesi wake.","Yahova u haane lilaga makuva ga yakobo, Ava muhimbirizanga VA veye avadambidzi veve.",general_prose
kentrans_381_swh,swh_Latn,rag_Latn,"Iwapo mtu alikufa, watiu kazaa wangebaki wakiandaa tambiko ama, wangechinja mfugo. Ili amwage damu.","Umundu uwali niyakutsa kale ma vandu vatigalanga nivalomba umuluka naho, vitanga umutugu gutahitswa amasahi.",general_prose
kentrans_993_swh,swh_Latn,rag_Latn,Mwana wa Mungu mpendwa.,Mwana wa Nyaaye Muderwa.,general_prose
kentrans_3485_swh,swh_Latn,rag_Latn,"Ameinyosha hiyo kamba, Hakuuzuia mkono wake usiangamize.","U nyiye mugoye, na so yegaliye mukono gwigwe gu vule kudividza mba.",general_prose
kentrans_2592_swh,swh_Latn,rag_Latn,"Bi-bi, chuma cha mzungu kimepotea -sindano","Bi-bi, ikivya cho musungu kegoti - Isindani",general_prose
kentrans_3031_swh,swh_Latn,rag_Latn,Hawa ni paka wawili.,Yivi viveeye vibaga viviri,general_prose
kentrans_740_swh,swh_Latn,rag_Latn,Nendeni kwa amani leo,"Mu tsie nemirembe lero,",general_prose
kentrans_2581_swh,swh_Latn,rag_Latn,Nina shamba langu nimepanda ndani miti mitano -Kiganja,Mbeye no mulimi gwange ndataga mu misaala gitano - Kigalo,general_prose
kentrans_711_swh,swh_Latn,rag_Latn,Jina lako linadumu,Lyeta lilye li menyanga,general_prose
kentrans_3242_swh,swh_Latn,rag_Latn,Hii ni ngao ya wajaluo,Yiyi ningavo ya Vavo.,general_prose
kentrans_1342_swh,swh_Latn,rag_Latn,Nyoyo zao zivunjike wasikiapo habari hii,Myoyo gyavo gya hya inyinga va hulira,general_prose
kentrans_306_swh,swh_Latn,rag_Latn,Ilhali ukoo wa msichana au mwanamke hufifia haraka kama mwezi unaoenda au unaotokea kunapopambazuka ama unaotokezea jioni kwa muda mchache tu kisha unapotelea magharibi ama kwa ziwa,Navutswa ihili yo mwana mkana naho mundu mukali yanguha kufa vwangu kuli umweli gutsitsa anaho gutula nivwenya kucha naho gutula hamugolova ma gwanguha kugwa imadioli naho Munyanza,general_prose
kentrans_210_swh,swh_Latn,rag_Latn,Ndiye aliyekuwa tabibu.,O niye uwalange UMBIDI.,general_prose
kentrans_2209_swh,swh_Latn,rag_Latn,Mpokee,Umwingirizi,general_prose
kentrans_2844_swh,swh_Latn,rag_Latn,"Wanafunzi wanaposikiza, wanaimba na kutamka vitendawili hivi, huwa wanajifunza mapya na pia akili yao hupevuka haraka.",Lwa vaana vahulitsanga no kwimba tsinyimbu no kutivula vitendawili vigaanga mahya na kandi tsinganagani tsiavo tsivambalanga vwangu.,general_prose
luhya_multi_101_multi_swh,swh_Latn,rag_Latn,"”Akirudi nyumbani kwao aende apande mboga, nyanya na vitunguu kasha alete kuuza huku anaweza kupata pesa mingi.","“Ningalukha ingo wefwe ndatsia ndaaraka eliani, nende tsinyanya nebituunguo mana ndreera okhukusia ino shindskhanyoola amapesa amanji,",Conversational
kentrans_2316_swh,swh_Latn,rag_Latn,Mjazwe roho wa Mungu,Navuza mwizulwi na roho wa nyaseye,general_prose
kentrans_926_swh,swh_Latn,rag_Latn,"Ndiyo nyumba yangu,","Y li inyumba yanje,",general_prose
kentrans_3418_swh,swh_Latn,rag_Latn,"Wakuu wake wako kama ayala ambaye hapati malisho, katika udhaifu wamekimbia mbele ya anayewasaka.","Avanene veve vagwiye kuli tsimboongo tsi ta li nekyayiru, na viruki, si va veye netsingulu imbiri wa uyu u va londereranga.",general_prose
kentrans_960_swh,swh_Latn,rag_Latn,Na kusafisha moyo,Nokhulavidza myoyo.,general_prose
kentrans_2873_swh,swh_Latn,rag_Latn,SUNGURA NA SIMBA,KISUNGURA NE SIMBA,general_prose
kentrans_2399_swh,swh_Latn,rag_Latn,Mimi namwamini Mwokozi Yesu,Inze ndasuvira muhonyi Yesu,general_prose
kentrans_192_swh,swh_Latn,rag_Latn,Watoto wangu walikuwa wakisiaga mawele kwa Ndeda,Avana vange vashetsanga ambele ga ndeda masha,general_prose
kentrans_3308_swh,swh_Latn,rag_Latn,Sikieni enyi wafalme;sikieni Israeli,"3 Mu hulire, Omwinye avami; mu lilye mu Israeli,",general_prose
kentrans_2624_swh,swh_Latn,rag_Latn,Utambaji wa hadithi ulimaliziwa na nyimbo na baadaye wanaenda kulala.,Ni vakavola tsingano tsia manani vali vanyala kumaliritsa ne tsinyimbu ma vatsia kogona.,general_prose
kentrans_1314_swh,swh_Latn,rag_Latn,Jina lake akaitwa Yesu,Va mu gulika ilyeta Vesu,general_prose
kentrans_484_swh,swh_Latn,rag_Latn,Walitumia kikapu kubebea mizoga ya mfu.,"Yatumikiranga, kihinda kugingiramu tsinyama nivigumba vio m’mbiri gwo mu kuzu.",general_prose
kentrans_2886_swh,swh_Latn,rag_Latn,Sungura aliposikia sauti alitimua mbio.,"Lwe Kisungura chahurila mwoyo, chatiguka tsimbiru.",general_prose
kentrans_958_swh,swh_Latn,rag_Latn,Inatakasa,Ga nyala khwogidza,general_prose
kentrans_3283_swh,swh_Latn,rag_Latn,"Na mimi nakusongezea, nakumshtua Jaeli mke wa Heberi Mukeni; ya kishon, Sisera, mkubwa wa vita kwa sabasbu hakukuwa na amani kati ya Jabin pamoja na magari yake labda Jabin mkuu wa Hazuru, na nyumba nyingi za watu wake; nilmpa Heberi Mukeni.","7 Na inze nda ku sundira, ha mugera Jaeli mukali wa Heberi Mukeni;gwa Kishon, Sisera,munene welihe kigira ha li nemirembe hagati ha lya Jabin, halala na magari gege nobu-Jabin mwami wa Hazoru,nenyumba nyingi bwavandu veve;nan da mu ya Heberi Mukeni.",general_prose
kentrans_278_swh,swh_Latn,rag_Latn,Kinachomzuia mke kutojihusisha na mume kwa siku saba baada ya hedhi.,Ikigaya mundu mukali ukwigaya kuu madiku 7 navaye haluvega.,general_prose
kentrans_1035_swh,swh_Latn,rag_Latn,Moyo wangu ulioshwa kwa damu yake,Mwoyo gwa siwa mmavanga ge;,general_prose
kentrans_2090_swh,swh_Latn,rag_Latn,Naye atakuja kwa watu woto,"Naye alaza hambi kuvandu vosi,",general_prose
kentrans_1294_swh,swh_Latn,rag_Latn,Wakacha sana wachunga,Mu ta tia mba mu letera,general_prose
kentrans_2893_swh,swh_Latn,rag_Latn,Mwewe alimpa kuku wembe.,Liive liamanya niliha engoko logembe.,general_prose
kentrans_572_swh,swh_Latn,rag_Latn,23. Mke kupiga sehemu nyeti za mumewe.,23. Mukali kukuba mundede yo musatsa.,general_prose
kentrans_1487_swh,swh_Latn,rag_Latn,Chini ya mudomo utaona ndevu kwa kidevu,Isi womunwa ulalola kederu kukinanwa.,general_prose
kentrans_2647_swh,swh_Latn,rag_Latn,PIGA MAGOTI,KUBA MAGULU,general_prose
kentrans_1040_swh,swh_Latn,rag_Latn,"Nafurahia nilivyowacha dhambi,","Mbukanga lu na lekha woni,",general_prose
kentrans_2891_swh,swh_Latn,rag_Latn,Tena walikuwa wakisaidiana katika shida zote.,Kandi vakonyananga muvudinyu vwosi.,general_prose
kentrans_3542_swh,swh_Latn,rag_Latn,"Nimekuwa dhihaka kwa watu wangu wote,wimbo wao mchana kutwa.","14 Ngwiye kihenyahenye KU Avandu vange vosi, lwimbu lwavo mbasu Bei.",general_prose
kentrans_609_swh,swh_Latn,rag_Latn,Tunajua alisulubishwa hapo,Ku manya asungwa yaho,general_prose
luhya_multi_51_multi_swh,swh_Latn,rag_Latn,Kila mara mkipeana ng'ombe mbele za bwana mweza wa vyote ama kondoo kama waliabudu mungu wao.,"""Buli lwosi ne muaana ekhaafu ebweeni wa Wele Omunyali Owa Bioosi, namwe likheese nga embosio, basaayi Wele wenywe.",Conversational
kentrans_414_swh,swh_Latn,rag_Latn,KUSOMA KWA LAZIMA,LISOOMA LIO KUNIGWA,general_prose
luhya_multi_130_multi_swh,swh_Latn,rag_Latn,"Aliyekuwa akiona ng,ombe ama kushona kamba nyingi kisha ufunge kondoo la Muisraeli wenzako maua kona nne za karibu.","""Waaba ne obona ekhaafu namwe “Ruka buusi bukali mala oboe likheese lio Muisiraeli wasio buyenje khu ndulo chine che sisibiimbi.",Conversational
kentrans_1401_swh,swh_Latn,rag_Latn,"Waimba, sikizeni",Nunu kwinye Kwidzominya,general_prose
kentrans_1055_swh,swh_Latn,rag_Latn,Kwa kweli moyoni mwangu niweze kufurahia,"Ligali mu mwoyo gwanje ndukhe Khusangala,",general_prose
kentrans_699_swh,swh_Latn,rag_Latn,Utukufu wake wote,Ubukumi bwibe bwosi,general_prose
kentrans_3218_swh,swh_Latn,rag_Latn,Nyanya,Inyaanya,general_prose
kentrans_892_swh,swh_Latn,rag_Latn,"Aliyetulipia deni,","Mutungiri wetu,",general_prose
kentrans_448_swh,swh_Latn,rag_Latn,Kukata shoka mbele ya nyumba yako ukiongea na kugombana,40. Kotema imbatsi muchamugitsi chinyumba yoyo nomoloma nolembana. i,general_prose
kentrans_3055_swh,swh_Latn,rag_Latn,Aliona huyu akitumia raslimali vizuri,Yalola uyu nanonera,general_prose
kentrans_902_swh,swh_Latn,rag_Latn,Sisi tusiteseke:,Kwinye ku ta diva mba:,general_prose
kentrans_2780_swh,swh_Latn,rag_Latn,Mtoto akikataa tupee mlezi.,Mwana nasuye kohe muleri.,general_prose
kentrans_2889_swh,swh_Latn,rag_Latn,Hapo zamani kulikuwa na urafiki kati ya kuku na mwewe.,Kale muno engoko yali nuvulina ne liive.,general_prose
kentrans_3663_swh,swh_Latn,rag_Latn,Furaha ya mioyo yetu imekoma.,15 Ubuyanzi bwo mwoyo getu bufweye.,general_prose
kentrans_3026_swh,swh_Latn,rag_Latn,Wanasema wao wanazoa.,Valola yavo vayoyaa,general_prose
kentrans_2944_swh,swh_Latn,rag_Latn,Mschana huyo alirudi nyumbani kwao na kumchukua ndugu yake kuwa mlezi wao,Mukana uyu yamanya niyirana wavo kuvugula amwavo weve kuva muleri wavo.,general_prose
kentrans_2017_swh,swh_Latn,rag_Latn,Ili nisiweze kukusahau.,Nduhi nduki kukwivilila,general_prose
kentrans_3420_swh,swh_Latn,rag_Latn,"Wakati watu wake walipoanguka katika mikono ya adui, hapakuwepo na yeyote wa kumsaidia. Watesi wake walimtazama na kumcheka katika maangamizi yake.","Lwa avandu veve va gwa mu makono gomusigu, na si ha veye nomulala wokumukonya mba, avasigu VA my lola, va seka kigira liheridzwa lilye.",general_prose
kentrans_3171_swh,swh_Latn,rag_Latn,Hupafagia na pako safi sana.,Veyaaho nahaveeye hanifu ligali,general_prose
kentrans_1296_swh,swh_Latn,rag_Latn,“Nawaletea habari,Buyanzi bunene muno,general_prose
kentrans_295_swh,swh_Latn,rag_Latn,Wamaragoli walikuwa wakienda katika mlima wao ulioko Vihiga kuomba na tena walienda kuomba Mungu awape hekima na pia watakapofanya tambiko lao tambiko hilo libarikiwe.,Avalogoli vatsitsa ku kigulu kyavo ekeveye ivihiga ukutsia ukusala makandi vatsitsa ivinditsi ukuteva Nyasaye avahe ovogeeri makandi ulwa vatsa kola umuluka gwavo gugasitswi.,general_prose
kentrans_1599_swh,swh_Latn,rag_Latn,"Hapo zamani, Anakamuna na Anakanani walitembea kwa pamoja.","Kale ligali mumadiku gaavita, Anakamuna na Anakanani vavayaa halala.",general_prose
kentrans_612_swh,swh_Latn,rag_Latn,Tupate uponyaji,Ku nyole buhonnyi;,general_prose
kentrans_1793_swh,swh_Latn,rag_Latn,"Ili kuvipa viungo vya mtoto nguvu, mlezi aliweza kumpakata.O: Ni yakahagata mayikalitsa hasi nadiririra magulu ma ahagata Alimpakata kisha kumkalisha na kumpakata tena. O:Ni yakahagata mayikalitsa hasi nadiririra kuduka lwo mwana anyala kwikala vugira kudirwa. Mtoto angeketishwa kwa kushikiliwa hadi wakati ule ataketi mwenyewe.O: Mwana yamanyanga atanga limoola naho kuswegenya Mtoto alianza kuongea au kujifunza kuongea..",Kudinyia vigumba vyo mwana muleri yatulitsanga mwana ku magulu ma ahagata.,general_prose
kentrans_1330_swh,swh_Latn,rag_Latn,"Yesu muumba, Mwokozi Bwana.","Yesu Mulombi, Muhonyi, no Mwami",general_prose
kentrans_2019_swh,swh_Latn,rag_Latn,Tusife mioyo,Kutakutsa imioyo jitu mba x2,general_prose
kentrans_2507_swh,swh_Latn,rag_Latn,Mwalimumkuu na wanawe -Ulimi na meno,Headmaster na vaana veve - Lulimi na minu,general_prose
kentrans_2945_swh,swh_Latn,rag_Latn,Siku moja mschana aliyekuwa ameoleka kwa zimwi huyu walienda kulima shamba ambalo lilikuwa mbali mtoni,Lidiku lindi mukaana wadeka ku linani uyu vatsia kulima mulimi gwali ihale mu kivanda.,general_prose
kentrans_3269_swh,swh_Latn,rag_Latn,"Naye mtoto akaenda kujitafutia, akamunyima Ndiegu","No mwana akatsia kusuma, akima Ndiegu",general_prose
kentrans_2794_swh,swh_Latn,rag_Latn,Nilikuwa nimepewa.,Vwali vwa vahuli vamba.,general_prose
kentrans_2024_swh,swh_Latn,rag_Latn,YESU ALISULUBIWA,YESU YAVAMBWA.,general_prose
kentrans_2883_swh,swh_Latn,rag_Latn,Alisimama kando ya mlango na kuuliza:,Chasingila hambeta ho muliango niketeva:,general_prose
kentrans_1469_swh,swh_Latn,rag_Latn,Hupataje watoto wake?,Enyoolangandi vaana vayo?,general_prose
kentrans_426_swh,swh_Latn,rag_Latn,Watoto wasichana hawakufuatwa sana.,Avana vakana valondangwa ku ligali dave.,general_prose
kentrans_535_swh,swh_Latn,rag_Latn,"Japo mtu alimuua aduli, ilibidi atakaswe kabla ya kuingia kwa nyumba na kujiunga na familia yake","Niva mundu yitanga musigu, yatanga kukunzakalitswa, siyi ngiranga munyumba mwavo mba.",general_prose
kentrans_1102_swh,swh_Latn,rag_Latn,Yu tayari kuokoa wote – hata nami,Yenya kukonya vandu voosi—ninze.,general_prose
kentrans_2894_swh,swh_Latn,rag_Latn,Kuku alinyolea watoto wake.,Engoko yavegera vaana vayo.,general_prose
kentrans_3163_swh,swh_Latn,rag_Latn,"Usipomulinga, atamaliza mahindi",Nutalirasa liramala maduuma,general_prose
kentrans_2023_swh,swh_Latn,rag_Latn,Kwa sababu alishakomboa ulimwengu,Kigira yamala kuguta lilova x2,general_prose
kentrans_1825_swh,swh_Latn,rag_Latn,Mtu anaweza kutahiriwa akiwa na miaka ishirini na tano na pia akishaoa na kupata mtoto.,Mundu wambooye wakevangwa naviti mihiga makomi gaviri na jitano haundi yali yamala koleta mukali na yayivula ku mwana.,general_prose
kentrans_133_swh,swh_Latn,rag_Latn,Mtoto yeyote anapozaliwa kutoka tumboni mwa mama yake alihitajika kuitwa jina ndiposa aanze kula na kuishu na watu aliowapata dunuani.,Mwana wowosi niyivulwa kutula muinda ya Mama weve yenya alangwi ilieta ku atange kulia nokumenya na vandu vanyoye mkivala.,general_prose
kentrans_7_swh,swh_Latn,rag_Latn,Mnyama wa mwitu alininyang'anya hapo chini,Kindu cha vurimu chanyagira handangu Yaha,general_prose
kentrans_3410_swh,swh_Latn,rag_Latn,"3 Yuda amehamishwa kwa sababu ya kuonewa, tena kwa sababu ya utumwa","3 Yuda u tsiye mu lyadikidzwa kigira lidambidzwa , Kandi kigira ubutugwa bunene;",general_prose
kentrans_422_swh,swh_Latn,rag_Latn,Mito bado ilikuwa na vichaka vingi.,Tsimanda tsyali nitsikikiri nu vulimu vunyingi,general_prose
kentrans_1742_swh,swh_Latn,rag_Latn,Teleka alipenda kuishi kwenye shimo,Isimindwa yayanza kumenya mulirina.,general_prose
kentrans_3407_swh,swh_Latn,rag_Latn,Bintiye kiongozi kati ya nchi hizo alianzaje kulazimishwa kuchanga!,Mukana womwami hagati hevivala yivyo ya duka ndi kunigwa ku lisolola!,general_prose
kentrans_2625_swh,swh_Latn,rag_Latn,Ndiegu alienda kuchuma.,NDIEGU YATSIA KUSUMA,general_prose
kentrans_1242_swh,swh_Latn,rag_Latn,"Nyota juu mbinguni, ishara ya Mwana kuzaliwa","Tsing’ereng’ani tsi henza, tsi manya livulwa,",general_prose
kentrans_1768_swh,swh_Latn,rag_Latn,Ugeni huu ulijulikana kama shughuli ya kumtoa mama aliyejifungua kwa nyumba,Kuluta yiku kwalangangwa ukutulitsa.,general_prose
kentrans_1420_swh,swh_Latn,rag_Latn,"Ndimu, tunda unaona wayo huu?",Indimu Kituunda Ulolaa induvatiru yiyi?,general_prose
kentrans_557_swh,swh_Latn,rag_Latn,10. Kujihusisha na mke akiwa kwenye hedhi.,10. Kuva nu mukali naveeye mu vusinga.,general_prose
kentrans_2631_swh,swh_Latn,rag_Latn,Tsunu! Tsunu! Tsunu! Tsunu.,Tsunu! Tsunu! Tsunu! Tsunu,general_prose
kentrans_2210_swh,swh_Latn,rag_Latn,Mlaze pako pema mbinguni,Umuviki halahi hoho mwigulu,general_prose
kentrans_3464_swh,swh_Latn,rag_Latn,Bwana alimfunika binti Sayuni kwa wingu akiwa na hasira.,2Ga duka ndi Yahova ya kunika mukana was zioni nelilesi mu butima bwibwe.,general_prose
kentrans_3428_swh,swh_Latn,rag_Latn,"aliona mataifa ya kipagani wakiingia mahali patakatifu pake, wale uliowakataza kuingia kwenye kusanyiko lako.","Kigira u Loli Ava ya suuvira vingiranga ha butakatifu bwibwe, Ava wa laga kuvo va ta bugirirwa Kali kwiringa mu livugana lilyo.",general_prose
luhya_multi_121_multi_swh,swh_Latn,rag_Latn,Mpatanishi hatapokea kikapu kipana na kidogo,“Omusaayi alakaanila sikono sibalaayi ne sitiiti tawe.,Conversational
kentrans_571_swh,swh_Latn,rag_Latn,22. Wanawake kuchimba kaburi na kuzika wafu.,22. Avak ali kuyava kilindwa nukuyavila avakuzu.,general_prose
kentrans_353_swh,swh_Latn,rag_Latn,"Upepo ukipotea, urejeapo huanzia milimani na pia katika Ziwa au msituni au kwenye mabonde.",Imbutsa niyagota niyilana yilanila kuvigulu ma kandi Munyanza no mumilitu no muvivanda.,general_prose
kentrans_92_swh,swh_Latn,rag_Latn,Mwanaume anayemnajisi mtoto msichana anafaa kufukzwa katika jamii yake na atafute maisha mapya,Uluswa Umusatsa umwononyia mwana mkana mdoto kandi adukana akungwi muhili yeye yenye ovomenyo uvuhya,general_prose
kentrans_2731_swh,swh_Latn,rag_Latn,Hebu mama tazama mwezi.,Oh!mama henzaku mweli,general_prose
kentrans_3429_swh,swh_Latn,rag_Latn,Watu wake walipotaka kutafta chakula.,11 Avandu veve vosi lwa venyanga kwenya vyokulia.,general_prose
kentrans_1219_swh,swh_Latn,rag_Latn,Eh Mungu mlinzi,Oh Nyasaye Umulindi,general_prose
kentrans_2549_swh,swh_Latn,rag_Latn,Tumekutana na shangazi –Dudu manyoa,Kwagani na senge- Liisa,general_prose
kentrans_1334_swh,swh_Latn,rag_Latn,watoto wote tumwimbie hii siku kuu,"Avana mu mwimbire mu Siguku yiyi,",general_prose
kentrans_2685_swh,swh_Latn,rag_Latn,Ni mimi Lledi,Haa ninze lledi,general_prose
kentrans_3094_swh,swh_Latn,rag_Latn,Anatoroka hakika,Yiirukaa ligali,general_prose
kentrans_1938_swh,swh_Latn,rag_Latn,Ili kutengeneza pombe kutoka kwa mchanganyiko huo walikua wakiiwacha igande tena.,Kutsilomba tsive amalwa vinikanga kandi ma vavika mu amamera.,general_prose
kentrans_2146_swh,swh_Latn,rag_Latn,Aliye na sikio na asikie,"Uyu oveye nu gutu ahuriri,",general_prose
kentrans_1945_swh,swh_Latn,rag_Latn,Kwa fahamu zetu neno “mugoye”linamaanisha kamba inayotengenezwa kutoka kwa makambi na hutumiwa kufunga vitu.,Mu livola lyetu ling'ana mugoye ne kamba yasitwa kutula ku makambi kovoha vindu.,general_prose
kentrans_2725_swh,swh_Latn,rag_Latn,Kwa nini vitoweo vya maharagwe havifanani?,Kigira ki muduya na majira sigafanana mba?,general_prose
kentrans_1643_swh,swh_Latn,rag_Latn,Ni wimbo upi alizoea kuimba?,Yaahongera kwimba Iwimbuki?,general_prose
kentrans_2337_swh,swh_Latn,rag_Latn,Katika Kitbu cha M ungu,"Mukitabu kyosi kya Nyasaye,",general_prose
kentrans_722_swh,swh_Latn,rag_Latn,"Yesu alisulubishwa, anisaidie mimi","Yesu ya bambwa, a khonye inze,",general_prose
kentrans_3165_swh,swh_Latn,rag_Latn,Wanaona mahindi ni mazuri,Galola maduuma gaveeye malahi.,general_prose
kentrans_349_swh,swh_Latn,rag_Latn,Mungu alikuwa na sababu kuu juu ya milima kwa dunia.,Nyasaye yali nikivuni kuviguru ekenene kyene kulilova.,general_prose
kentrans_2335_swh,swh_Latn,rag_Latn,Imani yote ni yangu,"Lisuuviridza lyosi ni Iyange,",general_prose
luhya_multi_87_multi_swh,swh_Latn,rag_Latn,Na ukipata kiota cha ndege mtini.,"""Ne onyoola siswi sie nyuni khumurongoro.",Conversational
kentrans_3077_swh,swh_Latn,rag_Latn,mtama,mavere,general_prose
kentrans_2783_swh,swh_Latn,rag_Latn,Shangazi akikataa tumpe amu.,Senge nasuye kohe kotsa.,general_prose
kentrans_1186_swh,swh_Latn,rag_Latn,Latulita nyoyo,Li leminya myoyo:,general_prose
kentrans_2487_swh,swh_Latn,rag_Latn,Tungoje ahadi zake,Kulinde lilagana lilie,general_prose
kentrans_2965_swh,swh_Latn,rag_Latn,Abaabu (Jina la mtu),Abaabu,general_prose
kentrans_2045_swh,swh_Latn,rag_Latn,Alisema Baba uwasmehe,Yavora baba uvavere,general_prose
kentrans_3610_swh,swh_Latn,rag_Latn,Heri wale waliouawa kwa upanga kuliko wao waliouawa kwa njaa.,9 Yavo aviitangwa nekivavi vaveye bulahi kuvita avenzala yitanga.,general_prose
kentrans_3648_swh,swh_Latn,rag_Latn,Babu zetu waliotenda dhambi hata hawako.,7 Avaguga vetu vakola ubwoni na sivaveyeho.,general_prose
kentrans_1763_swh,swh_Latn,rag_Latn,Walikuwa wamefunzwa na kina mama jinsi wanavyoweza kukata mshipa wa kitovu mtoto asimwage damu nyingi,Vali vayegitswa navakeere kuli vanyala kukala lulera no kolovoha mwana avule kutaatsa dave.,general_prose
kentrans_1389_swh,swh_Latn,rag_Latn,Aliyekuja kuniokoa,Yadza ku mbonnya;,general_prose
kentrans_3145_swh,swh_Latn,rag_Latn,Huko walifaulu katika mitihani yao.,Vaavitayo amagera gaavo,general_prose
kentrans_454_swh,swh_Latn,rag_Latn,Mwanamke kupiga mbija,46. Mukali kukuba ling’al’la.,general_prose
kentrans_956_swh,swh_Latn,rag_Latn,Na kuziondoa.,Nokhuburhulidza.,general_prose
kentrans_2600_swh,swh_Latn,rag_Latn,Kunywa supu acha nyama -Muwa,Unwe umunyu na uleke inyama - Mukonye,general_prose
kentrans_1248_swh,swh_Latn,rag_Latn,Twaomba kwako Oh Bethlehemu,"0, Mwana wa Bethelehemu ku saala ku lve;",general_prose
kentrans_1981_swh,swh_Latn,rag_Latn,Kaskazini.,Ivale.,general_prose
kentrans_1323_swh,swh_Latn,rag_Latn,"Liposikika, habari za mwana","Lwa va hulira va tsia midala,",general_prose
kentrans_2528_swh,swh_Latn,rag_Latn,Ngombe wangu nisipomshika kwa pembe hatembei - Baiskeli,Eng'ombe yange ni ndagigumiye kutsinziga itsitsaa mba -Ingida,general_prose
kentrans_38_swh,swh_Latn,rag_Latn,Ndege jameni,Magungu vayayi,general_prose
kentrans_1021_swh,swh_Latn,rag_Latn,Ndilo ninaloliamini,Ni lyo lya suuvira,general_prose
kentrans_3538_swh,swh_Latn,rag_Latn,"Alivyo kwangu ni kama dubu aoteaye, kama samba mafichoni.","10 A veye KU inze kuli iduba I gonekanga, kuli king'ang'a mu lyevisa.",general_prose
kentrans_1030_swh,swh_Latn,rag_Latn,Katika Jerusalemi mpya,Mu Yerusalemi Impya,general_prose
kentrans_1298_swh,swh_Latn,rag_Latn,“Mji ule wa Daudi,Mu lidala Iya Daudi,general_prose
kentrans_2594_swh,swh_Latn,rag_Latn,"Alinunua nyama, ndani ni ngozi Firigisi","Yigula inyama, muusi kesero – Emondo",general_prose
kentrans_1470_swh,swh_Latn,rag_Latn,Na ina ubaya upi?,Eveeye navudamanuki?,general_prose
kentrans_1333_swh,swh_Latn,rag_Latn,"Njooni wote, tushiriki pamoja upendo wa Mungu","Hambi mwinye, kuvugane mu buyanzi bwa Nyasaye;",general_prose
kentrans_1612_swh,swh_Latn,rag_Latn,"Wakati Anakanani alijua haya alitaka kwenda kumla, Anakamuna alikuwa amemtahadharisha mamake asimfungulie mlango mtu mwingine.","Lwa Anakanani yaamanya yaga yeenya kutsia kumulia, Anakamuna yaali niyeganihitsa nnya atligulira wundi mundu.",general_prose
kentrans_40_swh,swh_Latn,rag_Latn,Tena Dione,Kandi dione,general_prose
kentrans_1538_swh,swh_Latn,rag_Latn,Fimbo,Imbiimbu,general_prose
kentrans_2483_swh,swh_Latn,rag_Latn,tuelekeze wenzetu katuka nuru,Kumanyie vandi uvulavu,general_prose
kentrans_170_swh,swh_Latn,rag_Latn,Baba ni jua na mama ni mwezi na watoto ni nyota.,Baba ni liuvaa na mama nu mweli na avana ni tsing’ereng’ani.,general_prose
kentrans_1407_swh,swh_Latn,rag_Latn,"Seyidi wa amani, Ametoka mbinguni","Kristo ave Uyanzeywi, Krito ave Mwami wetu",general_prose
kentrans_762_swh,swh_Latn,rag_Latn,Usimtoroke Bwana;,Utiruka Mwami mba;,general_prose
kentrans_2648_swh,swh_Latn,rag_Latn,Piga magoti.,Kuba magulu,general_prose
kentrans_3453_swh,swh_Latn,rag_Latn,Niliwaita hao walionipenda lakini walinidanganya.,"19 Nda langa avayanze vange, navutswa va ngada.",general_prose
kentrans_1724_swh,swh_Latn,rag_Latn,Kinywere huishi msitumni na katika mapango.,Kinywere kemenyanga mmbulimu mutsimbangaywa.,general_prose
kentrans_1616_swh,swh_Latn,rag_Latn,ANAKAMUNA NA ANAKANANI (II),ANAKAMUNA NA ANAKANANI (II),general_prose
kentrans_2551_swh,swh_Latn,rag_Latn,Tumekutana na babu na koti jeusi - - Dudumanyoa,.Kwagani na guga ne likoti limwamu - Lugiita,general_prose
kentrans_658_swh,swh_Latn,rag_Latn,Aibu ya msalaba;,Tsisoni tsyo musalaba;,general_prose
kentrans_3368_swh,swh_Latn,rag_Latn,Hapo Debora na Baraka mbali na kelele za hao,Hene yahoo Debora na Baraka,general_prose
kentrans_2561_swh,swh_Latn,rag_Latn,Mtoto wangu hakui - Jiwe,Mwana wange aviruka mba - Ligina,general_prose
kentrans_1692_swh,swh_Latn,rag_Latn,Mungu alimtuma samweli kwa Jese kumwuliza kuwa ni mvulana yupi ambaye angekuwa kiongozi,Nyasaye yaali niyaatuma kale musarisi samweri kuhenza kuvayayi va jese nokutovola uliha uliva mwami,general_prose
kentrans_1339_swh,swh_Latn,rag_Latn,Ujumbe wa amani anoaulete Yesu Kristo,Ni va vola Yesu yadza ku mu ha mirembe.,general_prose
kentrans_2972_swh,swh_Latn,rag_Latn,Uone kipaza sauti kimoja,Ole lirere lirala,general_prose
kentrans_1432_swh,swh_Latn,rag_Latn,Mlinzi aliketi kwenye Mtunda akilinda mianzi mtoni,Musikaali yikalaa kukituunda naalinda vidundu mukivanda.,general_prose
kentrans_1990_swh,swh_Latn,rag_Latn,Kusini.,Isavalu.,general_prose
kentrans_603_swh,swh_Latn,rag_Latn,Hakika alitupenda,"Ya ku Yanza, dodo, Mwene",general_prose
kentrans_329_swh,swh_Latn,rag_Latn,Wavulana na wasichana waliokuwa wakioana walipaswa kujua mambo ya “KUCHIMBA KABURI.”,Avana vayai na vakana avaletana vadukana vamanye ilinga'ana livoola “KUTEMA KELOVA”.,general_prose
kentrans_2387_swh,swh_Latn,rag_Latn,Tembea kakika ukamilifu,Ugende kandi mu vulungi,general_prose
kentrans_2156_swh,swh_Latn,rag_Latn,Kwa nini mwataka adhabu ya Mungu,"Kigiraki mwenyanga likuywa kandi, mwinye?",general_prose
kentrans_935_swh,swh_Latn,rag_Latn,Nimeleta ukombozi,Nda lerha bunanuli,general_prose
kentrans_1192_swh,swh_Latn,rag_Latn,Pale msalabani,"Khu msalaba, khale.",general_prose
kentrans_809_swh,swh_Latn,rag_Latn,"Nina furaha kwa sababu alisema,","Inze nyanzanga kigira ya voola,",general_prose
kentrans_2770_swh,swh_Latn,rag_Latn,LALA,NDOOLO,general_prose
kentrans_2422_swh,swh_Latn,rag_Latn,Amini Yesu peke yake,Usuviri Yesu yengine,general_prose
kentrans_160_swh,swh_Latn,rag_Latn,"""MTOTO AKIWA TUMBONI HUIGA TABIA YA WAZAZI”",MWANA NAVE MUNDA AMAYIGA IMIIMA JA VIVURI,general_prose
kentrans_3_swh,swh_Latn,rag_Latn,Mkia wa kondoo,Msembe gwi rigondi,general_prose
kentrans_886_swh,swh_Latn,rag_Latn,Ametuokoa,U ku sooye.,general_prose
kentrans_2341_swh,swh_Latn,rag_Latn,Iliyomwagika msalabani,"Agatadza ku musalaba,",general_prose
kentrans_1648_swh,swh_Latn,rag_Latn,Akawaza na kuamua kuwaita watu wa ukoo wake pamoja na majirani ili wamuage.,Yaganagana nuvulahi aviiko veeve vaatse kumulola halala navayayi veridaala vamusiivule.,general_prose
kentrans_1831_swh,swh_Latn,rag_Latn,Wasichana wangeweza kujiunga pamoja ili kutafuta kilichotumika kama chumvi ya zamani.,Avana vakana vali vanyala kwiyunga halala vatsia kukalaga umunyu.,general_prose
kentrans_1970_swh,swh_Latn,rag_Latn,Wavulana waliojiona wanaweza kupigana na wavulana wa ukoo mwingine walikuwa wakienda kukutana kisha wanapigana.,Avayai averolanga vadukani kulwana na vayai volosoma lundi vatsitsanga kutuumba na volosoma lundi vaatsa kutuumba.,general_prose
kentrans_1091_swh,swh_Latn,rag_Latn,Kila kiumbe chakutegemea,"Nyasaye; kase u lindanga vyosi,",general_prose
kentrans_1596_swh,swh_Latn,rag_Latn,Watu hawa ni wa tabia zipi?,9. Aviguliri nivandu valuganoki?,general_prose
kentrans_2749_swh,swh_Latn,rag_Latn,Ni shangwe tele.,Vayayii woo!,general_prose
kentrans_54_swh,swh_Latn,rag_Latn,Kuuitana kwa watu wa ukoo,Lilaang'ana Lia Vandu Mu Vwiiko,general_prose
kentrans_3674_swh,swh_Latn,rag_Latn,Na kutuacha kwa muda huu mwingi?,Nokukuleka inyinga yiyi intambi?,general_prose
kentrans_1968_swh,swh_Latn,rag_Latn,Kamba ilikuwa ikifungwa kwenye kiwanja kizuri mahali ambapo koo mbili au tatu zilikuwa zikikutania.,Mugoye gwavohangwa mu kiguti kirahi ahavandu ve tsisoma tsiviri naho tsivaga tsivuganiranga.,general_prose
luhya_multi_65_multi_swh,swh_Latn,rag_Latn,"Babu asante. Hadithi ilikuwanzuri, hata kama ni ya kuhuzunisha kwa kifo cha Kaleefu.","“Kuuka, orio muno. Olukanolwo lubeele olulayi, kata nululi olweshibeela khulwa okhufwa khwa Kallefu.",Conversational
kentrans_855_swh,swh_Latn,rag_Latn,Tutaona uso wake;,Ku la lola mmoni mwimwe;,general_prose
kentrans_3436_swh,swh_Latn,rag_Latn,"Ametandika wavu aninase miguu, amenirudisha nyuma.","A vambuye muluvo kuduka kugumira virenge vyange, u nziranya inyima.",general_prose
kentrans_1441_swh,swh_Latn,rag_Latn,Musa alipiga kengele,Musa akubaanga egengere.,general_prose
kentrans_3276_swh,swh_Latn,rag_Latn,"Ndiposa Baraka ya sulu mke wa Lapidothi ndiye aliyeamua kutoka juu mlima wa Taboru,sababu Israeli wakati huo.","Kunangwa Baraka ya sulu mukali wa Lapidothu, niye ya kala-nguta kutulwa mu kigulu kya Taboru, gira Israeli inyinga yeyo.",general_prose
kentrans_2512_swh,swh_Latn,rag_Latn,Nina nyumba yangu sitoki ndani -Kaburi,Mbeye ne inyumba yange ndulamu kandi mba - Kirinda,general_prose
kentrans_1659_swh,swh_Latn,rag_Latn,"Kijana aliyetoroka ndiye aliyekuwa ameiba, alithania kuwa Yule alitaka kumrusha","Muyayi wiiruka niye waali niyiiva, nayasuuviraa musakulu tsana yetegekaa kumulasa",general_prose
kentrans_1646_swh,swh_Latn,rag_Latn,"Zaidi ya miaka 12 iliyopita, paliishi mzee mmoja aliyekuwa na mali nyingi sana.",Lero giviti mihiga giduuka makomi gatano nagiviri Yaaliho musaakulu mulala waali mutugi muno.,general_prose
kentrans_798_swh,swh_Latn,rag_Latn,Bethlehemu,Bethiehemu,general_prose
kentrans_1924_swh,swh_Latn,rag_Latn,Hapo pia ndipo walipokuwa waking’oana ndevu.,Nu muluhya yimu mwavihaniranga tsinderu.,general_prose
kentrans_1133_swh,swh_Latn,rag_Latn,"Kwa sababu ya waumini, twashukuru sana","Kigira ve livugana, kusantidia munono.",general_prose
kentrans_2789_swh,swh_Latn,rag_Latn,MWANAMKE NA KUKU.,MUKEERE NE NGOKO,general_prose
kentrans_1375_swh,swh_Latn,rag_Latn,Alifika kuniokoa,Yadza ku mbonnya;,general_prose
kentrans_1515_swh,swh_Latn,rag_Latn,Bakora,Imbiimbu,general_prose
kentrans_837_swh,swh_Latn,rag_Latn,"Alikufa kwa ajili ya dhambi zetu,","Gehaana ni gerwa khulwefwe,",general_prose
kentrans_3419_swh,swh_Latn,rag_Latn,"Katika siku za mateso yake na kutangatanga,Yerusalemu hukumbuka hazina zote ambazo zilikuwa zake siku za kale.","7 Yerusalemi yidzulitsanga mu madiku gelidambizwa lilye na galikenye lilye, yidzulitsanga vindu vivye vyosi vyokuyanzidza vya li ho kutwula ku madiku ga kale.",general_prose
kentrans_2411_swh,swh_Latn,rag_Latn,Kumbuka Mungu huona nyoyo zetu,Umanye Nyasaye ahenza mumwoyo,general_prose
kentrans_2745_swh,swh_Latn,rag_Latn,Tabia nzuri hufurahisha wazazi,Miima mirahi giyanzitsa avivuli.,general_prose
luhya_multi_61_multi_swh,swh_Latn,rag_Latn,"Tukafanya ambayo mweza wa Musa aliwaambia watu kuwa, muda wote mungu wetu alituahidi.","""Khwakhola niko Wele Omunyali Owa Musa aboolela babaandu ali, ""Siise Bioosi Wele wefwe akhulaka.",Conversational
kentrans_1010_swh,swh_Latn,rag_Latn,"Omba kwake Yesu, Atulipiaye.","Saala ku Yesu, Mutungiri.",general_prose
kentrans_399_swh,swh_Latn,rag_Latn,Hakuruhusiwa kuguza ile nyama,Kandi inyama yiyi siadila ku mba.,general_prose
kentrans_3583_swh,swh_Latn,rag_Latn,"Nililiitia jina lako, Ee Bwana, kutoka vina vya shimo.","55 Ndanira lieta lilyo, O, Yahova, kutwula ha inyumba ya hasi ligali.",general_prose
kentrans_729_swh,swh_Latn,rag_Latn,Kumfuata Yesu Mungu wangu?,Khu mulonda Yesu Mwami wange?,general_prose
kentrans_432_swh,swh_Latn,rag_Latn,Wanafunzi hawakulipa karo.,Avana si vatunganga ifisi dave,general_prose
kentrans_293_swh,swh_Latn,rag_Latn,Walio na milima nchini mwao wanapaswa kushukuru Mungu na wajue,Avaveye ne vigulu mukivala kyavo vadukana vasanditsi Nyasaye na vamanye ikivu vigulu.,general_prose
kentrans_3606_swh,swh_Latn,rag_Latn,"Wakuu wake walikuwa safi kuliko theluji, walikuwa weupe kuliko maziwa.","7 Avanene veve va li avesiyeku kuvita likonza, Va li avalavu kuvita maveere.",general_prose
kentrans_146_swh,swh_Latn,rag_Latn,Ikiwa mtoto huyu anaelewana na mama yake tumboni huwa anaishi hapo Hadi miezi tisa Kisha anazaliwa,Niiva umwana uyu vahulitsana na mama wewe muinda amanya avamu kudu mieli tisa jiduka mana nyia.,general_prose
kentrans_2159_swh,swh_Latn,rag_Latn,Tena atadai alilolipa kwao,"Kandi alavanza kisalya kuvo,",general_prose
kentrans_2715_swh,swh_Latn,rag_Latn,Kikitazama.,Ne kehengera,general_prose
kentrans_1214_swh,swh_Latn,rag_Latn,Hakika kweli ndiye Bwana,"Kigira a veeye Umwami,",general_prose
kentrans_2215_swh,swh_Latn,rag_Latn,Yapendeza kwake ulitubu dhambi,"Wakola vulahi niwiganira vwoni,",general_prose
kentrans_2934_swh,swh_Latn,rag_Latn,Muhonja fungua mlango,Muhonja higula muliango,general_prose
kentrans_340_swh,swh_Latn,rag_Latn,"Na mtoto angepatikana wazazi wakizozana na mambo mengine mabaya, mtoto huyo alizaliwa na kiburi na uovu hata na uchokozi na kupigana na wenzake mara kwa mara.",Navutswa umwana yahelitswa no mulikubana na agandi amang'ana amavii umwana uyu yivulwa nekilage ne kivi kyosi kali novulumindi nelikubana na vandi kazozo.,general_prose
kentrans_2354_swh,swh_Latn,rag_Latn,Wewe uliye na kiburi,Okolanga kehenyehenye,general_prose
kentrans_266_swh,swh_Latn,rag_Latn,Tena mtoto akiwa tumboni mwa mwanamke usiseme atakuwa tu humo.,Kandi umwana naveye munda yo mundu mkali utavola aligunza mu vutswa dave.,general_prose
kentrans_3366_swh,swh_Latn,rag_Latn,Ilikuwa na nguru kwa Jabin kiongozi wenu wanao keti kwenye ngozi Kanani kufika alikoteswa wanaotembea kwa Jabim mkuu wa Kanani,"17 gwa li netsingulu ku Jabin mwami wa Mwinye avikalanga ku visero Kanani,kuduka iwa va dividza Nomwinye ava gendaga ku jabin mwami wa Kanani.",general_prose
kentrans_1826_swh,swh_Latn,rag_Latn,Kuketi ukiwa umebeba mtoto au kumpakata huku ukimlisha ndizi.,kwikala no mwana ku magulu naho kuhagata nu kumulihitsa ligomia.,general_prose
kentrans_272_swh,swh_Latn,rag_Latn,MKE,MUKALI:,general_prose
kentrans_721_swh,swh_Latn,rag_Latn,Usikie leo hii,U hulire nunundi.,general_prose
luhya_multi_99_multi_swh,swh_Latn,rag_Latn,"Wakati mtaingilia kwa nchi ambayo nabii alizungumza, kisha mungu mweza wa vyote, mungu wenu ambia watu kuwa kitu ambacho mimi niko nawapatia nyinyi","""Nga ne mulengila mu sibala nisio omung'oosi nisio alomaloma, mala Wele Omunyali Owa Bioosi, Wele wenywe boolele babaandu buli siindu nisio ese alikho amuelesia enywe, mukha- mulaka.",Conversational
kentrans_245_swh,swh_Latn,rag_Latn,Hamna mwanamke yeyote awezae kupata ujauzito bila kuona hedhi kila mwezi ili mwezi umutakase katika kupata ujauzito.,Sihali ho no mukali unyala kuhelitsa umwana nivatagani no mweli ku umweli gumusalisi mulihelitsa lilie mba.,general_prose
kentrans_3587_swh,swh_Latn,rag_Latn,"Umeona, Ee Bwana, ubaya niliotendewa. Tetea shauri langu!","59 O Yahova, u Loli likolerwa lidamano lyange, kalaga likuva lyange.",general_prose
kentrans_477_swh,swh_Latn,rag_Latn,Kuni za kutumiwa kumchoma zilipasuliwa na kuwekwa nyumbani hapo.,Tsingu tsiokusamba tsiasiagwa no kotegekwa hango hene.,general_prose
kentrans_2158_swh,swh_Latn,rag_Latn,Sasa atajitenga nao,"Kalunu alisunda ihale kuvo,",general_prose
kentrans_3520_swh,swh_Latn,rag_Latn,"Tazama, Bwana, uangalie, Ni nani uliyemtenda hayo!","20 Lola, o, Yahova, Henza, Ni bwaha wa u koleye ndiyo!",general_prose
kentrans_3422_swh,swh_Latn,rag_Latn,"Wote waliomheshimu wanamdharau, kwa maana wameuona uchi wake.","Yavo Ava li Ni VA mwidzominya va mu lega, kigira va Loli kyahonyo kikye.",general_prose
kentrans_844_swh,swh_Latn,rag_Latn,Tunashangaa kwa sababu anafurahi,Ku genya kigira a yanza,general_prose
kentrans_1971_swh,swh_Latn,rag_Latn,Mmoja anamtafuta mwingine kwenye koo lingine na kumchagua,Mulala ahenza undi mu lusoma lundi ma amutovola.,general_prose
kentrans_3205_swh,swh_Latn,rag_Latn,Ndimu telezinayu kali.,Indimu inderere indulu.,general_prose
luhya_multi_72_multi_swh,swh_Latn,rag_Latn,Mumesikia jinsi Kaleefu alivyosema sana jinsi atakavyokufa.,“Muhuliile shinga Kallefu yaboola-boolanga shinga olwalifwa,Conversational
kentrans_1859_swh,swh_Latn,rag_Latn,Kuweka alama mwilini ilikuwa tambiko walilopitia wasichana.,Tsisaate gwali umwima gwa vakaana vavitiranga mu.,general_prose
kentrans_2785_swh,swh_Latn,rag_Latn,Mlezi chukua mtoto,Muleri koole mwana.,general_prose
kentrans_251_swh,swh_Latn,rag_Latn,Nazo zote huchomoza mashariki na kutua magharibi amboko hulala zikiafikiana ju ya majukumu yao,Na vyosindio vitula ivuugwe ma vitsia imadioli wa vigona nivihulitsana ku miyinzi jiavo.,general_prose
kentrans_546_swh,swh_Latn,rag_Latn,Walitumia neon “Mwiko” kama:,Vatumi kiranga ling’ana “mujiru” kuli:,general_prose
kentrans_763_swh,swh_Latn,rag_Latn,Njoo mwenye dhambi itika,Udze mwoni bugirira,general_prose
kentrans_311_swh,swh_Latn,rag_Latn,Mwanaume anapofariki huzikwa alipozaliwa,Mundu musatsa nakutsa atevangwa ahayivulwa,general_prose
kentrans_1180_swh,swh_Latn,rag_Latn,Na neema zake,"Khandi tsimbabasi,",general_prose
kentrans_1501_swh,swh_Latn,rag_Latn,Walitawala watu kwa miaka mingi.,Valinda avandu mihiga minyingi.,general_prose
luhya_multi_2_multi_swh,swh_Latn,rag_Latn,UGONJWA WA KORONA,. OBULWAYE BWA KORONA.,Conversational
kentrans_16_swh,swh_Latn,rag_Latn,Wa Mang'ure,A mang'ure,general_prose
kentrans_3323_swh,swh_Latn,rag_Latn,"6 katika siku za shamkari mtoto kutoka Zebuloni,amewashika.","6 Mu madiku ga Shamigari mwana Nokutwula Zebuloni, ava guni",general_prose
kentrans_2710_swh,swh_Latn,rag_Latn,Twendeni tuombe.,Gendi kusale.,general_prose
kentrans_3067_swh,swh_Latn,rag_Latn,Daudi …………,Daudi yahana galana,general_prose
kentrans_364_swh,swh_Latn,rag_Latn,Hata baharini ni vivyo hivyo jinsi ilivyo na mlima.,Kandi munyanza gaveye vutswa malala mele kuli ago kuvigulu.,general_prose
kentrans_183_swh,swh_Latn,rag_Latn,Mamgure?Mangure mtoto wa Ngwegwe,Mangure? Manguure Ngwegwe,general_prose
kentrans_1243_swh,swh_Latn,rag_Latn,"Imbeni, sifuni Bwana, wapendwa wa Mungu","Yimbi, mwidzominye Mwami, vandu va yanzeywi.",general_prose
kentrans_2898_swh,swh_Latn,rag_Latn,Alichukua wembe akaweka chumbani kasha akaondoka.,Yavugula logembe nivika munyumba manetsia.,general_prose
kentrans_1170_swh,swh_Latn,rag_Latn,Kwa neema zake,Khu tsimbabasi yitsi.,general_prose
kentrans_1231_swh,swh_Latn,rag_Latn,Tufunike sisi sote,"U ku kunike voosidza,",general_prose
kentrans_2822_swh,swh_Latn,rag_Latn,MAMA NIPE MBEGU ZA MKUNDE,MAMA MBE TSIMBINDI,general_prose
kentrans_638_swh,swh_Latn,rag_Latn,"Uwe unamwambia, asanti","U mu voleranga ku, Hasante",general_prose
kentrans_1518_swh,swh_Latn,rag_Latn,Wembe hunyoa nywele.,Lugembe luvega liisu.,general_prose
kentrans_402_swh,swh_Latn,rag_Latn,Mwanamke wakati mwingine anaeza kuambulia ujauzito ama kubeba mimba kama hajaona damu yaani wakati wa hedhi jinsi wamaragoli wa zamani walikuwa wakisema,Mundu mukali inyingi yindi anyala kuveleka naho kuhelitsa umwana nataloli amasahi yaani natatsiyi mumweli kuli avalogooli vakale vavolandi.,general_prose
kentrans_977_swh,swh_Latn,rag_Latn,Mwana wa Mungu mpendwa.,Mwana wa Nyasaye Muderwa.,general_prose
kentrans_2563_swh,swh_Latn,rag_Latn,Nina mzungu wangu ananifanana - Picha,Mbeye no musungu wange yafanana na inze - Ipicha,general_prose
kentrans_2557_swh,swh_Latn,rag_Latn,Mto wangu haupungui maji -Kifo kipo,".Kidaho change kigetsa amatsi dave - Kukutsaa, kulitsaa",general_prose
kentrans_751_swh,swh_Latn,rag_Latn,"Mimi niliyekuwa nimepotea,","Inze iwa nda diva bei,",general_prose
kentrans_857_swh,swh_Latn,rag_Latn,Kwa sababu ya furaha yake.,Kigira buyanzi bwibwe.,general_prose
kentrans_1573_swh,swh_Latn,rag_Latn,Walichukua kijiti wakaingiza kwenye maharagwe na kuonja wote,Vaavugula kisaala nivina mumuduya manivatsatsamaku vosi.,general_prose
kentrans_137_swh,swh_Latn,rag_Latn,Mtoto huyu ambaye amezaliwa angekupa muda mchache utafute jina linalomfaa,Umwana mwene wivuliywi uyu akuhetsa uvwiyangu vokekeke wenyelitsi ilieta lidukana naye.,general_prose
kentrans_652_swh,swh_Latn,rag_Latn,Afe msalabani,A kudze ku musalaba.,general_prose
kentrans_335_swh,swh_Latn,rag_Latn,Maanake wakati wa kuchimba kaburi hakupaswa kulia.,Kigira sigenyekana ulwavatsitsa kutema kilova ave nasioma anaho nalila amaliga dave.,general_prose
kentrans_391_swh,swh_Latn,rag_Latn,Ilikuwa ni mwiko kwa mwanamke kuongoza tambiko na hata kutakasa.,Gwalange umujiru umunene ku mkali kusingila naho ukuvida.,general_prose
kentrans_2943_swh,swh_Latn,rag_Latn,Kwa sababu ya kazi nyingi za nyumbani iliwabidi watafute mlezi anayeweza kumlea mtoto wao,"Kigira miyinzi minyingi jia hango, galoleka vahenzi umuleri unyala kuvalelera mwana wavo",general_prose
kentrans_1872_swh,swh_Latn,rag_Latn,"Mganga wa kienyeji alikuwa akimketisha chini na kuweka ngozi ya mnyama chini na kuleta mawe yake na kuanza kuyachezesha kwenye ngozi hiyo na kuuliza maswali hivi, je, una kuku aliyechinjwa na kukatwa vipande?","Mukumu yamanya amwikalitsa hasi maavika keseero chiche hasi maaleta magina gege atanga kukina nago kokeseero na muteva amateva kuli ndi, oveye ku ne ngoko isasage?",general_prose
kentrans_3452_swh,swh_Latn,rag_Latn,Wasichana bikira wangu na wavulana wangu wametekwa.,Avakana vagima vange na vayai vange va tsiye my lyadikidzwa.,general_prose
kentrans_735_swh,swh_Latn,rag_Latn,Sisi sote tumpenda;,Kwinye kwosi ku mu yanze;,general_prose
kentrans_1087_swh,swh_Latn,rag_Latn,Mungu Baba Mfalme mwenye enzi,"Yahova Mwami Nyasaye Munene,",general_prose
kentrans_3497_swh,swh_Latn,rag_Latn,Hapo wazimiapo kama waliojeruhiwa Katika mitaa ya mji.,Lwa VA kudzanga kuli avaateywi tsingoma ku mahasi ya madala.,general_prose
kentrans_3278_swh,swh_Latn,rag_Latn,"15 Na Mungu akawaachilia sisera na Rama kwa Beth-eli katika dunia ya magari yake yote.Na vita vya ke vyote, vilima vya Efraim watoto wa Israeli kwa makali ya upanga mbele ya Baraka: Wakapanda kwenda kwa Debora Kuamua na Sisera akashuka katika gari lake na akakimbi","15 Na Yahova ya salanya Sisera, na ha Rama ha Beth-eli mu kivali kye-magari gege gosi,nelihe lilye lyosi, vigulu kya Efiraim: Navana va Israeli nobwogi bwekivali imbiri wa Baraka: Vanegira kutsia ku Debora kukala- na Sisera yika ku ligari lilye,na girwa.",general_prose
kentrans_1613_swh,swh_Latn,rag_Latn,Anakamuna alimfundisha mamake wimbo huu.,Anakamuna kaamanya nikamwigitsa Iwimbu yiru:,general_prose
kentrans_3521_swh,swh_Latn,rag_Latn,"Je! Wanawake wale mazao yao, Watoto waliowabeba?","Avakali va lie lwivulo lwavo, avana va va lera mu makono gavo?",general_prose
kentrans_3183_swh,swh_Latn,rag_Latn,"Musiweke mikuki, visu, …………………………………… vizuri",Muvule kuta matimu nemivano namahalo muvitu mekire vulahi,general_prose
kentrans_1161_swh,swh_Latn,rag_Latn,Uwakao kwa nguvu za Mungu,"Ogwakhana ni mwami,",general_prose
kentrans_1272_swh,swh_Latn,rag_Latn,FURAHA KWA ULIMWENGU,UBUSANGALI BU VE KU LIROVA,general_prose
kentrans_2585_swh,swh_Latn,rag_Latn,Tega nitege -Mwiba,Tega ngetege - Lifwa,general_prose
kentrans_1560_swh,swh_Latn,rag_Latn,Alipowaleta nyumbani mama na mtoto waliwapenda,Yaagaleta hango namama numwana vagayaanza.,general_prose
kentrans_1805_swh,swh_Latn,rag_Latn,Mvulana ambaye hajatahiriwa hakuruhusiwa kuoa.O:Mundu si yavalitsangwa nu mundu uduki nakikiri kokevwa dave. Mtu hakuhesabiwa kama mtu mzima kama hajapashwa tohara.,Muyai si yali anyala koleta mukali nakikiri kokevwa dave,general_prose
kentrans_3438_swh,swh_Latn,rag_Latn,"Kongwa la makosa yangu, limefungwa na mkono wake.","14. Inira ya mahyolo gange, mukono gwigwe gu gi bohi.",general_prose
kentrans_339_swh,swh_Latn,rag_Latn,"Tena mtakapo kutana kimwili, muwe na furaha kubwa, maanake mtoto atakayezaliwa hukua na kuwa mtoto mzuri Zaidi na wa maana kushi naye na huwa utukufu kwa Mungu.","Kandi ulwa mwenya kuva halala, muve novuyanzi ovonene vwene, nyima nimuhelitsa umwana maaviluki avetasa umwana umulahi ligali no wekivuni kumenye nei hili na ku Nyasaye.",general_prose
kentrans_216_swh,swh_Latn,rag_Latn,Na saa sita mchana hawakuwa wakitibu wala kubariki.,Na niviti saa sita ya mmbasu sivavida naho sivasalisa mba.,general_prose
kentrans_1392_swh,swh_Latn,rag_Latn,Namuamini yesu hata sasa,Na Suuviranga Yesu nunu,general_prose
kentrans_3177_swh,swh_Latn,rag_Latn,"Walipigana kwa mikuki, visu ,nyuta na njora.",Vaakubanira matimu nemivano novuta nevivaavi.,general_prose
kentrans_3578_swh,swh_Latn,rag_Latn,hadi Bwana atazame chini kutoka mbinguni na kuona.,"50 kuduka Yahova yumike, nokulola kutwula migulu ha a veye.",general_prose
kentrans_2514_swh,swh_Latn,rag_Latn,Chungu kichafu -Kaburi,Inyingu ya babira - Kirindwa,general_prose
kentrans_3669_swh,swh_Latn,rag_Latn,Kwa ajili ya mliza zayuni ulioachwa.,"18 Kigira kigulu Kya Zioni, yiki kyalekwa vutswa.",general_prose
kentrans_2615_swh,swh_Latn,rag_Latn,Nkilala najiona ulaya -Ndoto,"Ngonaanga, na mbeye ivulaya - Maloto",general_prose
kentrans_102_swh,swh_Latn,rag_Latn,Kando ya boma panda mianzi izuie maovu,Mmugitsi usimiki haambeta musaalagwa kulaanganga kiduundu gulakukingila,general_prose
kentrans_2763_swh,swh_Latn,rag_Latn,Naenda kuita mtoto,Nzia kulanga kanasimba nzie nzie,general_prose
kentrans_172_swh,swh_Latn,rag_Latn,Nakusihi uulizie kwa kuzaliwa kwako watu wangapi wamezaliwa na kufikisha rika saba au kumi kama walivyozaana hapo awali,Yanza utevelitsi mulivulana lilio avandu vakwivula ni vaaha ukuduka kumakura gaduka saba naho likumi halala ni ibili yoyo kuli yivulana,general_prose
kentrans_108_swh,swh_Latn,rag_Latn,MWANAUME NI JUAAMA MWANGA WA ULIMWENGU NA INABIDII KUKAA HIVYO,MUNDU MUSATSA AVEYE ILIUVA NAHO UVULAVU VWE LILOVA GADUKANA OVEE KULI NDI,general_prose
kentrans_2708_swh,swh_Latn,rag_Latn,Twendeni tuombe,Gendi kusale,general_prose
luhya_multi_118_multi_swh,swh_Latn,rag_Latn,Mtu yeyote anayelala na dadake msichana alaaniwe.,“Omundu yesi yesi okona ne waandaye omukhaana alaamwe.,Conversational
kentrans_2824_swh,swh_Latn,rag_Latn,Mama nipee mbegu za mkunde niende kupanda,Mama mbe tsimbindi nzie kumitsa.,general_prose
kentrans_2588_swh,swh_Latn,rag_Latn,Mlima wangu unatoa moshi -Mavi,Kigulu change kivuya mwoki - Amavi,general_prose
kentrans_2906_swh,swh_Latn,rag_Latn,Siku iliyofuata mwewe alikuja tena akachukua motto mwingine wa kuku.,Lidiku lialondaku liive liatsa kandi nilivugula mwana wundi we engoko.,general_prose
kentrans_3257_swh,swh_Latn,rag_Latn,NDIEGU NA MTOTO,DIEGU NU MWANA,general_prose
kentrans_2595_swh,swh_Latn,rag_Latn,Kile wanawake hawali kwa ndege -Firigisi,Cha vakeere vatalitsa mu manyonyi - Emondo,general_prose
kentrans_2881_swh,swh_Latn,rag_Latn,Alinusianusia na akajua kuna uwezekano wa simba kuwa ndani ya pango hilo.,Chafunyilitsa malusu nikimanya isimba ifws yingiyi mu luhangaywa.,general_prose
kentrans_2975_swh,swh_Latn,rag_Latn,Ona nzige ………,Lola Lidede Lideeden',general_prose
kentrans_3532_swh,swh_Latn,rag_Latn,"Amechakaza nyama yangu na ngozi yangu, amevunja mifupa yangu.","4 U koli inyama yange neligodo lyange kuva vikulu, u vunanyi vigumba vyange.",general_prose
kentrans_1088_swh,swh_Latn,rag_Latn,Mungu mwenye nguvu zote,U veeye netsingulu tsyosidza;,general_prose
kentrans_2353_swh,swh_Latn,rag_Latn,Muheshimu yule atakae tuokoi,Mutie mundu umuhonya,general_prose
kentrans_1576_swh,swh_Latn,rag_Latn,Nyanya huyo alikuwa akipumzika katika chumba cha kulala.,Mkeere uyo yiivisa havuliri mumalala naagonaho galaha.,general_prose
kentrans_3236_swh,swh_Latn,rag_Latn,Nyota hung’aa.,Eng'ereng'ani yaakanga vudiku.,general_prose
kentrans_482_swh,swh_Latn,rag_Latn,"Japo kaburi siku hizo hazikuchimbwa kwa kimo kirefu, bado ilikuwa shughuli nzito","Kaliva vilindwa vive siviayavangwa musi ligali kuli kalunu, navutswa gwalange muyinzi mudinyu.",general_prose
kentrans_2742_swh,swh_Latn,rag_Latn,Mungu aliumba binadamu.,Nyasaye yaalomba mumbu.,general_prose
kentrans_2841_swh,swh_Latn,rag_Latn,YANAYOTANGULIA,AGOKUTANGA,general_prose
kentrans_1817_swh,swh_Latn,rag_Latn,Watu jasiri waliweza kuvumilia tohara hii.,Ageligali vali avandu valuviriri avali vanyala kwikutsira ku muvano kuli ndi.,general_prose
kentrans_3102_swh,swh_Latn,rag_Latn,Haka katoto kanatoroka.,Akaana yako kiirukaa,general_prose
kentrans_3211_swh,swh_Latn,rag_Latn,Popo ni ndege au ni mnyama?,Linyinya nerinyonyi naho nenyama?,general_prose
kentrans_2671_swh,swh_Latn,rag_Latn,Mchungaji aliniuliza,Mwayi mwene yandeva,general_prose
kentrans_2640_swh,swh_Latn,rag_Latn,Ukoko umenukia.,Kalondo kafunyi,general_prose
kentrans_406_swh,swh_Latn,rag_Latn,"Nyota ni watoto,jua ni baba na mbalamwezi ni mama wanafikiria hivi (JUA IKITUA USIKU ) na MBALAMWEZI akienda kujifungua huwa zinaongoza mbingu na nchi",Tsing’erengani tsiveye mu itsia ILIUVANA NO MWELI (Baba na Mama) vatsisuvila ndi (ILIUVA NILIGOLOVI VUDIKU) na MWELI nigutsiyi mu Maternity Leave Itsikola nitsiamiha iligulu ne lilova.,general_prose
kentrans_784_swh,swh_Latn,rag_Latn,Atatusaidia kabisa.,Ala khu khonya ligali.,general_prose
kentrans_2866_swh,swh_Latn,rag_Latn,Upashaji tohara wa wamaragoli,Ekekevo cha muloogoli,general_prose
kentrans_98_swh,swh_Latn,rag_Latn,"Ukijenga nyumba,mlango uwekwe mashariki",Inyumba kwuumbaka wuumbake inyuumba yoyo umuliaango gu henze ivugwi,general_prose
kentrans_1383_swh,swh_Latn,rag_Latn,Aliyekuja kuniponya,Yadza kumbonnya.,general_prose
kentrans_3030_swh,swh_Latn,rag_Latn,……. Ile moja iko kwa ukuta,Logera lulala lula luveeye kuludiigi,general_prose
kentrans_3537_swh,swh_Latn,rag_Latn,Ameziziba njia zangu kwa mawe yaliyochongwa; Ameyapotosha mapito yangu.,"9 U hani Tsinzira tsange na magina ga vadzwa , u kyaminyi Tsinzira tsyange.",general_prose
kentrans_2550_swh,swh_Latn,rag_Latn,Tumekutana na shangazi kama amebeba matawi -Dudu manyoa,Kwagani na senge nagingi amalala - Liisa,general_prose
kentrans_2249_swh,swh_Latn,rag_Latn,makosa yote muliotenda,Kuvudamanu vwamwakora vwosi.,general_prose
kentrans_2712_swh,swh_Latn,rag_Latn,TABIA ZA WAMARAGOLI,VINDU VYA MULOOGOLI,general_prose
kentrans_149_swh,swh_Latn,rag_Latn,Kuishi vizuri au vibaya kati ya mama na mtoto huanzia tumboni,Liva lio mwana na nyia w uvulahi novudamanu vutanganila munda.,general_prose
kentrans_29_swh,swh_Latn,rag_Latn,Wa kaviri,A kaviri,general_prose
kentrans_2642_swh,swh_Latn,rag_Latn,Kamenukia kwa mwamba,Kafunyi ha mwamba.,general_prose
kentrans_2553_swh,swh_Latn,rag_Latn,Mama nibebe -Kitanda,Mama nginga - Kidali,general_prose
kentrans_717_swh,swh_Latn,rag_Latn,Umfuate Yesu leo hii,U mu londe Yesu nunundi;,general_prose
kentrans_1438_swh,swh_Latn,rag_Latn,Inyama ulipanda wapi nyanya yako?,Inyama Wataaga haliki inyaanya yoyo?,general_prose
kentrans_1901_swh,swh_Latn,rag_Latn,"Wakati huu, haikuwa rahisi kusonga ugali kutoka kwa mahindi.",Inyinga yene yiyi si vwali vodoto kolomba uvukima kutula ku maduma dave.,general_prose
kentrans_2646_swh,swh_Latn,rag_Latn,Ukoko una uchoyo Eee! Ukoko.,No mwimani kalondo eee! Kalondo,general_prose
kentrans_1651_swh,swh_Latn,rag_Latn,"Aliporejea, bibi yake akamusimulia jinsi wezi walivyoiba pesa zake.",Lwayilarana mkeere weeve naamuvoolera kuli aviivi viiva tsisiringi.,general_prose
kentrans_726_swh,swh_Latn,rag_Latn,"Yesu aliamka, mshindi wetu","Yesu ya vukha, muguurhi werhu",general_prose
kentrans_1760_swh,swh_Latn,rag_Latn,Si wote watu walikuwa wakiumwa,ku mundu wosi valumangwa dave.,general_prose
kentrans_455_swh,swh_Latn,rag_Latn,Mwanamke kutawanya mbegu na mwanaume kuzifukia,47. Mukali kumiza mulimi avikula vatage.,general_prose
kentrans_2194_swh,swh_Latn,rag_Latn,Sasa wametubu zao dhambi,"Kalunu vamali kwiganira uvwoni,",general_prose
kentrans_3322_swh,swh_Latn,rag_Latn,Teremka,"Sulunguta,",general_prose
kentrans_633_swh,swh_Latn,rag_Latn,Aliye kuwa kwenye msalaba,Wa Ii ku musala,general_prose
kentrans_168_swh,swh_Latn,rag_Latn,Nyota ilikuwa Yesu Kristo.,Engerengani yaali Yesu Kristo.,general_prose
kentrans_755_swh,swh_Latn,rag_Latn,Waliopotea kuwaonyesha,Avadivi kuvamunnya,general_prose
kentrans_2773_swh,swh_Latn,rag_Latn,Mama akienda matembezi,Mama natsiye kuvaya.,general_prose
kentrans_3437_swh,swh_Latn,rag_Latn,"Amenifanya kuwa pekee, na mgonjwa mchana kutwa.","U nkoli kuva tsyeng'ine, Kandi mulyaye mbasu Bei.",general_prose
kentrans_2570_swh,swh_Latn,rag_Latn,Askari kwenye gari la polisi -Vijiti vya kiberiti,Vasikali mu Landirova - Visaala vie kibiriti,general_prose
kentrans_1674_swh,swh_Latn,rag_Latn,Wavulana wengi walitaka kumpa posa na mahari,Avayayi yanyingi veenya kumukwa.,general_prose
kentrans_611_swh,swh_Latn,rag_Latn,Kifo alichotufia,Likudza ya ku kudzira,general_prose
kentrans_1453_swh,swh_Latn,rag_Latn,Ukiangalia juu gizani utajigonga mguu,Niwumika yigulu mukisundi uliiduya kerenge.,general_prose
kentrans_1752_swh,swh_Latn,rag_Latn,Hutagia wapi mayai yake?,Tsiteeraa haliki mavuyu gatsio?,general_prose
kentrans_3493_swh,swh_Latn,rag_Latn,"Macho yangu yamechoka kwa machozi, Moyo wangu umetaabika.","11 Tsimoni tsyange tsi luhi kigira maliga, mwoyo gwange gu kaliki.",general_prose
kentrans_3006_swh,swh_Latn,rag_Latn,Wezi huiba vipimio / ratili,Aviivi vivaa vivava,general_prose
kentrans_1431_swh,swh_Latn,rag_Latn,Nyasi inamea penye kuna tunda.,Vulandaa ahekituunda keveeye.,general_prose
kentrans_2322_swh,swh_Latn,rag_Latn,Hatutaona kifo,Si ku la lola likudza;,general_prose
kentrans_2408_swh,swh_Latn,rag_Latn,USIFICHE DHAMBI,UTAVISA UVWONI,general_prose
kentrans_2776_swh,swh_Latn,rag_Latn,La hasha! Naenda kwetu.,Awa! Nzizanga witu.,general_prose
kentrans_2497_swh,swh_Latn,rag_Latn,Mzungu wangu akitoka kwa nyumba anatoka akiwa na njaa akirudi ameshiba - Chungu,Musungu wange natula mmba atula niinzala na niyingira mu yingira niyiguti - Isiongo,general_prose
kentrans_3088_swh,swh_Latn,rag_Latn,Ana tabia nzuri.,Aveeye nemiima mirahi,general_prose
kentrans_442_swh,swh_Latn,rag_Latn,Kwenda mahali pa sherehe baadaa ya kutoka palipo matanga,34. Kutsia hanyangi eveeye nutula halukuzu.,general_prose
kentrans_2216_swh,swh_Latn,rag_Latn,Wewe unayengojea kurudi kwa Yesu,Yivi wetegekela iliza lyo mwami,general_prose
kentrans_1351_swh,swh_Latn,rag_Latn,Mwenye pendo kwa watu wote.,A Ii nobuyanzi kuvo voosi lero;,general_prose
kentrans_3209_swh,swh_Latn,rag_Latn,Wasichana ………. wapi nyororo zao?,Avakaana haliki minyolo javo?,general_prose
kentrans_1354_swh,swh_Latn,rag_Latn,Kaiza Agostino kusajili watu,"Ku Kaisari Augusto kuug’odwa,",general_prose
kentrans_237_swh,swh_Latn,rag_Latn,Vitu vingi hufanyikavyo chini ya Juan a Jua ndilo Jicho la Mungu kwa viumbe wake,Ivindu vinyingi vikolekanga hasi he Liuva na Liuva nilyo Emoni ya Nyasaye kuvilombe vivye.,general_prose
kentrans_521_swh,swh_Latn,rag_Latn,MIIKO NA TAMBIKO,AMAHIOLO NI MIJIRU,general_prose
kentrans_760_swh,swh_Latn,rag_Latn,Nimeona uzuri wake.,Ndoli ubulahi bwe.,general_prose
kentrans_3386_swh,swh_Latn,rag_Latn,kutoka Efraim walikeremka,14 kutwula mu Efiraimu va sulunguta,general_prose
kentrans_2339_swh,swh_Latn,rag_Latn,Imani yote ni yangu.,"Lisuuviridza lyosi ni Iyange,",general_prose
kentrans_616_swh,swh_Latn,rag_Latn,Kutulipia dhambi zetu,Kutungira bwoni;,general_prose
kentrans_1353_swh,swh_Latn,rag_Latn,"Amri ilitolewa, enzi ya mfalme",Kale mmandiku yago munwa gwa twula,general_prose
kentrans_1439_swh,swh_Latn,rag_Latn,Kengele,Egengere,general_prose
kentrans_2522_swh,swh_Latn,rag_Latn,Nilienda kwa shangazi akanipikia visiki -Viazi vitamu,Ndatsia wa senge nandekera visiki - Amabwoni,general_prose
kentrans_2852_swh,swh_Latn,rag_Latn,Utani wa wamaragoli,Kuba imbaka ndogooli,general_prose
kentrans_3559_swh,swh_Latn,rag_Latn,Kwa kuwa watu hawakatiliwi mbali na Bwana milele.,31 Kigira Yahova si a la ta mihiga nemihiga.,general_prose
kentrans_947_swh,swh_Latn,rag_Latn,Nilivyopata kupitia damu yake.,Vya nda rhulidzwa mmasahi gege.,general_prose
kentrans_3214_swh,swh_Latn,rag_Latn,Bibi mvivu amefunga nyama kwenye magamba ya ndizi.,Mkali mugata yaavoha inyama mumakoola.,general_prose
kentrans_1328_swh,swh_Latn,rag_Latn,Habari njema tuikumbukapo,Lwa kwidzulitsa makuva malahi,general_prose
kentrans_3444_swh,swh_Latn,rag_Latn,"Mimi ninalia kwa sababu ya mambo haya,jicho langu, jicho langu, linatitirika machozi.","16 Inze ndiranga kigira vindu yivi, imoni yange, imoni yange, yidoolanga amadzi.",general_prose
kentrans_3659_swh,swh_Latn,rag_Latn,Nyuso za wazee hazipewi heshima.,Mumoni mwa Avakulundu si mwidzominywa mba.,general_prose
kentrans_3028_swh,swh_Latn,rag_Latn,Huyu anajufunda yake.,Uyu yiivuvaa iyeeye,general_prose
kentrans_3466_swh,swh_Latn,rag_Latn,"Bwana ameyameza makao yote ya Yakobo, na wala hakuonyesha huruma.","2 Yahova u miri ubumenyo bwosi bwa yakobo, na si ya li netsimbavasi mba.",general_prose
kentrans_3172_swh,swh_Latn,rag_Latn,Miti iliyopo huvutia.,Misaala jiveeyeho jirolekaa vulahi,general_prose
kentrans_731_swh,swh_Latn,rag_Latn,Wasioshindwa wake;,Va ta guutwa veve;,general_prose
kentrans_3332_swh,swh_Latn,rag_Latn,Kufika iwe mimi Debora nilipo,Kuduka Iwa inze Debora nda,general_prose
kentrans_772_swh,swh_Latn,rag_Latn,Alinirehemu.,Ya sungirangari.,general_prose
kentrans_1996_swh,swh_Latn,rag_Latn,Kwa mapenzi yako unikubali,Nuyanza unzingirizi.,general_prose
kentrans_2545_swh,swh_Latn,rag_Latn,Natembea na sisongi -Jua,"Ng'enda, na ng'enda mba - Liuva",general_prose
kentrans_514_swh,swh_Latn,rag_Latn,Akiwa mwanaume aangalie jinsi atalinda familia.,Naveeye mundu musatsa ahenze kuli nalindi inyumba.,general_prose
kentrans_82_swh,swh_Latn,rag_Latn,Hakupewa uongozi na pia kujengewa kando au karibu na mto,Siyahimitswanga mba kandi yumbakilwa haluvega anaho hakivanda,general_prose
kentrans_1358_swh,swh_Latn,rag_Latn,Kifungua mimba mwana wa kiume,Ya li muyai wewe wembiri,general_prose
kentrans_3151_swh,swh_Latn,rag_Latn,Walifika huko na kurudi huku vizuri.,Vaaduuka vulahi na viirana yinu vulahi,general_prose
kentrans_957_swh,swh_Latn,rag_Latn,Damu ya Yesu,Masahi ga Yesu,general_prose
kentrans_3526_swh,swh_Latn,rag_Latn,Umeziita kama katika siku ya mkutano wa makini; Hofu zangu zije pande zote.,"22 U langi, kuli mu lidiku lyelivugana, vyokutihidza vyange vi veye tsimbega tsyosi.",general_prose
kentrans_3510_swh,swh_Latn,rag_Latn,"Hakika siku hii ndiyo tuliyoitazamia; Tumeipata, tumeiona.","Ligali yili Ni lidiku Lya kwa henzereranga KU li nyoye, KU li Loli.",general_prose
kentrans_801_swh,swh_Latn,rag_Latn,"Anitaka kila mara,","Yenyanga inze nunu,",general_prose
kentrans_330_swh,swh_Latn,rag_Latn,Tena mhubiri na waliosimamia harusi walipaswa kujua maneno mambo waliyofundisha waliooana na watoto wadogo walioliofariki jinsi walipaswa kuzikwa.,Kandi ava pastor na vakolitsanga iviselelo gadukana vamanye amang'ana ga vegitsa avaletananga na avana avadoto vakutsanga kuli vayavila avana yava.,general_prose
kentrans_2245_swh,swh_Latn,rag_Latn,HESHIMU MUNGU,KUTIA NYASAYE,general_prose
kentrans_2088_swh,swh_Latn,rag_Latn,Huleta vita kati yetu,Liletanga uvulwani hagati witu.,general_prose
kentrans_987_swh,swh_Latn,rag_Latn,Mwana wa Mungu mpendwa.,Mwana wa Nyasaye Muderwa;,general_prose
kentrans_853_swh,swh_Latn,rag_Latn,Alilia kwa ajili yangu.,Ya lira kigira inze.,general_prose
kentrans_952_swh,swh_Latn,rag_Latn,DAMU,GA LI MASAHI,general_prose
kentrans_182_swh,swh_Latn,rag_Latn,Tondee mtoto wa Mangure,A –Tondee?Tondee Mangure,general_prose
kentrans_165_swh,swh_Latn,rag_Latn,Ukisoma matukio haya yatakupa hekima na maarifa.,Nosoma amakuva yaga galakuha uvugeeri nelimanya,general_prose
kentrans_1575_swh,swh_Latn,rag_Latn,Walilamba kijiti hicho kikangara,Vamena kisaala kuduuka nikirava ligali,general_prose
kentrans_452_swh,swh_Latn,rag_Latn,Mwanamke kukama ng’ombe,44. Mukali kokela eng'ombe.,general_prose
kentrans_1361_swh,swh_Latn,rag_Latn,Hata nao wachunga walikuwapo,A vayi va li ho mu kivala zana,general_prose
kentrans_1160_swh,swh_Latn,rag_Latn,Yeye aliyeumba mwezi,Niye wa lomba mweli,general_prose
kentrans_3148_swh,swh_Latn,rag_Latn,"Je, waona kama mambo haya ni sawa?",Ulolaa yaga gakaveeye malahi naho?,general_prose
kentrans_1336_swh,swh_Latn,rag_Latn,"Ni siku kuu leo, ni siku kuu leo","Ni siguku lero, ni Siguku lero;",general_prose
kentrans_328_swh,swh_Latn,rag_Latn,KUCHIMBA KABURI,KUTEMA KELOVA,general_prose
kentrans_1845_swh,swh_Latn,rag_Latn,Huu ndio wakati waliokuwa wakijifunza majina ya watu walio,Yiyi niyo inyinga yaviganga ameta ga vandu vaveye,general_prose
kentrans_3388_swh,swh_Latn,rag_Latn,"Amaleki, yeye kufika Sinai kwenyewe kukatetemeka na Benjamini, anafuata katikati","Amaleki; yeye, kuduka Sinai zana kya degera Na Benjamini, a londanga hagati",general_prose
kentrans_2094_swh,swh_Latn,rag_Latn,Sababu tumejaa dhambi sisi waombaji tu marafiki wa ulimwengu,"Kigira kusalanga novudamanu,",general_prose
kentrans_1914_swh,swh_Latn,rag_Latn,Mtakasaji angesimama hapo na kutangaza kwamba mtu yeyote muovu akipita hapo atakufa.,Musalisi yamanya asingira ho avola mundu wosi mudamano navita yaha aladiva.,general_prose
kentrans_313_swh,swh_Latn,rag_Latn,Mwanamke akiishi miaka huekwa upenuni katika chumba cha kulala mkono wa kushoto,Mundu mukali namaliyi mihiga avikangwa kulusimbu ivulili inamkono mukali,general_prose
kentrans_863_swh,swh_Latn,rag_Latn,Anawalinda siku zote.,A va linda madiku goosi.,general_prose
kentrans_1250_swh,swh_Latn,rag_Latn,"Twaimba ujio wake, twatangaza kote kote","Kwimbanga livulwa liyo, Ii landidza hoosi,",general_prose
kentrans_3612_swh,swh_Latn,rag_Latn,Mikono ya wanawake wenye huruma imewatokosa watoto wao wenyewe.,10 Makono ga vakali avetsimbavasi ga deki avana vavo Avene.,general_prose
kentrans_2544_swh,swh_Latn,rag_Latn,"Baba akitoka anatoka pekeake ,na mama akitoka anatoka na watoto-Nyota","Baba natula atula yengine, namama atula na vaana -Tsingerengani",general_prose
kentrans_2367_swh,swh_Latn,rag_Latn,Watakao niimbia wimbo mpya,Valanyimbira ulwimbu uluhya,general_prose
kentrans_2450_swh,swh_Latn,rag_Latn,YESU ANAKUJA KUCHUKUA KANISA,YESU YANZA KUVUGULA LIVUGANA,general_prose
kentrans_3146_swh,swh_Latn,rag_Latn,Yafaa hata nawe ufanye bidii.,Gaduukana yive ukole vulahi.,general_prose
kentrans_1533_swh,swh_Latn,rag_Latn,Damu kutoka kupitia vishipa hutoka moyoni kuingia mapafuni na pia mwilini.,Tugeho Masahi gatulanga mumwoyo gingira mumasuku kandi mummbiri. imbu.,general_prose
kentrans_806_swh,swh_Latn,rag_Latn,"Anitaka kila mara,",Yenyanga inze nunu.,general_prose
kentrans_830_swh,swh_Latn,rag_Latn,"Nguvu za Mungu zije kutoka mbinguni,","Wiche nefwuma ye mwigulu,",general_prose
kentrans_55_swh,swh_Latn,rag_Latn,Baba ni baba yako aliyekuzaa kabisaa ama ( Baba)Mama(m'maa) huyu ni mama yako Wa kweli aliyekuzaa naye shangazi ni dada ya baba yako.,Baba ni Baba wovo uwakwivula ligali naho (Dada) Mama (m'maa) Uyu ni mama wovo uwageligali uwakwivula Senge Uyu ni Mbotso Baba wovo.,general_prose
kentrans_1977_swh,swh_Latn,rag_Latn,Wanafanya hivyo hadi wavulana wote wenye nguvu wapigane.,Vakolanga ndyo kuduka avayai vosi ve tsingulu valwana.,general_prose
kentrans_3265_swh,swh_Latn,rag_Latn,"Majirani waliposikia jinsi alivyoenda kuomba chakula akapika na kumunyima mwanawe, walimuuliza:","Avatende lwavahulira kuli yatsia kusuma nadeka niyima umwana weve, vamuteva:",general_prose
kentrans_3421_swh,swh_Latn,rag_Latn,Yerusalemu ametenda dhambi sana kwa hiyo amekuwa najisi.,"8 Yerusalemi ya kola ubwoni ligali, kigira yaga u gwiye kuli kindu kidamano.",general_prose
kentrans_1753_swh,swh_Latn,rag_Latn,Waeleze watu ubaya na uzuri wa teleka,Voola vudamanu novukoonyi vwetsisimindwa kuvandu.,general_prose
kentrans_2394_swh,swh_Latn,rag_Latn,Watu wamemuasi Mungu,Vandu valeki Nyasaye wavo,general_prose
kentrans_3580_swh,swh_Latn,rag_Latn,Wale waliokuwa adui zangu bila sababu wameniwinda kama ndege.,"52 Va himanga inze kuli linyonyi li himangwa, Ava veye avasigu vange bukira kivuni.",general_prose
kentrans_1034_swh,swh_Latn,rag_Latn,Mwokozi wangu alinikomboa,Muyeti wange ga njosia.,general_prose
kentrans_2766_swh,swh_Latn,rag_Latn,Yamemaliza watoto kumi na mmoja.,Likomi na mulala nzie.,general_prose
kentrans_1446_swh,swh_Latn,rag_Latn,Nyota,Eng'ereng'ani,general_prose
kentrans_795_swh,swh_Latn,rag_Latn,Naomba unitengeneze kwa yote;,Nyenya u nombe mugoosi;,general_prose
kentrans_3385_swh,swh_Latn,rag_Latn,"Yee, mbingu zilidondoza maji","Yee, malesi ga tonya amadzi.",general_prose
kentrans_286_swh,swh_Latn,rag_Latn,Mke angechukua nyota huyo kumwekea ugali na kisha kumrusha nje.,Eng’ereng'ani yene yiyi umukali yavuzu uvukima avike ku Eng’ereng’ani ma asuva ichova.,general_prose
kentrans_3329_swh,swh_Latn,rag_Latn,Hivyo,Ndiyo;,general_prose
kentrans_429_swh,swh_Latn,rag_Latn,Wazee walisoma mida ya saa nane ilhali watoto walisoma mchana.,. Yavandu vakulundu isaa ya mugolova inyima wa saa nane. Na vana mugamba isaa ya mbasu.,general_prose
kentrans_2312_swh,swh_Latn,rag_Latn,Muishi kwa uangalifu,Mumenye kuli vandu vovogeli,general_prose
kentrans_747_swh,swh_Latn,rag_Latn,Aliyenishindia:,Muguutiri wange:,general_prose
kentrans_997_swh,swh_Latn,rag_Latn,"Rehema zake ni kuu,","Tsimbabasi tsitsye tsinene,",general_prose
kentrans_2503_swh,swh_Latn,rag_Latn,Nasubiri tu itengenezwe kisha nachukua -Mwizi,Nindirira vutswa olombe ma mbuguli - Umwivi,general_prose
kentrans_1036_swh,swh_Latn,rag_Latn,Uyukufu kwake,Luyali khuye,general_prose
kentrans_3563_swh,swh_Latn,rag_Latn,Kumnyima mtu haki zake mbele za Aliye Juu Sana.,35 Ku kyaminya ubulungi bwomundu imbiri womumoni mwa uyu uveye igulu ligali.,general_prose
kentrans_2616_swh,swh_Latn,rag_Latn,Blanketi yangu imejaa chawa -Nyota,Mulingedi gwange gwakira tsinda -Tsing'erengani,general_prose
kentrans_327_swh,swh_Latn,rag_Latn,Mzee Herman Asava akiwa ameketi kwenye Mlima Kilimanjaro Moshi Tanzania akiwa katika maombi,MUSAKULU HERMAN ASAVA NIYIKAYE KUKIGULU CHA KILIMANJARO MOSHI TANZANIA NAVEYE MU LISAALA,general_prose
kentrans_1435_swh,swh_Latn,rag_Latn,Ndimu laini ni chachu,Indimu enderere eveeye indulu.,general_prose
kentrans_1776_swh,swh_Latn,rag_Latn,Wengine walikuwa wanamwita jina la baba ama la mama ambaye alikuwa amekufa,Avalala valanganga lyeta lya Ise naho Nyia yava ni yali ni yamala kukutsa.,general_prose
kentrans_1134_swh,swh_Latn,rag_Latn,Kwa sababu ya ukarimu wetu. Twazawadi kwa furaha,"Kigira buhaani bwetu, vihaanwa vyo buyanzi.",general_prose
kentrans_342_swh,swh_Latn,rag_Latn,"Nguvu zote ambazo Mungu aliweka kaatika dunia na jua liwakalo hili katika matambiko yote mababu walitaka kufanya, walifanyia milimani na tena walifanya wakitazama jua.","Tsigulu tsiosi tsia nyasaye yavika kukivala halala ne LIUVA liakanga yili mumiluka josi ijavaguuga venya kukola, vakolela kuvigulu makandi vakola ni vahenza ILIUVA.",general_prose
kentrans_148_swh,swh_Latn,rag_Latn,"Tabia zingine za mtoto akiwa tumboni mwa mama yake ni kama vile kumfanya asusie vyakuka vingine,kumfanya mama yake kuwa mvivu, kuwa na kelele nyingi,kutema mate kila wakati, kuwakataa watu wengine ama apende vyakula vingine na vingine akatae","Miima milala jo mwana navaye muinda ya mama wew Nokumulomba asuli ivyokulia vilala, nokulomba mama wewe okuva omugata, ma wewe okuva neliyoga linyingi, okututsa amate isaa yosi, okusula umundu Musa wewe, noho ayanze vyokulia vilala ne vindi asula.",general_prose
kentrans_2974_swh,swh_Latn,rag_Latn,Nzige,Lideede,general_prose
kentrans_1156_swh,swh_Latn,rag_Latn,Tumsifu Mungu,Mwidzominye Nyasaye,general_prose
kentrans_885_swh,swh_Latn,rag_Latn,Yesu aliyetulipia ametuokoa,Yesu Mutungiri u ku sooye,general_prose
kentrans_1013_swh,swh_Latn,rag_Latn,Na msalabani;,Naho kumusula;,general_prose
kentrans_3116_swh,swh_Latn,rag_Latn,Lete ile mkuki hapa,Leta litimu lira hano,general_prose
kentrans_2438_swh,swh_Latn,rag_Latn,Mvua na hata jua nina wapeni,Muhanila imbula noho mbasu,general_prose
kentrans_685_swh,swh_Latn,rag_Latn,Tuliponywa na nini sisi?,Kwa honywa na ki kwinye’?,general_prose
kentrans_1050_swh,swh_Latn,rag_Latn,Ukimkubali Yesu utasaidiwa:,Niwiyinamo ola yetwa:,general_prose
kentrans_3615_swh,swh_Latn,rag_Latn,Naye amewasha moto katika Sayuni ulioteketeza misingi yake.,U fwani mulilu muzioni nagwo gusambi mise gyigye.,general_prose
kentrans_3279_swh,swh_Latn,rag_Latn,Naye alituma mtu akatoroka kwa miguu,6 Naye ya tuma mundu ku-yiruka nevirenge,general_prose
kentrans_2979_swh,swh_Latn,rag_Latn,Ameona goti moja.,Uloli liiru lira,general_prose
kentrans_3387_swh,swh_Latn,rag_Latn,Milima ikayeyuka mbele yao kilicho kwa kwa Mungu,"5 Vigulu vya degera imbiri wal avekitinya kyavo ki veye mu Yahova,",general_prose
kentrans_1935_swh,swh_Latn,rag_Latn,Kiti moto,Keteve,general_prose
kentrans_3591_swh,swh_Latn,rag_Latn,"Watazame! Wakiwa wameketi au wamesimama, nimekuwa kama wimbo kwao.","63 Henza likala lyavo, ne lisingira lyavo, mbeye lwimbu lwavo.",general_prose
kentrans_1252_swh,swh_Latn,rag_Latn,"Njoni na furaha, Enyi wa Imani","Avandu va Kristo mu sangale nunu,",general_prose
kentrans_2047_swh,swh_Latn,rag_Latn,Alilia eloi eloi,Yalila eloi loi,general_prose
kentrans_25_swh,swh_Latn,rag_Latn,Wa Zaza,A zaza,general_prose
kentrans_3584_swh,swh_Latn,rag_Latn,Ulisikia ombi langu: “Usikizibie masikio yako kilio changu nikuombapo msaada.,"56 Was hulira mwoyo gwange, u ta Visa ugutu gugwo ku miyika gyange, KU lilira lyange.",general_prose
kentrans_2613_swh,swh_Latn,rag_Latn,Mzungu wangu hana miguu lakini anatembea haraka -Nyoka,Musungu wange avula virenge na agenda vwangu - Enzoka,general_prose
luhya_multi_111_multi_swh,swh_Latn,rag_Latn,"Mtu anaweza akwawa adui kwa mungu mweza wa vyote, mungu wangu kisha ajifiche akingojea avamie ako anampatia nyinyi ingawa mwenzake huyo aliyemuua kisha akatorokea kwenu, lima barabara kisha kwa mojawapo wa miji hizo.","""Omundu anyala aaba omusiku khu Wele Omunyali Owa Bioosi, Wele wasie, mala ekise alindiilile ebwaakala alikho amuelesia enywe khuuba owasie oyo amwire, mala elukhile ewenywe, 'Lima kimiyila mala mu lulala khu ngoba echo.",Conversational
kentrans_2933_swh,swh_Latn,rag_Latn,Lilimngoja Agulakiraka kama amewapeleka ng’ombe malishoni likaanza kuimba,Gwatsa Agulakiraka niyakatsia kwaya tsing’ombe gutanga kwimba,general_prose
kentrans_913_swh,swh_Latn,rag_Latn,"Dhambi zetu msalabani,","Bwoni bwetu kumsalaba,",general_prose
kentrans_3447_swh,swh_Latn,rag_Latn,Sayuni huinyosha mikono yake na hakuna hata mmoja wa kumfariji.,17 Zioni a nyiranga makono hehe si ha veye Kali mlala u mu leminya mwoyo.,general_prose
kentrans_981_swh,swh_Latn,rag_Latn,Mwana wa Mungu mpendwa.,Mwana wa Nyaye Muderwa.,general_prose
kentrans_3166_swh,swh_Latn,rag_Latn,Siku,Madiku !,general_prose
luhya_multi_97_multi_swh,swh_Latn,rag_Latn,Hii ndiyo iliyosababisha Waluyia wakasema kuwa “mtoto anashinda mamake akili,“Neshichilanga Abaluyia nibaboola mbu “Namwana ahila nyina amachesi”,Conversational
kentrans_386_swh,swh_Latn,rag_Latn,"Mtualiye gumba, kiwete, wilanyia wakunzakali, mwenye nundu, mjinga, asyeongea, kipofu, kigugumizi, mwenye kende moja, ama kilema wa aina nyingine yoyote hakuruhusiwa kusimama au hata kushika kwa mfugo yeyote wa kufanyia tambiko.","Mundu uveye KIZIRI, UMULEMA, WO MWANDU, WE KIGUKU UMUSIRU, IDIMBIDI, UMBOKU, WEKEVOYO, WELINEGE ... LILALA, WEKEVEERE no lugano lundi lwosi lwovulema siyavugilwa asingilili naho agimili ku mutugu gwo kulomba musambwa mba.",general_prose
kentrans_3596_swh,swh_Latn,rag_Latn,"Wana w Sayuni ni wenye thamani, Walinganao na dhahabu safi.","2 Avana va Zioni avobuguli budinyu, Ava validzwa kulengana nethahabu isiyeku.",general_prose
kentrans_3515_swh,swh_Latn,rag_Latn,"Ee ukuta wa binti Sayuni, Machozi na yachuruzike kama mto Mchana na usiku.","Ive lidigi lyomukana wa Zioni, amaliga gi doole kuli mugera mbasu nobudiku.",general_prose
kentrans_2818_swh,swh_Latn,rag_Latn,Kuku wangu alikuwa akitaga mayai,Engoko yange yatera mavuyu.,general_prose
kentrans_2532_swh,swh_Latn,rag_Latn,Nina mzungu wangu nikimgonga watu wanacheza -Ngoma,Mbeye no musungu wange ni mukuba ma vandu vasieva - Indumba,general_prose
kentrans_3109_swh,swh_Latn,rag_Latn,Mulingoti uko kwenye shimo.,Mulage guveeye mulirina,general_prose
kentrans_979_swh,swh_Latn,rag_Latn,Furaha ya Bwana:,Buyanzi bwa Nyasaye:,general_prose
kentrans_3259_swh,swh_Latn,rag_Latn,Siku moja kukawa na janga la njaa ulimwenguni.,Lidiku lilala inzala yaliho mu kivala enene ligali.,general_prose
kentrans_2601_swh,swh_Latn,rag_Latn,Ni cha wazee tu -kiti ya miguu mitatu,Ni Chavasakulu veng'ine - Ikituva,general_prose
luhya_multi_32_multi_swh,swh_Latn,rag_Latn,Ambayo wamesema ni ya kweli.,'Niko balomile kali ng'ali.,Conversational
kentrans_1382_swh,swh_Latn,rag_Latn,"Nitamtukuza, nitamtukuza",Nda sangala. Yesu yadza,general_prose
kentrans_1991_swh,swh_Latn,rag_Latn,NAENDA MBINGUNI,TSITSANGA MWIGULU,general_prose
kentrans_978_swh,swh_Latn,rag_Latn,Vizuri sana,Bulahi munono,general_prose
kentrans_567_swh,swh_Latn,rag_Latn,"Baba kutumia fito za nyumba ya mwanawe kujengea yake, (mtoto anaweza kujengea fito kutoka kwa nyumba ya baba yake)","18. Dada kutumikira misala jinyumba yu mwana weve kwumba kira yeye, (Navutswa mwana anyala kutumikira misala jitula kunyumba ya dada weve kwumbakira yeye.)",general_prose
kentrans_1910_swh,swh_Latn,rag_Latn,Hata kuna wale wangeiba bila kujulikana.,Kali vanyala kwiva na vavula kumanyekana.,general_prose
luhya_multi_60_multi_swh,swh_Latn,rag_Latn,Kumbuka ambayo waameleki waliwafanyisha kazi kana watumwa.,"""Khebulila niko Baameleki bamukhosia kimilimo nga banasioobi.",Conversational
kentrans_1697_swh,swh_Latn,rag_Latn,Daudi ndiye aliyepakwa mafuta.,Daudi niyie waavakwa maguta.,general_prose
kentrans_2727_swh,swh_Latn,rag_Latn,Kitoweo cha maharagwe kililiwa kwa kutumia vidole.,Muduya vakombera videte.,general_prose
kentrans_1847_swh,swh_Latn,rag_Latn,"Iwapo mbuzi wangekata kamba na kuingia katika shamba la mtu mwingine, wangetambua nani alikuwa na uwezo wa kutoroka Zaidi, mwenyewe angewarejesha mbuzi hao na wangejua ni kipi babake angefanya.",Tsimbuli nitsyatsitsanga mu mulimi gwo mundu vamanyanga ni vwaha wavanyala kwiruka ligali kali nigaveye mwene naalete tsimbuli yengo ma navamanye cha ise mwene anyala kokola. Lusala lwa dada si loveye lwaka fwanana no lusala lwo mundu mululu dave.,general_prose
kentrans_1482_swh,swh_Latn,rag_Latn,Mudomo,Munwa,general_prose
kentrans_2955_swh,swh_Latn,rag_Latn,Lea sasa analea.,Lea aleraa lero,general_prose
kentrans_1061_swh,swh_Latn,rag_Latn,"Yesu alihukumiwa msalabani,","Yesu khu musalaba va mukhalajira,",general_prose
kentrans_1985_swh,swh_Latn,rag_Latn,Kaskazini mashariki.,Ivale yi vugwi.,general_prose
kentrans_2878_swh,swh_Latn,rag_Latn,Alifikiria kuingia ndani aone iwapo mnyama yeyote amejikinga ndani.,"Yaganagana ndi nuvulahi vivien mu, ma ihigili niiva inyama yosi yakaatsi kwigama mu.",general_prose
kentrans_127_swh,swh_Latn,rag_Latn,Yafaa ntu huyu awe wa kutembea katika njia nzuri na za ukweli na pia zile zilizonyoka.,Gadukana umudu uyu ave mu ligenda mutsinzila tsindahi ne tsia ageligali ne tsinungi.,general_prose
kentrans_3530_swh,swh_Latn,rag_Latn,Ameniongoza na kuniendesha katika giza wala si katika nuru.,"2 Ya nzimirira nokungendidza mukisundi, si mwa li mu bulavu.",general_prose
kentrans_1399_swh,swh_Latn,rag_Latn,"“Duniani salama, Kwa wa kosa rehema",Ya letera amakuva amalahi gobuyanzi.,general_prose
kentrans_356_swh,swh_Latn,rag_Latn,"Wakati mwingine hautaona mlima ukiwa chini. Unaweza kuona wanyama mwitu, nyoka wabaya wakiishi milimani.","Inyinga ndala siolola kigulu noveye hasi mba unyala kulola tsinyama, tsinzoka tsimenya mu itsimbi tsiene.",general_prose
kentrans_858_swh,swh_Latn,rag_Latn,Ni nani anayetaka kusaidia watu,Wina wenyanga kuhonya vandu,general_prose
kentrans_1691_swh,swh_Latn,rag_Latn,Alibeba mkuki mkubwa na mti mkubwa wa fumo,Yaaginga kivaavi kenene niritimu linene ligaali,general_prose
kentrans_1031_swh,swh_Latn,rag_Latn,Ndipo nitaishi.,Ni mwo mwa ndi menya.,general_prose
kentrans_2421_swh,swh_Latn,rag_Latn,Simama imara katika imani,Utahayahaya mu lisuvira,general_prose
kentrans_3221_swh,swh_Latn,rag_Latn,Kiwavi,Engetsa,general_prose
kentrans_363_swh,swh_Latn,rag_Latn,Naye mungu hataki mtu ajue yaliyofichwa hapo juu.,Na Nyasaye siyenya umundu amanye agaviswa ku mba.,general_prose
kentrans_2590_swh,swh_Latn,rag_Latn,Shangazi yangu alinipigia kirudi -sungura,Senge wange yakungubira kirudi - Kimuna,general_prose
kentrans_346_swh,swh_Latn,rag_Latn,Babu zetu wa kale pia mikusanyiko yao yote ilitendeka juu ya milima.,Avaguga vitu va kale kandi imisango javo josi jakolelwanga mu vigulu.,general_prose
kentrans_2653_swh,swh_Latn,rag_Latn,Moyo ulisimama,Gwidola-singira matsi,general_prose
kentrans_3212_swh,swh_Latn,rag_Latn,Ni dege wepi tunaoweza kupatia dawa?,Nimanyonyiki gakunyala kuha lunyaasi?,general_prose
kentrans_736_swh,swh_Latn,rag_Latn,Yesu mwokozi yu karibu;,Yesu Mwami a li himbi;,general_prose
kentrans_2656_swh,swh_Latn,rag_Latn,Mama alishtuka alipoguzwa mgongoni,Ku mugongo mama kalegosa,general_prose
kentrans_11_swh,swh_Latn,rag_Latn,Mama ngwegwe nyungu ndogo ya kupikia kuku.,Mama ngwegwe kayambiva,general_prose
kentrans_3061_swh,swh_Latn,rag_Latn,Anaonal mtoto akidunda sawasawa,Alolaa kaana nekiduuda kirala,general_prose
kentrans_2349_swh,swh_Latn,rag_Latn,Ninyi nyote mlio wangu,Mwinye avandu vaveye avange,general_prose
kentrans_1890_swh,swh_Latn,rag_Latn,Watu waliamini kulikuwa na watu wabaya wasiotaka kutambulika kua maovu yao machoni mwa jamii.,Avandu vasuuviranga avandu valala na vadamanu na sivenyanga kumanyikana mu tsimoni tsya Vandu dave.,general_prose
kentrans_824_swh,swh_Latn,rag_Latn,Atakuja kuchukua watakatifu wake atakapo rudi mawinguni.,alidza kuuidza Kuhila voosi va ye vatakase Lwa a lirana mmalesi gegulu.,general_prose
kentrans_3531_swh,swh_Latn,rag_Latn,Hakika juu yangu augeuza mkono wake mara kwa mara mchana wote.,3 Ligali ya girunkannya mukono gwigwe ku inze Hali kanyingi mbasu Bei,general_prose
kentrans_95_swh,swh_Latn,rag_Latn,"Ni jina gumu na pia baya kwa sababu mjane aliyebaki watu walimwogopa,hata kukaa naye na pia kujumuika naye wakati wa mlo","Niliyeta ilidinyu kandi ilivi ligali kigila utigaye uyu avandu vamutitsa kali ukugunza naye, ukusanga naye iliita ku kedelu kilala",general_prose
kentrans_130_swh,swh_Latn,rag_Latn,Haya ndiyo majukumu ya mwanaume anayestahili awe nayo tangu utotoni hadi uto uzima.,Yijii nigyo miyinzi gyo mundu musatsa adukana ave nagyo muliviluka lilye.,general_prose
kentrans_2612_swh,swh_Latn,rag_Latn,Nyanyangu anapenda kutembea matawi au kwa nyasi -Nyoka,Guku wange yayanza kogenda mu matu anoho vulimu - Enzoka,general_prose
kentrans_2865_swh,swh_Latn,rag_Latn,Desturi za wamaragoli,Uluhya lwa murogooli,general_prose
kentrans_3691_swh,swh_Latn,rag_Latn,"Sungura aliposikia sauti ya simba, alitumua mbio.","Lwe kisungura chahurira mwoyo, chatiguka tsimbiru.",general_prose
kentrans_2504_swh,swh_Latn,rag_Latn,Naishi kwa shimo tena nakula kwa shimo -Fuko,Menyi mwirova kandi ndiira mwirova - Imbuku,general_prose
kentrans_1957_swh,swh_Latn,rag_Latn,Yenyewe.,vwene.,general_prose
kentrans_2808_swh,swh_Latn,rag_Latn,Mama akirudi ataleta mkate.,Mama natsiye kuvaya aletanga mugadi,general_prose
kentrans_3036_swh,swh_Latn,rag_Latn,Buibui,Liguyaguyi,general_prose
kentrans_1989_swh,swh_Latn,rag_Latn,Kusini mashariki.,Isavalu yi ivugwi.,general_prose
kentrans_2758_swh,swh_Latn,rag_Latn,Mimea hiyo haikuwa yangu,Na mamera sigakari gange,general_prose
kentrans_1921_swh,swh_Latn,rag_Latn,Hapa palikuwa peupe katikati ya nyumba za kuishi.,Yaha na havundu halange halavu himbi hagati he tsinyumba tsyo komenya.,general_prose
kentrans_1710_swh,swh_Latn,rag_Latn,"Alisema, “Mungu atanipa nguvu kuua Mfilisti huyu.”","Yaavoola, ""Nyasaye alamba tsingulu kwita Mufirisitia uyu.""",general_prose
kentrans_517_swh,swh_Latn,rag_Latn,"Mvulana au msichana ambaye hakuwa na mtoto angeaga,","Muyai naho mukana ukikiri konyoola ku mwana niyakuzanga,",general_prose
kentrans_1913_swh,swh_Latn,rag_Latn,Wangechagua njia moja ya kwenda barazani mwa wazee na kutenga mahala pamoja ambako walijenga zizi ya kurukwa na watu wote kwa urahisi na kasha kutega mti wa mtembe (aina ya mchongoma),Vamanyanga vatovola inzira yavo enene itsitsanga mu luhya mavatovola havundu halala vavika lugaga lwa hasi lwa vandu vanyala kusiira kovodoto ma vavika mu mutembe.,general_prose
kentrans_2484_swh,swh_Latn,rag_Latn,Tuimbe nyimbo za shukrani,Kwimbe tsinyimbu tsio kusandiza,general_prose
kentrans_1326_swh,swh_Latn,rag_Latn,Ujumbe mzuri ya wachungaji,Makuva malahi ga vayi va voola.,general_prose
kentrans_3676_swh,swh_Latn,rag_Latn,Zifanye siku zetu ziwe mpya kama siku za kale.,Wiranye ubuhya ku madiku getu kuli ga matsiambiri,general_prose
kentrans_996_swh,swh_Latn,rag_Latn,Alipomwaga damu,Ha ya tsuka masahi gege,general_prose
kentrans_1169_swh,swh_Latn,rag_Latn,Wasujudu wamuabudu,Mu sigame mu Saale;,general_prose
kentrans_2440_swh,swh_Latn,rag_Latn,Ni kipimo gani wanipimia,Kegero ki cha ive ungererangamu,general_prose
kentrans_420_swh,swh_Latn,rag_Latn,Watoto waliokamatwa walitoroka na kujificha vichakani.,Avana valala vagimirangwa ma viruka vatsia kwivisa mu vulimu,general_prose
kentrans_965_swh,swh_Latn,rag_Latn,Mwokozi mzuri,Mukhonyi mulahi,general_prose
kentrans_2821_swh,swh_Latn,rag_Latn,"Kililia tena zuu, ngo! ngo! ngo!","Kandi kizuulanga zuu,ngo! ngo! ngo!",general_prose
kentrans_478_swh,swh_Latn,rag_Latn,"Siku ya kuchomwa kwa mfu, wenye jamii hiyo walifungiwa kwa nyumba mchana kutwa hadi shughuli nzima ikamilike.","Lidiku lio kusamba lwaliaduuka, avandu va hango hene yaho vahanilangwa munyumba m’mbasu gwosi kuduuka Iwo musambi amala miyinzi jije.",general_prose
kentrans_2161_swh,swh_Latn,rag_Latn,Nawaomba murudi kwake sasa,"Mugonyanga mwirane kuye vyangu,",general_prose
kentrans_3003_swh,swh_Latn,rag_Latn,Wake/ Kwake,weve,general_prose
kentrans_1744_swh,swh_Latn,rag_Latn,"Huchimba shimo lake kwa kutumia kidona na kwato za juu kando ya mto mkubwa, ziwa ama kwenye barabara","Iyavanga kidivu chayo numunwa mu tsimbangaywa tslevigulu nokuluginga Iwo mugera munene, inyanza naho kuumbalabala.",general_prose
kentrans_2835_swh,swh_Latn,rag_Latn,Kitabu hiki kitawafunza kwa sababu kina picha nyingi.,Kigira kitabu yiki si keveyena tsipicha tsinyingi.,general_prose
kentrans_1523_swh,swh_Latn,rag_Latn,Wanafunzi wazuri wanajua majina ya siku na miezi ya mwaka,Vasomi valahi vamanyi amiita namadiku gemieri jomuhiga.,general_prose
kentrans_1251_swh,swh_Latn,rag_Latn,"twakusihi njoo, Emmanueli utuponye","Hamba, mwadza, U ku linde Mwami Imanueli.",general_prose
kentrans_1721_swh,swh_Latn,rag_Latn,Iwapo mtu atakuuliza “Kinywere ni nini?”,"Niiva mundu akuteeva, 'Kinywere nikinduki?""",general_prose
kentrans_3544_swh,swh_Latn,rag_Latn,"Amenivunja meno yangu kwa changarawe,amenifunika majivu.",16 Kandi u vunanyi amino gange netsinzalo u nkuniki ligoke.,general_prose
kentrans_2027_swh,swh_Latn,rag_Latn,Alisulubiwa Yesu alisulubiwa.,Yavambwa Yesu yavambwa,general_prose
kentrans_2384_swh,swh_Latn,rag_Latn,Usifadhaike katika mateso,Utahenda mwoyo mu vudinyu,general_prose
kentrans_851_swh,swh_Latn,rag_Latn,Si kwa mapenzi yangu.,Bulaliri bwange tawe.”,general_prose
kentrans_2084_swh,swh_Latn,rag_Latn,NJOONI KWA YESU,HAMBI KU YEHOVA,general_prose
luhya_multi_27_multi_swh,swh_Latn,rag_Latn,Wasimamizi wa mji walikuwa wakiita mtu huyo kisha wazungumze naye.,'Babemeelesi be lukoba balalaanga omundu oyo mala balomalome naye.,Conversational
kentrans_1297_swh,swh_Latn,rag_Latn,Ya kuwapendeza.”,Ku mwinye na voosi.,general_prose
kentrans_2817_swh,swh_Latn,rag_Latn,Fuko ngo! ngo! ngo!,Kiduku ngo! ngo! ngo!,general_prose
kentrans_3450_swh,swh_Latn,rag_Latn,Bwana ndiye mwenye haki maan nimeiasi amri yake.,18 Yahova nowobulungi kigira inze nzebaaye ku lilaga lilye.,general_prose
kentrans_2423_swh,swh_Latn,rag_Latn,Ndiye aliyetumwa na Mungu,Niye wa dada Yahova yatuma,general_prose
kentrans_3299_swh,swh_Latn,rag_Latn,Kishon,Kishon.,general_prose
kentrans_1094_swh,swh_Latn,rag_Latn,Unatuangalia sisi sote – hata nami,Nive u henza vandu voosi—ninze.,general_prose
kentrans_1944_swh,swh_Latn,rag_Latn,Kamba,Mugoye,general_prose
kentrans_639_swh,swh_Latn,rag_Latn,Mungu ulinirudia?,Mwami wa nzenaanira?,general_prose
kentrans_1368_swh,swh_Latn,rag_Latn,Ujumbe walipata kwa mtoto huyu.,Makuva ga va nyola ku akana yaka.,general_prose
kentrans_3667_swh,swh_Latn,rag_Latn,Kwa sababu ya haya mioyo yetu imezimia.,17 Kigira yaga muyoyo getu gi kudzi.,general_prose
luhya_multi_19_multi_swh,swh_Latn,rag_Latn,Indede wetu furahi ndipo wageni wafurahi x2,.Indede wefwe sangala kho abakeni basangale x2,Conversational
luhya_multi_36_multi_swh,swh_Latn,rag_Latn,Wacha aletwe azunguke.,""" kho ererwe obotookhelesie.",Conversational
kentrans_2369_swh,swh_Latn,rag_Latn,Chagua Kuishi,OTOVOLE LIVA MWOYO,general_prose
kentrans_3574_swh,swh_Latn,rag_Latn,Adui zetu wote wamefumbua vinywa vyao wazi dhidi yetu.,"46 Avasigu vetu vosi valaminyi minwa gyavo ku kwinye, ubudivi na bwoneku.",general_prose
kentrans_1827_swh,swh_Latn,rag_Latn,Kulisha mtoto kulifanywa tu na mtu mzima kwa sababu yaya angeweza kumnyonga mtoto na chakula iwapo angejaribu.,Ligagula lyali vutswa linyala kokolwa no mundu uduki kigira muleri yali anyala kumiga mwana niva yakagerizi kokola ku.,general_prose
luhya_multi_68_multi_swh,swh_Latn,rag_Latn,Hakuna muamoni ama muamoabu kwa wa uzao wao.,“Mbao Omuamoni namwe Omumoabu khu be lisaaye liabwe.,Conversational
kentrans_132_swh,swh_Latn,rag_Latn,KUPEWA JINA,INGULIKWA,general_prose
kentrans_78_swh,swh_Latn,rag_Latn,Anayeshambulia hapewi uongozi wala kubariki au kulinda watu,Agita umundu kandisiahevwa uvwami naho uvusalisi anaho uvulindi vwavandu mba,general_prose
kentrans_2217_swh,swh_Latn,rag_Latn,Mwili wako uko hapa,"Umuviri gugwo goveye hano,",general_prose
kentrans_749_swh,swh_Latn,rag_Latn,Mponyaji Namtukuza Yesu.,Muhonyi Nzidzominye Yesu.,general_prose
kentrans_1364_swh,swh_Latn,rag_Latn,Amezaliwa mji wa Betjhlehem,Yivulwa mu lidala lye Bethlehemu.,general_prose
kentrans_1907_swh,swh_Latn,rag_Latn,"Polepole, visiagi vya mkono vililetwe na wazungu, kisha visiagi vya kutumia maji vikajengwa.","Galaha, galaha, tsing’ina tsya makono tsyamanya ni tsiretwa na vasungu ma lero tsing'ina tsya matsi ni tsyombakwa.",general_prose
luhya_multi_29_multi_swh,swh_Latn,rag_Latn,Kumbuka kuachana na kuoana.,'Khebulila Khulekhana ne khuyilana.,Conversational
kentrans_2929_swh,swh_Latn,rag_Latn,Kijijini walimoishi kulikuwepo na mazimwi wengi,"Mulidala liavamenyamu,manani galimu manyingi muno",general_prose
kentrans_3141_swh,swh_Latn,rag_Latn,Umewahi sikia jinsi Wamalagoli walifika Ulaya?,Wahulira kuli Avalogooli vaaduka Ivulaya ?,general_prose
kentrans_1424_swh,swh_Latn,rag_Latn,Tunda ambalo ni zuri,Litunda liveeye lirahi.,general_prose
kentrans_1911_swh,swh_Latn,rag_Latn,Baadhi ya watu walikuwa wachawi ambao wangeweza kuharibu kitu cha mtu kwa kukiangalia macho mabaya.,Na vandi valange avasoohi avanyala kohenza ku kindu cho mundu ma choneka.,general_prose
kentrans_1369_swh,swh_Latn,rag_Latn,Kwa mshangao mkuu waliwasikiza,"Inyinga Va hulira, va genya voosi,",general_prose
kentrans_3654_swh,swh_Latn,rag_Latn,Ngozi yetu ni nyeusi kama meko.,10 Ligodo lyetu li veye limwamu kuli amahiga.,general_prose
kentrans_2786_swh,swh_Latn,rag_Latn,La! Naenda kwetu.,Awa!nzitsanga witu,general_prose
kentrans_376_swh,swh_Latn,rag_Latn,"Kisha, mito huanza kujaa na umande huonekana kwa nyazi jinsi vile msichana anayekaribia kuzaa huanza kuonyesha dalili kwa kutoa maji amayo hutengeneza njia ya mtoto kupitia.",Ma imigera jitanga kwitsula na ILIME liva kuvulimu kuli umukana niyenya kwivula atanga kumanyia iliva lia amatsi gatula muye nigalomba inzira yo mwana atsilamu.,general_prose
kentrans_1965_swh,swh_Latn,rag_Latn,Walioshinda mchezo huo walirudi nyumbani na walioshindwa walirejea nyumbani jioni wakati hakuna jua.,"Losoma lwa tuulanga avingi, yilwo lwirananga yengo no lusuma lwe liguyta. Virananga sia mugolova kuduka madiku go mabasu gafwa.",general_prose
kentrans_334_swh,swh_Latn,rag_Latn,Mama mtoto huyo asipige nduru au asilie baada ya mtoto huyo kupelekwa kaburini.,Mama wo mwana uyu atakuba tsikwili anaho nasioma ulwavahila mukuzu mukilindwa mba.,general_prose
luhya_multi_112_multi_swh,swh_Latn,rag_Latn,Mtu anaweza akaposa mke wenu akafanya Miriamu jinsi mlivyokuwa.,"""Omundu anyala aakhwa omukhasi wenywe akhola Miriamu nga ne mwaba.",Conversational
kentrans_2935_swh,swh_Latn,rag_Latn,Zimwi hilo lilimla,Gunani yinwo gwamulia,general_prose
kentrans_2606_swh,swh_Latn,rag_Latn,Mama kwenye dari ni mgonjwa - Ndizi,Mma yirungu yadota -Liengu,general_prose
kentrans_1656_swh,swh_Latn,rag_Latn,Alichukua panga kasha akawambia,"Yaavugula litimu navavoolera,",general_prose
kentrans_1167_swh,swh_Latn,rag_Latn,Aliyemwaga damu yake,Ya haana masahi ge.,general_prose
kentrans_3602_swh,swh_Latn,rag_Latn,Wale waliokula vitu vya anasa wameachwa peke yao njiani.,5 Ava litsanga vigasu va lekeywi vengine ku Tsinzira tyelidala.,general_prose
kentrans_2000_swh,swh_Latn,rag_Latn,Naenda mbinguni kwa baba yangu.,Tsitsanga mwigulu mwa dada wange,general_prose
kentrans_2892_swh,swh_Latn,rag_Latn,Siku moja kuku alienda kumwomba mwewe wembe atumie kunyolea watoto wake nywele.,Lidiku lirala engoko yatsia kusava liive logembe evegere avaana vayo liisu.,general_prose
kentrans_2617_swh,swh_Latn,rag_Latn,Nilianika mchele wangu mchana kulipokuwa kunakucha lakini kulipokuchwa sikuuona -Nyota,"Ndavagala muchere gwage ku mbasu lwa vwali nivuchetsanga, na lwa vwacha sindagola kandi mba - Tsing'erengani",general_prose
kentrans_3184_swh,swh_Latn,rag_Latn,Anataka anunue,Yenya agule,general_prose
kentrans_1393_swh,swh_Latn,rag_Latn,Aliyekuja kuniokoa,Yadza kumbonnya:,general_prose
kentrans_321_swh,swh_Latn,rag_Latn,Lidudu huwa halidanganyi.,Lidudu siliveha mba,general_prose
kentrans_1671_swh,swh_Latn,rag_Latn,Hapo zamani za kale palikuwepo na mama mmoja na mtoto wake msichana,Kale yaaliho mukeere mulala waali nakaana kakaana.,general_prose
kentrans_3095_swh,swh_Latn,rag_Latn,Anapika ilokauka,Adekaa amuumu,general_prose
kentrans_2251_swh,swh_Latn,rag_Latn,Mutakula vyote vitamu vya dunia,"Mulalia vilahi vyekivala yiki,",general_prose
kentrans_2460_swh,swh_Latn,rag_Latn,Jinsi Yesu mwenyewe ni mwanga,Kuli Yesu mwene yaali uvulavu,general_prose
kentrans_1725_swh,swh_Latn,rag_Latn,Huwinda kuku kwa sababu hicho ndicho chakula chake.,Kihiimanga tsingoko kigira nitsiotsiakinyaanyanga.,general_prose
kentrans_1999_swh,swh_Latn,rag_Latn,Nimemaliza mambo yangu hapa duniani,Inze maliye miyinzi gyange,general_prose
kentrans_261_swh,swh_Latn,rag_Latn,Iyasuli huwatawala nyota nwengine kama vile RAIS wa nchi hutawala hapa ulimwenguni.,Iyasuli niyo iyamiha Tsing'ereng'ani tsindi kuli PRESINDENT yamiha kivala cha hasi hano.,general_prose
kentrans_2989_swh,swh_Latn,rag_Latn,Umeona reki ile.,Uloli luvuvi lula.,general_prose
kentrans_2193_swh,swh_Latn,rag_Latn,Sasa wamerudi nyuma wao wenyewe,"Karunu vamali kwirana inyima, vene,",general_prose
kentrans_714_swh,swh_Latn,rag_Latn,Yesu mtafutaji anapenda watu,"Yesu Musoli a yanza vandu,",general_prose
kentrans_944_swh,swh_Latn,rag_Latn,"Unisaidie. Yesu, nijazwe na furaha","U khonye. Yesu, khutsantaslikha",general_prose
kentrans_2547_swh,swh_Latn,rag_Latn,Kisiki barabarani -Gari,Kisiki mu mbalambala - Mudoga,general_prose
kentrans_2152_swh,swh_Latn,rag_Latn,Wameasi wao Mungu baba,"Vamali koleka yahova Nyasaye, wavo,",general_prose
kentrans_139_swh,swh_Latn,rag_Latn,Asipopata jina nzuri kulingana na yeye mwenyewe yeye hurudi alikotoka( hufariki) alafu anaenda kusema kuwa walikomtuma si kuzuri,Nutanyoye ilieta vulahi ilidukana naye dave amanya yilana uwayatula (akutsa) maatsia kuvola uwatuli ndi uwamwanduma nindahi mba.,general_prose
kentrans_1974_swh,swh_Latn,rag_Latn,Katika kupigana huko mmoja anafaa kumwangusha mwingine chini.,Lirwana lyavo livolanga mulala atule undi hasi.,general_prose
kentrans_1884_swh,swh_Latn,rag_Latn,Au “Kegoli” aliweka mtoto na daktari wa kienyeji ataenda kutoa vitu alivyoviweka.,Naho “Kegoli” yavika mwana nu mukumu alatsia kutulitsa vindu vya yavika zana vila.,general_prose
kentrans_1625_swh,swh_Latn,rag_Latn,Siku moja sungura aliota magugu byaliyokauka na akawasha moto sokoni na wakaanz a kujishasha pamoja na rafikiye ili wasihisi baridi .,Lidiku lindi Anakanani yaateenya amavivi naafwana muliru kuluhia nivoota nomulina weeve.,general_prose
kentrans_320_swh,swh_Latn,rag_Latn,Lidudu(ndege) ndiye anayejua wakati mvua itanyesha.,Lidudu nilio kandi liamanya ulwe imbula nikubi.,general_prose
kentrans_677_swh,swh_Latn,rag_Latn,Sisi ni wana wako,Ku ve vandu vovo.,general_prose
kentrans_2370_swh,swh_Latn,rag_Latn,Mungu anakupatia uwezo wa kuona,Yahova amanyanga ive vindu yivi,general_prose
kentrans_2956_swh,swh_Latn,rag_Latn,Lile tawi moja la ndizi lililonyauka,Lirala lirala lira,general_prose
kentrans_559_swh,swh_Latn,rag_Latn,12. Bibi kuketi kwenye kiti cha bwana.,12. Mukali kwik ala kondeve yo musatsa.,general_prose
kentrans_2420_swh,swh_Latn,rag_Latn,Atapata kuokolewa,Alanyola vuhonyi.,general_prose
kentrans_113_swh,swh_Latn,rag_Latn,Dereva mzuri asyekuwa kipofu au mulemavu.,Umundeleva umulahi utali umboku naho umulema.,general_prose
kentrans_532_swh,swh_Latn,rag_Latn,Akishapuliza kibofu cha utumbo alitamka maneno ya ya kutakasa kulingana na maovu yaliyotendwa.,"Nichakavimba, mavakubitsa kifu kandi avaviida vwanga navoola amang'ana agokoholitsa kolondana nuvudamanu vwakolwa.",general_prose
kentrans_225_swh,swh_Latn,rag_Latn,Kama mtoto akiwa amekonda au mume asiye na uwezo wa kuzalisha au kama kunakitu kitu kilichoharibika kwa mtu huyu.,Kuli umwana niyang'aha naho umusatsa utivula naho ikindu kvavoneka ku mundu uyu.,general_prose
kentrans_748_swh,swh_Latn,rag_Latn,Na nalipenda jina hilo,Na nyanza lyeta lyo,general_prose
kentrans_3074_swh,swh_Latn,rag_Latn,Tabia/ desturi,miima,general_prose
kentrans_3247_swh,swh_Latn,rag_Latn,Funza akiwa mguuni ataninyonya damu.,Eng'ende niveeye mu kerenge iranuuna masahi.,general_prose
kentrans_1485_swh,swh_Latn,rag_Latn,Angalia mtu huyu.,Henza kumundu uyu.,general_prose
kentrans_2614_swh,swh_Latn,rag_Latn,Mtoto anakaribisha mamake akiwa bado mdogo -Nyasi ya kujengea O: Ndatsia wa senge kwagana na vana Veve - Evembe Nlienda kwa shangazi kukutana na wanawe -Nyasi ya kujengea,Mwana akwingiritsa mama weve Naakiri - Evembe,general_prose
kentrans_2964_swh,swh_Latn,rag_Latn,Tanki,Libiiba,general_prose
kentrans_3038_swh,swh_Latn,rag_Latn,Babu ananunua mbuni.,Guuga agulaa ligulugulu,general_prose
kentrans_1510_swh,swh_Latn,rag_Latn,Damu itokapo kwa moyo huingia mapafuni na kwa mwili mzima.,Masahi gatulanga mumwoyo gingira mumasuku kandi mummbiri.,general_prose
kentrans_3455_swh,swh_Latn,rag_Latn,"Angalia, Ee Bwana; maana mimi ni katika dhiki; Mtima wangu umetaabika;","20 Henza, o, Yahova, kigira mbeye my lidambidzwa , mwoyo gwange gu galiki.",general_prose
kentrans_883_swh,swh_Latn,rag_Latn,Aliyetulipia yupo,Mutungri ave’,general_prose
kentrans_194_swh,swh_Latn,rag_Latn,KUTIBU/KUTOA KAFARA/KUBARIKI,UKUVIDA/ KUSWAKILA/KUSALISA,general_prose
kentrans_1516_swh,swh_Latn,rag_Latn,Wembe hufanya kazi gani?,Nimiyinziki jolugembe lukolaa?,general_prose
kentrans_992_swh,swh_Latn,rag_Latn,"Anyakue walio wake,","A vugule vandu ye,",general_prose
kentrans_2147_swh,swh_Latn,rag_Latn,Ujumbe kutoka kwa bibilia,"Amakuvà gevangeli evolanga,",general_prose
kentrans_1681_swh,swh_Latn,rag_Latn,"Ndio,bado,hatujawai kuona mambo kama haya.","Yee, kukiri, yee, kukiri, kukiri kulola kuyaga,",general_prose
kentrans_118_swh,swh_Latn,rag_Latn,Yafaa awe tegemeo wa nyumba yake,Adukana ave itilu ye inyumba yeye.,general_prose
kentrans_669_swh,swh_Latn,rag_Latn,Ni yeye anatulipia,A ye Mutungiri.,general_prose
kentrans_1926_swh,swh_Latn,rag_Latn,Hapa ndipo wangeweza kumleta mtoto asiyeheshimu wazee na kumzunguka huku wakimpa ushauri.,Havundu yaha niho havali vanyala koleta mwana osoleye vasakulu vamukumbiriza vamuha mageri.,general_prose
kentrans_4_swh,swh_Latn,rag_Latn,Mbona hukuniletea?,Aki niwandetera ku?,general_prose
kentrans_75_swh,swh_Latn,rag_Latn,Ukizaliwa na mjane aliyerithiwa nawe pia usirithi mjane.,.Niwivulwa mu mwandu naïve utatsia kandi mwandu mba .,general_prose
kentrans_1810_swh,swh_Latn,rag_Latn,Waliochelewa kupashwa tohara walitahiriwa wakiwa na miaka 33.,Wachelevanga mu kekevo chiche yamanya akevwa kali naduki mihiga makomi gavaga.,general_prose
kentrans_468_swh,swh_Latn,rag_Latn,"Mtu huyo akirejea kutoka kuzimu, hakulala kaburini salama jinsi walivyosema kwake wakati wa mazishi.","Mundu mwene oyo yasiukanga, siyaluma malova kuli yavoolerwa dave.",general_prose
kentrans_6_swh,swh_Latn,rag_Latn,Ni nini kilikunyang'anya?,Kindiki chakunyaga?,general_prose
kentrans_1295_swh,swh_Latn,rag_Latn,Akawatuliza,Lingana lyomwana;,general_prose
kentrans_962_swh,swh_Latn,rag_Latn,Nzuri kabisa,shulahi munono,general_prose
kentrans_229_swh,swh_Latn,rag_Latn,"Ila kufanya matambiko, ilikuwa ni lazima mtu afanyiwe tambiko na vitu ambavyo havingemzuru, ili akue bila kufinyika na itikadi za wafu.","Navutswa ILISWAKILA lialange ililago umundu aswakilwi ivindu vyatsia vivuli kwononyia umundu uyu, aviluki vulahi vugila kuminika ne miima javandu vakutsa kale.",general_prose
kentrans_1111_swh,swh_Latn,rag_Latn,"Wewe uliye mweza, leo hata milele","Nunundina, U Ii wetsingulu",general_prose
kentrans_243_swh,swh_Latn,rag_Latn,"Je, huyu mwanake ana uhusiano gani na mwezi?",Umundu mukali uyu vaganila hayi no mweli?,general_prose
kentrans_2911_swh,swh_Latn,rag_Latn,Alitoka nyumbani akaenda kuona shamba yao ya mahindi,Yatula hango natsia kuluta mulimi gwavo gwa maduma,general_prose
kentrans_1209_swh,swh_Latn,rag_Latn,Twaipata wote,Liduukanga hoosi.,general_prose
kentrans_3176_swh,swh_Latn,rag_Latn,Zama za kale Wamaragoli walipigana vita.,Kale muno Avalogooli vali nerihe,general_prose
luhya_multi_133_multi_swh,swh_Latn,rag_Latn,Mungu mweza wa vyote atapeana baraka kwa mimea zenu ama muache kuwa wasikifu na kutii sheria zote.,"""Wele Omunyali Owa Bioosi alabiita chikhabi mu bibiaalwa bienywe namwe mulekhe khuuba barekerefu nende khuria kamalaka koosi.",Conversational
kentrans_1578_swh,swh_Latn,rag_Latn,Waliulizana kile ambacho watamtendea nyanya huyo.,Vateevana kuli vakola mukeere uyo.,general_prose
kentrans_1657_swh,swh_Latn,rag_Latn,”Aliyeiba pesa leo ataona”,"""Lero waavugula tsisiringi alalola.""",general_prose
kentrans_3555_swh,swh_Latn,rag_Latn,Ni vyema mtu kuchukua nira bado angali kijana.,27 Nobulahi umundu aginge inira mu bwana buke bwibwe.,general_prose
luhya_multi_108_multi_swh,swh_Latn,rag_Latn,"Mlawi yeyote anaweza wenu akamtumia nyinyi nabii akatoka kwa mji wowote kwa Israeli kama mimi kutoka kwenu wenyewe, aende mahali palipoteuliwa kuabudukisha mnastahili mmuogope yeye.","""Omulawi yesi yesi owenya, anyala wenywe alamurumira enywe omung'oosi aama mu lukoba lwosi lwosi mu Isirae- nga ese khukhwama mwinywe babeene, aache abuundu aaroborwa khusaaya mala mukhoya mu murie niye.",Conversational
kentrans_2962_swh,swh_Latn,rag_Latn,Alala ameona kipaza sauti,Alala uloli lirere,general_prose
kentrans_3215_swh,swh_Latn,rag_Latn,Aliweka nyama ilokauka kwa sahani.,Yaviika inyama inyumu kusahani.,general_prose
kentrans_2046_swh,swh_Latn,rag_Latn,Msalabani Yesu alisulubiwa,"Kumsalaba Yesu yavambwa,",general_prose
kentrans_2987_swh,swh_Latn,rag_Latn,Reki,Luvivu,general_prose
kentrans_2603_swh,swh_Latn,rag_Latn,Baba amevaa kanzu -Kumbekumbe,Baba niganza - Iswa,general_prose
kentrans_2032_swh,swh_Latn,rag_Latn,Alilia eloi eloi,Yalila eloi eloi,general_prose
kentrans_1816_swh,swh_Latn,rag_Latn,Ngariba alitaka kujua ujasiri wa mtu kwa kukata ngozi ya mbele.,Avakevi venyanga kumanya vuluviriri vwo mundu vakalanga ku ligodo lye igulu nani vavita ma virana ku malirira.,general_prose
kentrans_1355_swh,swh_Latn,rag_Latn,Yusuf kaondoka kwenda Bethlehem,"Yosefa ya ka tsia ha Bethlehemu,",general_prose
kentrans_1593_swh,swh_Latn,rag_Latn,Nyanya huyu alikuwa vpi baada ya kitendo hicho?,6. Mukeere uyo yaamanya naavandi?,general_prose
kentrans_2716_swh,swh_Latn,rag_Latn,Huo ndio ubaya wa kukwikwi,Ni kivu cho kusegesera,general_prose
kentrans_646_swh,swh_Latn,rag_Latn,Lazima nifike kule mbinguni,Kuduki nduke yo mwigulu.,general_prose
kentrans_2947_swh,swh_Latn,rag_Latn,Alipoulizia alipata kuwa zimwi hili lilikuwa limemkula imebakia mifupa.,Lwayateveritsa yanyola ndi linani yili liali nilimuliye ni kitigaye kihanga,general_prose
kentrans_1545_swh,swh_Latn,rag_Latn,Huyu mgeni alingalia juu angani na akajikwaa kidole chake cha mguu.,Mundu uyu yahenza yigulu maniyiduya ekeno.,general_prose
kentrans_111_swh,swh_Latn,rag_Latn,Yafaa awe na jembe nzuri ya kulima (asiwe,Adukana ave ne imbago indahi yokulima (utali ikitsili),general_prose
kentrans_2516_swh,swh_Latn,rag_Latn,Nina wazungu wangu watatu mja akitoka wengine hawafanyi kazi -Mafiga,Mbeye ne vasungu vange vavaga mulala natuli ku vaviri sivayinzira Mba - Mahiga,general_prose
kentrans_2895_swh,swh_Latn,rag_Latn,Na kwa vili usiku ulikua ukikaribia hakumaliza kunyoa wote.,Na kigira vwali nivudukanga vudiku siyamala kuvega vosi mba.,general_prose
kentrans_1218_swh,swh_Latn,rag_Latn,U MLINZI WETU,UMULINDI WETU,general_prose
kentrans_3112_swh,swh_Latn,rag_Latn,Mkuki,Rítimu,general_prose
kentrans_233_swh,swh_Latn,rag_Latn,Viumbe vyote alivyoviumba Mungu huamini jua ndilo lenye mamlaka.,Ivindu vilombe ivya Nyasaye yalomba vyasuvila ku liuva nilio liene vunyali.,general_prose
kentrans_67_swh,swh_Latn,rag_Latn,Dada ya Nyanya yako unamuita pia nyanya,Guku Amwavo guku wovo umulanganga kandi guku.,general_prose
kentrans_3618_swh,swh_Latn,rag_Latn,Ni kwa sababu ya dhambi za manabii wake na maovu ya makuhani wake.,13 Ga veye kigira ubwoni bwa vaprofeti veve na budamano va vasalisi veve.,general_prose
kentrans_2263_swh,swh_Latn,rag_Latn,Tuwasaidie wale wanaoteseka,"Kokonye vaveye mulidambizwa,",general_prose
kentrans_2425_swh,swh_Latn,rag_Latn,Yeyote ananayemtii Mungu,Uyu mundu utizanga Yahova,general_prose
kentrans_537_swh,swh_Latn,rag_Latn,"Angeruhusika kula;la kwa nnyumba ya ajuza kikee na keshoe, wangalitafuta kuku mweupe kujitakasa.",Anyala kogona munyumba yu mukeere muziriru mahamugamba vahenza engoko indavu.,general_prose
kentrans_126_swh,swh_Latn,rag_Latn,Awe jicho na kioo cha wote walio wakamilifu.,Ave emoni ne kelolelo kya avandu valungi.,general_prose
kentrans_2366_swh,swh_Latn,rag_Latn,Kwa wale wanaonirudia,Avilananga ku inze,general_prose
kentrans_1303_swh,swh_Latn,rag_Latn,"Ataonekana,",Yivulwa ku vandu;,general_prose
kentrans_3139_swh,swh_Latn,rag_Latn,Musa aliona bundi akaickeka.,Musa yalola likuuli naaliseka,general_prose
kentrans_2033_swh,swh_Latn,rag_Latn,Wayuda walimsaliti Yesu.,Vayuda vazama Yeso,general_prose
kentrans_3113_swh,swh_Latn,rag_Latn,Jibu haya maswali.,Tivula mateeva yaga,general_prose
kentrans_2961_swh,swh_Latn,rag_Latn,Ona lile tawi ndizi lililonyauka,Lola lirere lira,general_prose
kentrans_2308_swh,swh_Latn,rag_Latn,Tuwe werevu,KOGENDE NOVOGELI,general_prose
kentrans_485_swh,swh_Latn,rag_Latn,Alifanya bidii ili kuhakikisha mwili wote umeungua wote.,Yakolanga tsingulu kuduuka m’mbiri gwosi guhia zere.,general_prose
kentrans_1706_swh,swh_Latn,rag_Latn,“Mimi nitapigana naye.”,"""Inze ndalwana naye.""",general_prose
kentrans_3425_swh,swh_Latn,rag_Latn,"Anguko lake lilikuwa la kushangaza, hapakuwepo na yeyote wa kumfariji.",Kigira yaga lika lilye lya li neligenya; si a veye nowokuleminya mwoyo.,general_prose
kentrans_2896_swh,swh_Latn,rag_Latn,Aliwanyoa watoto watatu wakasalia watatu.,Yavega avaana vavaga vatigala vavaga.,general_prose
kentrans_3047_swh,swh_Latn,rag_Latn,Ana ananyonya.,Ana anuunaa,general_prose
kentrans_1829_swh,swh_Latn,rag_Latn,Walezi waliamini kuwa atarejea.,Valeri vassuviranga kuduka yaatse.,general_prose
kentrans_2652_swh,swh_Latn,rag_Latn,Moyo ulijikokota.,Mwoyo gwidola,general_prose
kentrans_961_swh,swh_Latn,rag_Latn,Yeye ni zawadi:,Yeu ni shihaanwa:,general_prose
kentrans_1698_swh,swh_Latn,rag_Latn,"Alipakwa mafuta kwa vile alikuwa mtumishi, mpendwa na mpole kwa watu na kwa Mungu.","Yaavakwa kigira yaall mutumwa, mugoosi numuhooma kuvandu noku Nyasaye.",general_prose
kentrans_1074_swh,swh_Latn,rag_Latn,"Baba, mwana, Roho, wakuaminio","Nyasaye Yahova, Umutakatifu,",general_prose
kentrans_1078_swh,swh_Latn,rag_Latn,"Baba, mwana, Roho, sisi tu gizani",Nyasaye Yahova. Umutakatifu.,general_prose
kentrans_922_swh,swh_Latn,rag_Latn,Ili kusafisha dhambi zako zote,"Nyenyanga khurhulidza Ubwoni bwobwo bwosi,",general_prose
kentrans_1385_swh,swh_Latn,rag_Latn,Aliyekuja kuniponya,Yadza ku mbonnya;,general_prose
kentrans_3517_swh,swh_Latn,rag_Latn,"Amka ulalamike usiku, Mwanzo wa kukesha kwake.",19 Vuka u kupe lwanga mbudiku mu litanga lyobulindi.,general_prose
kentrans_365_swh,swh_Latn,rag_Latn,Baharini mna vitu ama wanyama kama wale waliyo milimani na hata meli zimeonyeshwa njia za kupitia.,Munyanza muveye mu nevindu naho tsinyama kuli tsiveye mu vigulu na tsimeli tsia manywa tsinzila tsia tsitsilamu.,general_prose
kentrans_2358_swh,swh_Latn,rag_Latn,Mtende yaliyo ya kweli,Mukole ageligali,general_prose
kentrans_28_swh,swh_Latn,rag_Latn,Mmbo mtoto wa Kaviri,mmbo kaviri,general_prose
kentrans_474_swh,swh_Latn,rag_Latn,Pia walikuwa wakitafuta cha kumpelekea yule atakayemchoma.,Kandi vahenza kindu chokuhilira musambi zana.,general_prose
kentrans_526_swh,swh_Latn,rag_Latn,Kisha alichukua na kubambua ndizi mbichi alilowapea wagawane na kulila.,"Mayavugulanga ligomia livisi, akuvula, maavaha vamegana no kulia.",general_prose
kentrans_750_swh,swh_Latn,rag_Latn,"Yesu alikuja na kunikomboa,","Yesu yadza na a ndola,",general_prose
kentrans_56_swh,swh_Latn,rag_Latn,"Ndugu ni mtoto mvulana mliyezaliwa naye, ama dada kwa dada","Amwavo Nu mwana muyai wa mwivulwa naye, naho mkana kumkana.",general_prose
kentrans_662_swh,swh_Latn,rag_Latn,Sisi sote tuwachilie,Kwinye kwosi ku lakuule,general_prose
kentrans_303_swh,swh_Latn,rag_Latn,Mito na mabonde.,Imigera naho ivivanda,general_prose
kentrans_3293_swh,swh_Latn,rag_Latn,Kwa usingizi mnono kwa sababu alichoka,Mu tsindolo tsinene kigira ya luha;,general_prose
kentrans_1325_swh,swh_Latn,rag_Latn,Kwa furaha tele na mshangao,Na voosi va genya Iwa va hulira,general_prose
kentrans_3325_swh,swh_Latn,rag_Latn,"Kwa siku za Jaeli, njia","Mu madiku ga Jaeli, tsinzira",general_prose
kentrans_648_swh,swh_Latn,rag_Latn,Yesu anituze taji,Yesu aduke kumba itaji.,general_prose
kentrans_2246_swh,swh_Latn,rag_Latn,Leo tunayo nafasi,"Kalunu uvwiyangu voveyeho,",general_prose
kentrans_1329_swh,swh_Latn,rag_Latn,"Kwa pendo la dhati, tumsudie",Na ku Ia mu yanza madiku gosi.,general_prose
kentrans_1097_swh,swh_Latn,rag_Latn,umetupatia kila kitu kizuri,Vindu vilahi vyosi vya wa va ha;,general_prose
kentrans_337_swh,swh_Latn,rag_Latn,Na mtoto kama huyu baada ya mazishi watu hawakeshi nje tena.,Na umwana kuli uyu siagonelangwa ku amagenga mba.,general_prose
kentrans_48_swh,swh_Latn,rag_Latn,Mvulana wako akazaa mjukuu.,Muyai wovo yivula Mwisukulu.,general_prose
kentrans_107_swh,swh_Latn,rag_Latn,Ndizi zilipandwa nyuma ya nyumba wala si mbele.,"Amagomia gasimikwi na chaandangu, ha mugitsi mba.",general_prose
kentrans_2638_swh,swh_Latn,rag_Latn,"Ee! Ee! Ukoko,Ee! Ee! Ukoko",Ee!ee! kalondo. Ee! Ee! Kalondo,general_prose
kentrans_1127_swh,swh_Latn,rag_Latn,Kwa sababu ya pendo lako liltukumbatialo,Kigira buyanzi bubwo bu ku kumbiridzanga,general_prose
kentrans_2527_swh,swh_Latn,rag_Latn,Nyanya mchafu -Kifagio,Guku mumwamu -Ameyo,general_prose
kentrans_2502_swh,swh_Latn,rag_Latn,Msichana nipige -Chai,Mukaana nguba - Chai,general_prose
kentrans_1193_swh,swh_Latn,rag_Latn,ATUKUZWE BWANA YESA,YIDZOMINYWE MWAMI YESU,general_prose
kentrans_3027_swh,swh_Latn,rag_Latn,Anachimba hii yake.,Ayavaa iyeeye yiyi,general_prose
kentrans_2537_swh,swh_Latn,rag_Latn,Baba na mama wanatembea kwa pamoja -Kamasi,Baba na mama vatsiira kulala- Mamira,general_prose
kentrans_1892_swh,swh_Latn,rag_Latn,wangekula mahindi sambuli hiyo kabisa.,vaya ..za maduma lugano lwene yiru ligali.,general_prose
kentrans_1808_swh,swh_Latn,rag_Latn,Upashaji tohara ulifanyika baada ya miaka saba au miaka kumi ikiwa kulikuwa na njaa.,Vakevanga inyima we mihiga saba naho ni vavitizi kigira inzala jiva mihiga likomi.,general_prose
kentrans_1150_swh,swh_Latn,rag_Latn,Wimbo unaodumu milele,Lumenyanga mu kase.,general_prose
kentrans_2025_swh,swh_Latn,rag_Latn,Msalabani Yesu alisulubiwa.,Kumsalaba Yesu yavambwa,general_prose
kentrans_2902_swh,swh_Latn,rag_Latn,Aliwauliza wanawe wote lakini wakakana.,Yateva vaana vosi nivambakana.,general_prose
kentrans_3504_swh,swh_Latn,rag_Latn,Bali wameona mabashiri ya ubatili kwa ajili yako Na sababu za kuhamishwa.,"Navudzwa va ku koleye busigu bwobugadi, na vivuni vye lyadikidzwa.",general_prose
kentrans_524_swh,swh_Latn,rag_Latn,"Iwapo watu waligombana, na kususiana hata wasiweze kutembeleana na hata kula pamoja, hawa waliletwa pamoja na mzee wa jamii ili kusuluhisha tofauti zao.","Niva vandu valembananga, nukusulana vujira kogendelana nu kulia halala, mundu mukulundu yavavikanga halala kuhulira uvudinyu vwavo.",general_prose
kentrans_2521_swh,swh_Latn,rag_Latn,Mpira mchangana -Kiazi,Edenesi mwirova -Libwoni,general_prose
kentrans_1480_swh,swh_Latn,rag_Latn,Enzere(mdudu) hupatikana ziwani.,Enzeere enyoolekanga munyanza.,general_prose
kentrans_2828_swh,swh_Latn,rag_Latn,Ukiona nyama,Nololi kanyama,general_prose
kentrans_3292_swh,swh_Latn,rag_Latn,Hapo Jaeli bibi wa Heberi na Mukeni aliamka akachukua kigingi kimoja na akachukua kutoka Vakeni hata kutoka kwa nyundo yake na akaenda na watoto wa Hobabu shemeji wa Musa kwake polepole na alimpiga silaha na akajenga hema yake ambayo iko mbali sana kwa jamzi,"11 Na Heberi Mukeni yavukana vugula kivambo kilala, na a vugula kutwula ku vakeni, kali kutwula ku inyundu mmkono gwigwe,nay a tsia avana va Hobabu mukwasi wa Musa, kuye galaha, nay a mukupira kiva na yombaka lihema lilye ihale kuli ha mbo zana mu lunyanyiru, nakyo kya kereremu kya zaanaim, ki veye himbi vita buvu ni kingira hasi;kigira ya li",general_prose
kentrans_627_swh,swh_Latn,rag_Latn,Alikufa kwa sababu ya wenye dhambi,Ya kudzira avoni.,general_prose
kentrans_1541_swh,swh_Latn,rag_Latn,Wembe hunyoa nywele,Lugembe luvega liisu.,general_prose
kentrans_2986_swh,swh_Latn,rag_Latn,Sinia moja,(Lu)deru lulala,general_prose
kentrans_61_swh,swh_Latn,rag_Latn,"Shemeji ni aliyeoa dada yako ama mume wa dada yenu, my wa ukoo baba wa mke wako mke(aliyelipa mahari) ama babu.","Mukwasi uyu ni uwaahila mbotso woovo naho musaatsa wo mukana winyu, Umukoo uyu ni isee umkali wovo (wawakwela Tsing'ombe) naho guga.",general_prose
kentrans_3511_swh,swh_Latn,rag_Latn,"Bwana ameyatenda aliyoyakusudia; amelitimiza neno lake, Aliloliamuru siku za kale.","17 Yahova u koli aga ya saavira , u dukidzi likuva lilye lya ya laga mmaduki ga kale.",general_prose
kentrans_696_swh,swh_Latn,rag_Latn,Alivikwa miba,Crowned With Thorns,general_prose
kentrans_93_swh,swh_Latn,rag_Latn,Mwanamkiwa ni mtoto ambaye wazazi wake wameaga au mmoja wao ameaga,Mmbisandu uyu no mwana wa avivuli veeve vaahela(vaakudza)anaho mulala kuvo yakudza,general_prose
kentrans_690_swh,swh_Latn,rag_Latn,Alifanya rehema,"Ya kola tsimbabasi,",general_prose
kentrans_1943_swh,swh_Latn,rag_Latn,Walikuwa wakitia ndani viungo vingine.,Vamanya vavika mu amamera,general_prose
kentrans_281_swh,swh_Latn,rag_Latn,Mwezi uliojificha mawinguni huwa hauonekani na baadaye pia huonekana.,Umweri gwivisa ku mumalesi guvula kuloleka makandi gololeka.,general_prose
kentrans_1771_swh,swh_Latn,rag_Latn,Mtu anayelinganisha desturi hizi na desturi zinazoelezewa katika bibilia agano la kale zinafanana na zile desturi za wana wa Israeli.,Mundu na fwananyia miima yigi ne miima gya kololanga mu vangeli mu lilaga lya kale gifwanananga ligali ne miima gya vaisraeli.,general_prose
kentrans_360_swh,swh_Latn,rag_Latn,Yeyote angepanda mlima wa VOLKANO hadi kileleni,Umundu nunina kukigulu keveye ku na VOLCANO kwigulu kwene.,general_prose
kentrans_942_swh,swh_Latn,rag_Latn,Mali yangu ni bure.,Burhugi bwange ni vindu vutswa.,general_prose
kentrans_1992_swh,swh_Latn,rag_Latn,Hatimaye siku zimefika.,Tsinyanga tsimaliye kuduka,general_prose
kentrans_2051_swh,swh_Latn,rag_Latn,Ilifanya Yesu Asulubiwe,Vwagira Yesu na Vambwa,general_prose
kentrans_2946_swh,swh_Latn,rag_Latn,Alipotoka kazini jioni alimkosa mlezi nyumbani,"Lwayinuka hamugolova, yanyola muleri nataveye hango dave.",general_prose
kentrans_787_swh,swh_Latn,rag_Latn,"Yesu anipenda,","Yesu a yanza inze,",general_prose
kentrans_2391_swh,swh_Latn,rag_Latn,Wewe na watoto mpate uponyaji,Ilahonyia ive na vana vovo,general_prose
kentrans_3309_swh,swh_Latn,rag_Latn,"Tegeni maskio enyi wakuu, watu wa Mungu wakuu","Tegidze amatu ,O mwinye ava-Hene yahoo va Yahova va E nene;",general_prose
kentrans_43_swh,swh_Latn,rag_Latn,Nitawashtaki kwa Ndeda,Ndavugura uvuyaro wa ndeda,general_prose
kentrans_2406_swh,swh_Latn,rag_Latn,Katika mzigo wa dhambi,Kigira liminika lio bwoni,general_prose
kentrans_205_swh,swh_Latn,rag_Latn,Mtu huyu alijulikana kwa sababu alikuwa akitembea na ZANA yake aliyokuwa akitumia katika shughuli zake za utabibu.,Umundu uyu yamanyikana kigira yagenda ne ENDEDE yeye yanavidilange mu UVWANGA naniyaka.,general_prose
kentrans_1525_swh,swh_Latn,rag_Latn,Moyo ni kama vile unavyouona katika picha hii.,Mwoyo guveeye kuli ugulola mubicha yiyi.,general_prose
kentrans_2333_swh,swh_Latn,rag_Latn,Uliyejitolea msalabani,"Yehaanira kumusalaba,",general_prose
kentrans_2840_swh,swh_Latn,rag_Latn,Wanafunzi wajaribu kujikumbusha nyimbo,Vasomi vageliste kuvola tsinyimbu no mutwe.,general_prose
kentrans_69_swh,swh_Latn,rag_Latn,"Mama wa Ndugu ya baba yako anaitwa mama, Mjukuu Ndugu ya babu yako unamuita pia babu naye anakuita mjukuu","Mama umkeere wa Amwavo baba wowo umulanganga mama, Mwisukulu Amwavo guga wovo ive umulanganga kandi guga naye akulanga mwisukulu.",general_prose
kentrans_1931_swh,swh_Latn,rag_Latn,Jina letu “WALUHYA” ukichunguza utapata lilitokana na neno ‘LUHYA’ waliokuwa wakikaa hapo walikuwa watu wa jamii moja.,Lyeta lyetu “AVALUHYA” nohenzeritsa ulanyola lyatula ku ling'ana ‘LUHYA' avikalaanga ku ‘Luhya' vali avandu vo loleera lulala.,general_prose
kentrans_3019_swh,swh_Latn,rag_Latn,Analia,aliraa,general_prose
kentrans_2472_swh,swh_Latn,rag_Latn,Wa kuja kwake bwana yesu.,Yo mwami wetu Yesu yazanga,general_prose
kentrans_138_swh,swh_Latn,rag_Latn,"kama si hivo, angetoa macho na kuangali alafu anakosa kunai mavi","Nigatali ndio dave, amanya ahana tsimoni maavula kunia mavi.",general_prose
kentrans_827_swh,swh_Latn,rag_Latn,Atanichukua.,A la vugula inze.,general_prose
kentrans_2413_swh,swh_Latn,rag_Latn,Kumbuka Mungu huona nyoyo zetu,Umanye Yahova ahenza mumwoyo,general_prose
kentrans_2361_swh,swh_Latn,rag_Latn,Fanyeni uamuzi mtoke kwa zambi.,Mutovole bwangu mutuli mu bwoni,general_prose
kentrans_785_swh,swh_Latn,rag_Latn,Yesu anipenda.,Yesu a yanza inze.,general_prose
kentrans_542_swh,swh_Latn,rag_Latn,"Japo, maovu aliyotenda ilikuwa mbaya sana ya kutotakasika, basi mhusika alifukuzwa asiishi miongoni mwa jamiii yake.","Amahiolo gavasuulanga koholitsa amadamanu, vakunganga mundu zana atula hagati havo",general_prose
kentrans_1067_swh,swh_Latn,rag_Latn,"Msaidizi yu hapa, hakuna mwingine;","Mukhonyi a li hanu, Shihali nowundi;",general_prose
kentrans_2921_swh,swh_Latn,rag_Latn,Evelia aliondoka alipokuwa amejificha akakimbia na kushika Yule ndege,Eveliayatula hayali niyibami nanyagula na gumira kanyonyi yako,general_prose
kentrans_166_swh,swh_Latn,rag_Latn,Yuko wapi yeye aliyezaliwa mfalme wa Wayahudi?,Aveye haliki wivuliywi mwami wa vayuda?,general_prose
kentrans_249_swh,swh_Latn,rag_Latn,Vivyo hivyo mwezi hauwezi angaza pasipo kukutana na JUA.,Na umweli sigunyala kuvala nigutagani ne LIUVA mba.,general_prose
kentrans_1381_swh,swh_Latn,rag_Latn,"Nitamtukuza, nitamtukuza","Nda sangala, nda sangala.",general_prose
kentrans_2134_swh,swh_Latn,rag_Latn,Sababu tumejaa dhambi sisi waombaji,"Kigira kusalanga novudamanu,",general_prose
kentrans_447_swh,swh_Latn,rag_Latn,Mtoto kuanza kuvuna vyakula shambani bila kibali cha baba,39. Mwana kutanga ligesa viukulia m’mulimi vujira livugilira lia dada.,general_prose
kentrans_2726_swh,swh_Latn,rag_Latn,Waliandaa kitoweo cha maharagwe kwa kuondoa ganda lake.,Muduya vakuvula ku magodo.,general_prose
kentrans_1410_swh,swh_Latn,rag_Latn,"Ataka kutuponya, kutuzalisha upya",Mwene ya tovola kuudza nokumenya na vandu:,general_prose
kentrans_2378_swh,swh_Latn,rag_Latn,Umpende Mungu baba wako,Uyanze mwami Nyasaye wowo,general_prose
kentrans_1379_swh,swh_Latn,rag_Latn,"Nitamtukuza, Yesu aliyelete","Nda sangala, Yesu ya leta",general_prose
luhya_multi_5_multi_swh,swh_Latn,rag_Latn,Indede eeh! Indede mama. Indede eeeh!,. Indede eeh! Indede mama. Indede eeeh!,Conversational
kentrans_2383_swh,swh_Latn,rag_Latn,Epuka moto wqa jehanamu,Utie kindu kitihizanga,general_prose
kentrans_435_swh,swh_Latn,rag_Latn,Kutazama mwili wa ndugu yake aliyekufa iwapo hakumtembelea akiwa hai,"27. Kohenza ku amwavo wovo nakuzi, niva wamugendelel, nakikiri mwoyo.",general_prose
kentrans_2355_swh,swh_Latn,rag_Latn,Munisikize munifuate,Muhulili inze mulonde inze,general_prose
kentrans_601_swh,swh_Latn,rag_Latn,Alipo sulubishwa Yesu,Ha va mu bambira Yesu,general_prose
kentrans_3032_swh,swh_Latn,rag_Latn,Ona Aligula na Ababu wananing’inia.,Lola Aliguula na Ababu vereraa,general_prose
kentrans_3503_swh,swh_Latn,rag_Latn,"Wala hawakufunua uovu wako, Wapate kurudisha kufungwa kwako.","Navo va vula kuvimbula ubwoni bubwo, kuduka ku girunkannya lyadikidzwa lilyo.",general_prose
kentrans_2691_swh,swh_Latn,rag_Latn,Haa aha!ninze ingoyi makudiegange ku vidego. Haa aha! Ni mimi kichoma nguo,Ninze ingoyi.,general_prose
kentrans_1904_swh,swh_Latn,rag_Latn,Kugonga mahidi kwa kinu ilikuwa ni kazi ngumu na pia walipepeta mahindi ili kutoa uchafu.,Yigu gwali muyinzi mudinyu kuduya amaduma na kandi vasese.,general_prose
kentrans_789_swh,swh_Latn,rag_Latn,"Yesu alitoka mbinguni,","Yesu ya rhula hango he,",general_prose
kentrans_389_swh,swh_Latn,rag_Latn,Wanawake,AVAKALI,general_prose
kentrans_236_swh,swh_Latn,rag_Latn,Nyota ndizo hukamilisha majukumu yaliyosalia.,Tsing’ereng’ani nitsiotsitwekitsa imiyinzi jitigaye.,general_prose
kentrans_3290_swh,swh_Latn,rag_Latn,"Na akasimama kwenye mlango wa hema ,na ya Baraka akakutanisha pamoja watukwa wote mtu akikuja kwako Zebuloni na Nafitali alienda na kuuliza na akasema kwake hapo Kedeshi; na watu elfu kumi na wanne watu wote? Wapi hapo utampata na mguu yake na Debora akasema hapana hamna","10 Na singire mu kiliango kyelihema, na ga Baraka ya vugannya halala avandula va ku vosi mundu ni yadza ku ive, va zebuloni na Naftali ya tsia nokukuteva, na a vola, A yeye hano Kedesh;navandu tsielfu likumi vane-mundu ku vosi? Hene yahoo u la gira ha virenge vivye:na Debora tivula, Auwa, si a veye ho.",general_prose
kentrans_2041_swh,swh_Latn,rag_Latn,Akasema leo imekwisha,Yavova lero gafweye,general_prose
kentrans_268_swh,swh_Latn,rag_Latn,Mtoto huyu anapotambua uhai haupo tumboni humo basi angetungua ule uja uzito.,Umwana uyu naloli ilimenya siliveye muinda yila ililahi dave amanya atula mu.,general_prose
kentrans_797_swh,swh_Latn,rag_Latn,"Yesu mponyaji, wa","Yesu Muhonnyi, mu",general_prose
kentrans_2398_swh,swh_Latn,rag_Latn,tumaini Yesu Kristo,Suvira mu Yesu kristo.,general_prose
kentrans_438_swh,swh_Latn,rag_Latn,Babu au nyanya kuangalia kaburini wakati mwili wa mjuku ulikiteremshwa kaburini(kitambo walipofuka),30. Guga naho guku kohenza mukilindwa lwom’mbiri gwo mwisukulu gwikitsangwa mu kilindwa. (Gase valavakula),general_prose
kentrans_698_swh,swh_Latn,rag_Latn,Ikawekwa taji,Gu vikiywi taji,general_prose
kentrans_250_swh,swh_Latn,rag_Latn,"Punde Jua limalizapo majukumu yake usiku, huwa inatua baharini upande wa magharibi.",Ulwe liuva limala miyinzi jagwo vudiku guyekanga imadioli munyanza.,general_prose
kentrans_2434_swh,swh_Latn,rag_Latn,"Sadaka, zaka na mavuno","Sadaka , izaka na engeso",general_prose
kentrans_1626_swh,swh_Latn,rag_Latn,Sungura akaanza kufikiria jinsi jinni (anakanani) alivyo muua mamake.,Anakamuna yaganagannya kuli Anakanani yiita nnya.,general_prose
kentrans_2375_swh,swh_Latn,rag_Latn,Chagua leo Kuishi,Tovole lero liva mwoyo,general_prose
kentrans_2314_swh,swh_Latn,rag_Latn,Nyakati sasa ni za majaribu,Kigira tsinyinga tsimali kwoneka.,general_prose
kentrans_3304_swh,swh_Latn,rag_Latn,Mbali na kelele za hao Mtoto wa Abinoam aliimba akirusha visu siku hiyo na wakasema peana maji kwa sababu wakuu walitangulia katika,11 Ilhale Ligali ku lioga iya yava,general_prose
kentrans_3245_swh,swh_Latn,rag_Latn,Ukiangalia juu wakati wa giza ni nini unaona?,Niwumika yigulu mukisundi ulolaki?,general_prose
kentrans_3501_swh,swh_Latn,rag_Latn,"Kwa maana uvunjifu wako ni mkuu kama bahari, Ni nani awezaye kukuponya?","Kigira ubusagaruku bubwo buveye bunene kuli inyanza, Ni bwaha u nyala kukuhonya?",general_prose
kentrans_449_swh,swh_Latn,rag_Latn,Kupuuza wasia wa shangazi,kusilla ku mang'ana ga senge.,general_prose
kentrans_1521_swh,swh_Latn,rag_Latn,Ukiwa na roho safi utakuwa na ukoo na Mungu,Nuveeye numwoyo mulahi ulava mwiko wa Nyasaye.,general_prose
kentrans_741_swh,swh_Latn,rag_Latn,"Mtukuze Yesu,","Midzominye Yesu,",general_prose
kentrans_3040_swh,swh_Latn,rag_Latn,Ona ile ua,Lola lugaga lula,general_prose
kentrans_3300_swh,swh_Latn,rag_Latn,Na Debora akamwambia,14 Na Debora ya volera,general_prose
kentrans_2213_swh,swh_Latn,rag_Latn,Jamii sote tulimpenda,"Aviko vosi kwali kwamuyanza,",general_prose
kentrans_1958_swh,swh_Latn,rag_Latn,"Kamba ilikuwa ikifungwa kwa kiwanja ambacho jamii mbili au tatu zilikutania.O: Naho mwirago he tsisoma tsivuganiranga, sia losoma lwikalanga mu kiduma chavo. Mahali walipokutania hawakuwa wakikaa pamoja.",Mugoye gwavohangwa mu kiguti kirahi ahavandu ve tsisoma tsiviri naho tsivaga tsivuganiranga.,general_prose
kentrans_3155_swh,swh_Latn,rag_Latn,Cheka,seka,general_prose
kentrans_1217_swh,swh_Latn,rag_Latn,Kama njiwa atawale,Na kuli likulu.,general_prose
kentrans_83_swh,swh_Latn,rag_Latn,Na akifa hakuzikwa kwa boma bali kando au nyuma,Na nakutsi siatevwangwa hamugitsi vulungi mba nitali hambete naho indangu,general_prose
kentrans_3069_swh,swh_Latn,rag_Latn,Haana aliona huyu akipeana.,Haana yalola uyu nahanaa.,general_prose
kentrans_1512_swh,swh_Latn,rag_Latn,Mtoto muchokozi huchapa wenzake kwa kiboko.,Mwana mutindi akuyaa avandi nembiimbu.,general_prose
kentrans_1949_swh,swh_Latn,rag_Latn,Miereka ya wavulana Ulikuwa mmoja wa mchezo uliochezwa.,Mulala ku mikinu yiji gwali kusindana kulwana kwa vayai.,general_prose
kentrans_1720_swh,swh_Latn,rag_Latn,Unapoangalia hapo juu katika sura hii unaona nini?,Nuuhenza yigulu mulisooma yiri ulalola ibicha yekinywere.,general_prose
kentrans_2087_swh,swh_Latn,rag_Latn,Tuma yetu ni mgaya,"Koveye nelikayilwa lidamanu,",general_prose
kentrans_476_swh,swh_Latn,rag_Latn,Walitafuta wa kumchoma kutoka mbali.,Venyanga musambi kutula ihale.,general_prose
kentrans_518_swh,swh_Latn,rag_Latn,Hakuwa akifanyiwa makumbusho.,siyakolelangwa lovego mba.,general_prose
kentrans_405_swh,swh_Latn,rag_Latn,"Wasichana kwa wavulana kama maskini mwanamke angejifungua watoto wavulana kwa wasichana ,warefu kwa wafupi","Avayayi na vakana kuli avadaka mundu mukali yivula ku avana vayayi na vakana, avimbi na vatambi.",general_prose
kentrans_385_swh,swh_Latn,rag_Latn,Iwapo wadudu wangeikataa basi walidhibitiha kwamba hata Miungu wameikataa.,Ni valoli amamonyo nigasuyi vamanya misambwa jisuyi.,general_prose
kentrans_3079_swh,swh_Latn,rag_Latn,Mayayi,mavuyu,general_prose
kentrans_2385_swh,swh_Latn,rag_Latn,Utapata tena kuishi,Ulanyola liva mwoyo.,general_prose
kentrans_1685_swh,swh_Latn,rag_Latn,Vita vilikuwa vimechacha kati yao hadi wakaunda,Liihe liali niriveeye lirulu ligali nivakubanga isaango enene,general_prose
kentrans_3637_swh,swh_Latn,rag_Latn,"Atapatiliza uovu wako, Ee binti Edomu atazivumbua dhambi zako.",A ladza ku ubwoni bubwo omukana wa Edom alavambula ubwoni bubwo.,general_prose
kentrans_713_swh,swh_Latn,rag_Latn,YESU MTAFUTAJI,YESU MUSOLI,general_prose
kentrans_1289_swh,swh_Latn,rag_Latn,WACHUNGA WALIPOLINDA,INYINGA AVAYI VAYA,general_prose
kentrans_63_swh,swh_Latn,rag_Latn,Mkazamwana ni mke wa mvulana wako ama mvulana aliyeoa msichana ni bibi,Navitsara uyu ni mkali wo muyai wowo naho muyai wahila mkana ni guku.,general_prose
kentrans_889_swh,swh_Latn,rag_Latn,Anatuita leo,Akulanga nunu,general_prose
kentrans_3513_swh,swh_Latn,rag_Latn,"Naye amemfurahisha adui juu yako, Ameitukuza pembe ya watesi wako.",Ya ha musigu lisangala KU ive ya kuminya Lwiga lwa yavo Ava dambidzanga ive.,general_prose
kentrans_3131_swh,swh_Latn,rag_Latn,Huyu ni Ferida na huyu ni Febe.,Uyu ni Ferida nauyu ni Febe,general_prose
kentrans_1311_swh,swh_Latn,rag_Latn,"Alizaliwa, huko Bethlehemu",Yesu yivulwa mu Bethlehemu.,general_prose
kentrans_224_swh,swh_Latn,rag_Latn,Huyu ndiye aliyeitwa au mambo yaharibike.,Uyo nu mundu walangangwa naho umwulia gwoneka.,general_prose
kentrans_2426_swh,swh_Latn,rag_Latn,Huishi katika mabawa yake,Amenyanga mu vulindi bwe,general_prose
kentrans_374_swh,swh_Latn,rag_Latn,"Wakati wa kuzaliwa mtoto kutoka tumboni mwa mama yake, hufanya sawia na migurumo ya mvua itakayo kunyesha.",Umwana niyenya kwivulwa kutula mu inda yo umundu mkali akola kuli IMBULA IHIZA niyenya kwivulwa.,general_prose
kentrans_1880_swh,swh_Latn,rag_Latn,Mganga wa kienyeji alikuwa akirejelea kupiga mawe na kuuliza kwa kitu kimoja au viwili alivyoulizia hapo awali na kuuliza aliye na mgonjwa mawe yangu yamesimama kwa kitu hiki.,Mukumu yirana kukuba mu magina gege ma atovola ku kindu kilala naho viviriku vyatevangi kuli ayanzi ma avolera mwene mulwaye amagina gange gasingiye ku kindu yiki.,general_prose
kentrans_3203_swh,swh_Latn,rag_Latn,Yeye ni askali mzuri.,Aveeye mulindi mulahi.,general_prose
kentrans_3649_swh,swh_Latn,rag_Latn,Nasi tumebeba maovu yao.,Na kwinye ku gingi budamano bwavo.,general_prose
kentrans_3281_swh,swh_Latn,rag_Latn,Lakini Sisera akakimbia kwa miguu ya Naftali na za watoto wa Zebuloni?,17 Navutswa Sisera yiruka nevilenge va Nafitali na tsyavana va Zebuloni?,general_prose
kentrans_3435_swh,swh_Latn,rag_Latn,"Aliweka mifupani mwangu moto kutoka juu mbinguni, nao umenishinda.","13 Ya vika muliru mu vigumba vyange ku twula migulu, nagwo vi guuta.",general_prose
kentrans_10_swh,swh_Latn,rag_Latn,Ulilipiga nduru aje?,Wakuba ndi?,general_prose
kentrans_2741_swh,swh_Latn,rag_Latn,MUNGU HUUMBA BINADAMU.,NYASAYE ALOMBA MUNDU,general_prose
kentrans_2001_swh,swh_Latn,rag_Latn,Nimemaliza mambo yangu hapa duniani.,Inze maliye miyinzi gyange,general_prose
kentrans_1894_swh,swh_Latn,rag_Latn,Wakati ulifika wakati serikali ilitoa amri watu wapande mahindi sambli moja isiyo ya mchanganyiko.,Inyinga yaduka lwa serikali yenya avandu vatage amaduma lugano lulala ulutali lwa mazugane dave.,general_prose
kentrans_733_swh,swh_Latn,rag_Latn,Wamsifu Yesu.,Vidzominye Yesu.,general_prose
kentrans_256_swh,swh_Latn,rag_Latn,Baadhi ya mieza huzaa nyota wengi ilihali miezi nyingine huzaa nyota chache.,Umweli mulala govele ho gwivula Tsing’ereng’ani tsinyingi ligali nu gundi gwivula tsingekeke vutswa.,general_prose
kentrans_1669_swh,swh_Latn,rag_Latn,Mzee Yule alimjuaje kijana aliyeiba ?,6. Musakulu uyo yaamanya ndi muyayi wiiva?,general_prose
kentrans_390_swh,swh_Latn,rag_Latn,Hapakuwa na sheria iliyoruhusu mwanamke kukaribia ama kuongoza tambiko hata kidogo.,Sihali ho ne lilago iliavugilila umundu mkali ukuva ahimbi anaho kusingilila MULUKA MBA.,general_prose
kentrans_1633_swh,swh_Latn,rag_Latn,Sungura akawasha kitita cha moto,Anakamuna yaalomba ikiyayi manaavoolera Anakanani kuniina kumusaala.,general_prose
kentrans_967_swh,swh_Latn,rag_Latn,"Ulioubeba msalabani,","Gwa u gingi khu musala,",general_prose
kentrans_2752_swh,swh_Latn,rag_Latn,Kifungua mimba.,Mwana wa mbiri,general_prose
kentrans_2162_swh,swh_Latn,rag_Latn,Naye atawakumbatia,Naye alisunda ahimbi ku mwinye.,general_prose
kentrans_3045_swh,swh_Latn,rag_Latn,Ananyonya,Anuunaa,general_prose
kentrans_1273_swh,swh_Latn,rag_Latn,Furaha kwa ulimwengu Bwana amekuja,Ubuyanzi bu ye hosi Yesu udzi hasi,general_prose
kentrans_2795_swh,swh_Latn,rag_Latn,Sikupewa wimbi bila kugharamia.,Na vahuli sivakamba vutswa.,general_prose
kentrans_2003_swh,swh_Latn,rag_Latn,Vita nilivyovipiga duniani,Vulwani vwa ndalwana mulilova.,general_prose
kentrans_764_swh,swh_Latn,rag_Latn,Rehema leo hii.,Tsimbabasi nunuildi.,general_prose
kentrans_41_swh,swh_Latn,rag_Latn,Nitengenezee ukamba wangu nijifunge,Nomberi uvukamba vwange nzevohe,general_prose
kentrans_905_swh,swh_Latn,rag_Latn,Alibeba dhambi zangu.,Ya ngingira bwoni bwane.,general_prose
kentrans_540_swh,swh_Latn,rag_Latn,Tena alichukua yule kuku mweupe na kumpapasapapasa nayo kama ishara ya heri njema ya kamaliza utakaso wa jambo hilo.,"Ma kandi yavugulanga engoko ndavu yila agemeyitsa kuye, ma luva lufeye.",general_prose
kentrans_2992_swh,swh_Latn,rag_Latn,Liduudu (aina ya ndege) mmoja,Liduudu lirala,general_prose
kentrans_3170_swh,swh_Latn,rag_Latn,Wanafunzi huhudhuri shule hapo kila siku.,Vasomi vaduukaaho madiku gosi,general_prose
kentrans_2970_swh,swh_Latn,rag_Latn,Ameona yule baba,Uloli baba ula.,general_prose
kentrans_1423_swh,swh_Latn,rag_Latn,Mtu alitunda ndimu ile,Umundu yagulaa indimu yira.,general_prose
kentrans_1194_swh,swh_Latn,rag_Latn,Atukuzwe Bwana Yesu,Yidzominywe Mwami Yesu:,general_prose
kentrans_1079_swh,swh_Latn,rag_Latn,Utukufu wako haoni mkosa,Vandu vadamano si va Ia ku lola:,general_prose
kentrans_373_swh,swh_Latn,rag_Latn,Mlima ndio tumbo ya mwanamke akiwa mjamzito.,Kigulu nikyo inda yo mundu mukali umwana naveye mu.,general_prose
kentrans_692_swh,swh_Latn,rag_Latn,Yeye mwenyewe alituponya sisi,Mwene ya honya kwinye.,general_prose
kentrans_358_swh,swh_Latn,rag_Latn,Mlima ulio na VOLCANO una shimo kubwa kwenda chini kwenye ziwa na pia una barafu kubwa juu yake na moto mkubwa hutokea ndani na pia SPARK pamoja na upepo mkali.,Kukigulu ekeveye ku na VOLCANO Keveye nililina litambi kutsia hasi mu inyanza makandi barafu eveye ku enene ma umuliru gutula mu umunene wene ma kandi SPARK halala nuvukindu vonene vwene,general_prose
kentrans_1014_swh,swh_Latn,rag_Latn,Nitamsifu,Nyenyanga lidzominya lye,general_prose
kentrans_1405_swh,swh_Latn,rag_Latn,"Ametoka enzini, kuja ulimwenguni",“Ubukumi Ku Nyasaye nemirembe Ku ayandu”,general_prose
kentrans_1083_swh,swh_Latn,rag_Latn,Ulivyoviumba vyote vyakusifu,"Vindu vya wa lomba vidzominye lve,",general_prose
kentrans_471_swh,swh_Latn,rag_Latn,"Wengine waliwaendea wagagnga, kasha mganga anawaambia, “Mwenzenu aliyeaga ndiye anayesababisha magonjwa na shida mnazopitia.”","Naho valala vatsitsanga ku vukumu, ma mukumu avoola, “Vuyu winyu wakuza oyo niye oletanga vulwaye nu vudinyu vwamulo langa yivwo.",general_prose
kentrans_3274_swh,swh_Latn,rag_Latn,WAAMUZI,VAKALAGI,general_prose
kentrans_1448_swh,swh_Latn,rag_Latn,Nyota huangaza usiku.,Eng'ereng'ani yaakanga vudiku.,general_prose
kentrans_3307_swh,swh_Latn,rag_Latn,Vitendo vya ukweli vitaongoza,Vikolwa vyobulungi vyelyameha,general_prose
kentrans_1601_swh,swh_Latn,rag_Latn,"Wote wakasema, “Tuna hamu mno ya kula, tule nini ndiposa hamu hii ipotee, maanake imetuzidi”","Vosi vaavoola, ""Kuveeye nulusa muno, kuliaki ulusa lugote, kigira lukuvuhi.""",general_prose
kentrans_1305_swh,swh_Latn,rag_Latn,Malazi hapana.”,Ma a ye mu kego.,general_prose
kentrans_2327_swh,swh_Latn,rag_Latn,Sote tutabadiliswa,Ku la girunkanywa bwangu,general_prose
kentrans_1607_swh,swh_Latn,rag_Latn,Ndipo alipochukua silaha na kumdunga mamake.,"Ku, yaavugula kivaavi naatsooma mama weeve.",general_prose
kentrans_3268_swh,swh_Latn,rag_Latn,"Ndiegu alienda kuomba chakula, akamunyima mtoto","Ndiegu akatsia kusuma, akima umwana.",general_prose
kentrans_1299_swh,swh_Latn,rag_Latn,Leo amezaliwa,Yivuliywi mwana:,general_prose
kentrans_1751_swh,swh_Latn,rag_Latn,Taja vyakula ambavy teleka shukula?,Voola viokulia vietsisimindwa tsiritsanga?,general_prose
kentrans_1301_swh,swh_Latn,rag_Latn,Ilivyoandikwa:,Ngiki kilolero.,general_prose
kentrans_3551_swh,swh_Latn,rag_Latn,"Ni mpya kila asubuhi, uaminifu wako ni mkuu.","23 Tsi veye tsimpya mugamba nomugamba, busuuvirifu bubwo but blveye bunene.",general_prose
kentrans_80_swh,swh_Latn,rag_Latn,Tena huyu akiwa mtoto mvulana alijengewa nyumba kando na hangepewa uongozi,"Kandi uyu naveye mwana muyai yombakilwa haluvega, nasiyamihitsangwa mba",general_prose
kentrans_1221_swh,swh_Latn,rag_Latn,Kutoka utumwani,Kutwula mu buhambe,general_prose
kentrans_845_swh,swh_Latn,rag_Latn,Watenda dhambi watesekao;,Avoni va divanga;,general_prose
kentrans_1908_swh,swh_Latn,rag_Latn,Mzungu mmisionari kwa jina REES ndiye aliyefundisha watu kujenga visiagi vilivyotumia maji katika maeneo ya Maragoli na kuwafanya watu kuanza kula ugali mahindi kwa wingi.,Musungu mumissioni walangwa REES evologoli niye wegitsa avandu kwombaka tsing'ina tsya matsi ma lero avandu nivatanga kulagira uvukima vwe liboso mu vunyingi,general_prose
kentrans_2461_swh,swh_Latn,rag_Latn,Tupate kuishi kwa amani,Kulanyola livamwoyo lie mirembe,general_prose
kentrans_2966_swh,swh_Latn,rag_Latn,Anaona tanki lile.,Alolaa libiiba lira.,general_prose
kentrans_3672_swh,swh_Latn,rag_Latn,Kiti chako cha enzi ni tangu kizazi hata kizazi.,Intebe yoyo iveye kutula ku makula na makula.,general_prose
kentrans_2338_swh,swh_Latn,rag_Latn,Kutoka kwa upendo wangu,Lyatwula kubuyaní vwange,general_prose
kentrans_134_swh,swh_Latn,rag_Latn,"Pia huyo mtoto alihitajika kufanana na watu wao ndiposa anyonye matiti ya mama yake, akojoe mkoje, akunie mavi, na atazame jinsi watu wengine wanavyotazama na pia alale usingizi jInsi watu aliopata duniani walikuwa wakilala","Kandi umwana uyu yenya afanane na vandu vene yava ku anuni tsimbele tsia mama weve, yinyale aminyali, anie amavi, na ahenze kuli avandu vandi vahenza makali agone tsindolo kuli avandu vanyoye mkivala kuli vagonanga.",general_prose
kentrans_1189_swh,swh_Latn,rag_Latn,Wafungwa hufanywa huru,Ya boholola vahambe,general_prose
kentrans_976_swh,swh_Latn,rag_Latn,Ni nani awapenda wote?,Ni wi u yanza voosi’?,general_prose
kentrans_971_swh,swh_Latn,rag_Latn,Natubu dhambi,Na nzeganira ubwoni,general_prose
kentrans_854_swh,swh_Latn,rag_Latn,Tutakapo kutana mbinguni,Lwa ku la vugana mwigulu,general_prose
kentrans_1583_swh,swh_Latn,rag_Latn,Alishangazwa sana kisha akawaeka shambani na wakaliwa.,Yaagenya muno; ma navaavugula naavata mulukeyo. Amasakira gatsa nigavalia vosi.,general_prose
kentrans_1263_swh,swh_Latn,rag_Latn,"Ewe Bwana mwema, twakubarikia","Omwana wa Dada ya twula ingo wewe,",general_prose
kentrans_505_swh,swh_Latn,rag_Latn,Ndiyo siku waliyokuwa wakikamilisha shughuli kuhusu mfu.,Nilio lidiku liavamaliritsanga miyinzi jo mundu wakuza.,general_prose
luhya_multi_89_multi_swh,swh_Latn,rag_Latn,Usiamini mtumishi umaskini ukija wewe wa kuanza hakumjibu tena ambaye ni maskini kwa kumpatia tena.,“Okhamiina omukholi omutaambi Beecha wewe owe khunyoa se amukobosia lundi ooli omubanani mu khumuelesia.,Conversational
kentrans_2636_swh,swh_Latn,rag_Latn,Wanyama wote hutembea katika ulimwengu huu.,Kali tsinyama tsiosi tsingendanga ku lirova,general_prose
kentrans_2053_swh,swh_Latn,rag_Latn,Tumfuate tupate uponyaji,Kumlonde konyole lihona.,general_prose
kentrans_2676_swh,swh_Latn,rag_Latn,Watoto wetu ni mimi Lledi,Vaana vetu niinze lledi woo.,general_prose
kentrans_2015_swh,swh_Latn,rag_Latn,Majaribio haya yameshatufika,"Lwa magelizu gamali kuduka,",general_prose
kentrans_1436_swh,swh_Latn,rag_Latn,Kupe yuko kwenye kondoo,Endohi eveeye kuligondi.,general_prose
kentrans_937_swh,swh_Latn,rag_Latn,Msaada umepokea kwa sababu nakupenda.,Bukhonyi bu lerherwi ndi! Shigira nda khu yanza.,general_prose
kentrans_859_swh,swh_Latn,rag_Latn,"Ni Yesu,Ni Yesu.","Ni Yesu,Ni Yesu.",general_prose
luhya_multi_26_multi_swh,swh_Latn,rag_Latn,"Atafanya hivyo mkiwa mnamtii kisha ambayo alisema hayatafika sheria zake ambazo ninawapa, itakuwa si ujumbe wa mungu huu kwa kumpenda yeye, mungu.","'Alakhola ario mwaba ne muria o mala niko aloma se kakhole kamalaka kewe niko ndikho muelesia tawe, aba se buli burume bwa Wele luno khulwe khumusiima niye, Wele.",Conversational
kentrans_2767_swh,swh_Latn,rag_Latn,Pigeni ngoma,Kakubi isugudi nzie nzie,general_prose
kentrans_1735_swh,swh_Latn,rag_Latn,TELEKA,Isimindwa,general_prose
kentrans_3252_swh,swh_Latn,rag_Latn,Hawa mang’ohani huwawinda nzige,Amang'ohani yaga gahimanga madeede.,general_prose
kentrans_3230_swh,swh_Latn,rag_Latn,Nachuna hindi nimgongolee kuku,Nogaa liduuma ndondolere engoko.,general_prose
kentrans_3433_swh,swh_Latn,rag_Latn,"Angalieni, mtazame kama kuna majonzi yoyote kama yangu, niliyotendwa.","Henze, mu lole, Ni ha va Ni ha veye nelivererera Lindi kuli livererera Lindi kuli livererera Lya mbeye nalyo, Lya nkolerwa.",general_prose
kentrans_676_swh,swh_Latn,rag_Latn,Tusamehe dhambi zetu,ku samehe bwoni bwetu.,general_prose
kentrans_173_swh,swh_Latn,rag_Latn,"Uliza msichana unayetaka kumuoa ukoo wak, pamoja na wa wazazi wake",Kandi teva umukana wa wenya kuleta ihiiri yeye na vivuli veve kuli wa vivulana,general_prose
kentrans_39_swh,swh_Latn,rag_Latn,Nilienda juu nikamwoosha Simbi Dione,Ndazya mwiguru ndasinga simbi dione,general_prose
kentrans_3639_swh,swh_Latn,rag_Latn,Urithi wetu umegeuka kuwa mali ya wageni.,2 Miyandu gyetu gyi girunkannyiywi kutsya ku vageni.,general_prose
kentrans_738_swh,swh_Latn,rag_Latn,Dhambi zenu ni nyingi,Ubwoni bwenyu no bunene,general_prose
kentrans_91_swh,swh_Latn,rag_Latn,Mwanamke anayeguza mumewe sehemu ya siri wanapozozana anafaa kufukuzwa alikooleka,Uluswa umukali ugimiyi umusatsa wewe kuvusatsa nivasolananga kandi gadukana akungwi ahayatsia mulukali,general_prose
luhya_multi_73_multi_swh,swh_Latn,rag_Latn,"Msiwachukie Waedomu, walio wanawake ama wa kiume anayefanya jamii zenu.","“Mukhabiila Baedomu tawe, bali bakhasi namwe owe siseecha okhola balebe benywe.",Conversational
kentrans_1254_swh,swh_Latn,rag_Latn,Amezaliwa jumbe wa la mbinguni,"Hambi kulole Yesu Mwami wetu,",general_prose
kentrans_3128_swh,swh_Latn,rag_Latn,Hawa watoto walilete miba.,Avaana yava valeta mafa,general_prose
kentrans_3264_swh,swh_Latn,rag_Latn,"Hata kionjo huonji, ng’oo!",Ndakogera ng'oo!,general_prose
kentrans_1883_swh,swh_Latn,rag_Latn,"Au,yule aliyeaga waende kufukua mifupa yake ichomwe kwa sababu ndiye anayerejea kama jinamizi.",Naho ‘vuyu' wakutsa ula vatsie kuyavulula vigumba vivye visambwe kigira niye usyukanga.,general_prose
kentrans_1204_swh,swh_Latn,rag_Latn,Kwa furaha kumtukuza,Ubuyanzi lisangaIa,general_prose
kentrans_1374_swh,swh_Latn,rag_Latn,yesu alipofika toka mbinguni,"Lwa Yesu ya twula mwigulu,",general_prose
kentrans_217_swh,swh_Latn,rag_Latn,Watu hawakuwa wakitaka kusalimiana na wengine walipokuwa wakienda kwa shughuli za utabibu au kubariki.,Avandu ve sivenya kuchelitsana na vandu ulwavatsitsa ku miyinzi jo vuvidi naho kusaalisa,general_prose
kentrans_511_swh,swh_Latn,rag_Latn,"walikuwa wakianza na mvulana wa jamii hiyo (mtoto wake au mjukuu),","vatanganga livega mwana muyai wa hango yaho (mwana weve naho mwisukulu),",general_prose
kentrans_1732_swh,swh_Latn,rag_Latn,"Katika somo lililotangulia, tumesikia jinsi Jese alitamani kuwa mshindi mwema.",Mulisooma liviti kuhuliye kuli muyayi wa Jese yeenya kugwa muguuti mulahi.,general_prose
kentrans_500_swh,swh_Latn,rag_Latn,Watu waliishi pamoja.,Avandu vamenyanga halala.,general_prose
kentrans_3134_swh,swh_Latn,rag_Latn,Setsu anatupa ukuni.,Setsu asigisaa lusasu,general_prose
kentrans_1912_swh,swh_Latn,rag_Latn,Wazee wa jamii walikuwa wakikaa kwa nia ya kutakasa nchi yao kwa kuwatambua watu wabaya.,Avasakulu voluhya vikalanga halala ma vavola venyanga kolomba kivala keve kilahi avandu vadamanu vamanyekane.,general_prose
kentrans_1440_swh,swh_Latn,rag_Latn,Ngao,Ingavo,general_prose
kentrans_1571_swh,swh_Latn,rag_Latn,Watoto hao walisongeza moto hadi maharagwe yakaiva,Avaana yavo vigereritsa muliru kudukanivalola muduya niguhiiye.,general_prose
kentrans_2627_swh,swh_Latn,rag_Latn,Mtoto alienda kuchuma.,Nu mwana akatsia kusuma.,general_prose
kentrans_3478_swh,swh_Latn,rag_Latn,"Naye ameondoa maskani yake kwa nguvu, Kana kwamba ni ya bustani tu; Ameharibu anapofanyia mikutano.","6 U twulizi netsingulu hokumenya hehe, kuli ha zana ha li milimi vutswa wononnyi hokuvugana hehe.",general_prose
kentrans_2309_swh,swh_Latn,rag_Latn,Ona vile unatembea,Henza kuli sia ogendanga,general_prose
kentrans_1592_swh,swh_Latn,rag_Latn,Walimfanyia nini nyanya huyo?,5. Aviri vaakolaki kuye?,general_prose
kentrans_1266_swh,swh_Latn,rag_Latn,"Leo sikizeni waimba malaika,","Huliri kalunu tsingelosi vimba,",general_prose
kentrans_2928_swh,swh_Latn,rag_Latn,Baba yao aliwaachia ng’ombe sita,Baba wavo yava rekera tsing’ombe sita,general_prose
kentrans_3643_swh,swh_Latn,rag_Latn,Tunakunywa maji tununuayo kwa fedha.,4 Ku nwedzanga amadzi getu ga kugulanga na ifetha.,general_prose
kentrans_1468_swh,swh_Latn,rag_Latn,Anaishi wapi?,Emenyaa haliki?,general_prose
kentrans_2458_swh,swh_Latn,rag_Latn,Tumetoka maisha ya giza,Kutuli mulimenya lie Kisundi,general_prose
kentrans_3181_swh,swh_Latn,rag_Latn,"Walichukua mashamba na mifugo wao,",Vaavugula mirimi nemitugu javo,general_prose
kentrans_1728_swh,swh_Latn,rag_Latn,"Japo mwindaji hana umbwa shupavu wa kunusa na kukimbia sana, basi hataweza kuua knywere.","Muhiitsi natali netsiimbwa tsinyala kufunyliritsa malusu nukunyagula vwangu, sianyala kwita kinywere mba.",general_prose
kentrans_1246_swh,swh_Latn,rag_Latn,Kuja kwake ni kwa wale wanaoamini,"Liidza lilye si lila manywa mu lirova lyosi,",general_prose
kentrans_1594_swh,swh_Latn,rag_Latn,Walizikwa wapi?,7. Yaata kaliki aviguliri?,general_prose
kentrans_2784_swh,swh_Latn,rag_Latn,Amu akikataa tumpe babu.,Kotsa nasuye kohe guga.,general_prose
kentrans_999_swh,swh_Latn,rag_Latn,"Rehema zake Bwana,","Tsimbabasi tsya Nyasaye,",general_prose
kentrans_2882_swh,swh_Latn,rag_Latn,Sungura aliwaza na kujiuliza : “ Nitajuaje ukweli?”,"Kisungura chaganagana nicheteva: ""Namanye ndi uvulungi?""",general_prose
kentrans_777_swh,swh_Latn,rag_Latn,Yesu anipenda: ndiye pia,Yesu u nyanza: niye yesi,general_prose
kentrans_2952_swh,swh_Latn,rag_Latn,Mbugumange-mbuudu mbududu,mbugumange-mbuudu mbududu.,general_prose
kentrans_235_swh,swh_Latn,rag_Latn,"Mwezi una majukumu machache ya usiku kwa sababu huangaza kwa masaa machache na kisha kwenda kupumzika, Kisha mwezi unawawachia watoto wake.","Umweli guveye nemiyinzi mikekeke kuvudiku kigira gokola vutswa kutsisaa tsingekeke magutsia kusosa, ma umweli gulekela avana va gwo.",general_prose
kentrans_757_swh,swh_Latn,rag_Latn,Bwana Yesu wa mbinguni,Mwami Yesu womwigulu,general_prose
luhya_multi_125_multi_swh,swh_Latn,rag_Latn,“Hapana utazoea sisi pia tulikuwa hivyo tukija siku hizi huwa tunapitana tu kama mfalme anapotembea zizini mwa kondoo wake.,“Tawe olanala. Fwesi khali khurio nikhushiitsa. Leelo khubisianinjia butswa shinga omwami nachenda mwituuli liamakondike”,Conversational
kentrans_1205_swh,swh_Latn,rag_Latn,Azaliwapo Bwana,Inyinga yivulwa.,general_prose
kentrans_3251_swh,swh_Latn,rag_Latn,Ukimumulika ling’ohani atayoroka.,Nuumulika lingʻohani lirabuluka.,general_prose
kentrans_2688_swh,swh_Latn,rag_Latn,Ni mimi kichoma nguo woo ni mimi kichoma nguo,"Ninze ingoyi woo,inze ingoyi woo.",general_prose
kentrans_1258_swh,swh_Latn,rag_Latn,Amekuwa radhi kuzaliwa,Muginge lyeta lilye igulu lero.,general_prose
kentrans_1113_swh,swh_Latn,rag_Latn,"Tutakusujudu, Baba, Mwana na Roho","Kwenya kusigamira, Dada, Mwami, na Roho",general_prose
kentrans_2389_swh,swh_Latn,rag_Latn,upate pia kuishi,Ulanyola liva mwoyo,general_prose
kentrans_1110_swh,swh_Latn,rag_Latn,"Njoo roho ya mwokozi, utufunukie","Udze Roho Muhonyi, U Ia ku vuulikira",general_prose
kentrans_2863_swh,swh_Latn,rag_Latn,Yaliyomo katika barua hii,Agaveye mu barwa yiyi,general_prose
kentrans_1216_swh,swh_Latn,rag_Latn,Kama ninga atawale,"A la meha kuli indidzu,",general_prose
kentrans_1544_swh,swh_Latn,rag_Latn,Jini likatokea nyuma wakati nzige walikuwa wanapaa angani,Ugunani gwatula inyima netsisigi tsiali nitsibulukaa yigulu.,general_prose
kentrans_3129_swh,swh_Latn,rag_Latn,Wameshika miba yenye makali.,Vagumiyi mafa muugi,general_prose
kentrans_925_swh,swh_Latn,rag_Latn,Nyumba ya Mungu,Inyumba ya Nyasaye,general_prose
kentrans_144_swh,swh_Latn,rag_Latn,Wakati Mwingine mtoto aliitwa jina lisilo lake na anakuwa vizuri .,Inyinga yiindi mwalanga umwana ilieta litali iliye ma agasa.,general_prose
luhya_multi_53_multi_swh,swh_Latn,rag_Latn,"""Miji hii yote iliyomo kwenye ukoo wa Manase ilizungukwa na ukuta mrefu.","""Chingoba chino choosi mu kholo eya Manase chaba chabotookhelelwa ne lisiisi lileeyi",Conversational
kentrans_887_swh,swh_Latn,rag_Latn,Sote tuamini,Kwosi ku suuvire,general_prose
kentrans_3029_swh,swh_Latn,rag_Latn,Umeona lile titi moja?,Uloli luveere lulala lula,general_prose
kentrans_742_swh,swh_Latn,rag_Latn,"Ni jina lake tulipendalo,","Ni lyeta lilye Iya ku yanza,",general_prose
kentrans_3634_swh,swh_Latn,rag_Latn,"Furahi, ushangilie, Ee binti Edomu, ukaaye katika nchi ya Usi.","21 U yanze, u sangale, o Mukana was Edom umenya mu kivala Kya Uzu.",general_prose
kentrans_2746_swh,swh_Latn,rag_Latn,Kifungua mimba,MWANA WA MBIRI.,general_prose
kentrans_265_swh,swh_Latn,rag_Latn,Utaona mambo ya nyota.,Ulalola amang'ana ge tsing'ereng'ani.,general_prose
kentrans_76_swh,swh_Latn,rag_Latn,Uongozi ulipokuwepo mjane huyo hangepewa nafasi ya kuongoza,Mukali uyu umuyinzi niguveyeho ugwovulindi siahevwa uvulindi mba,general_prose
kentrans_2736_swh,swh_Latn,rag_Latn,Amugovolio: Sijui kukata nyasi.,Amugovolio: Manyi kutimula mba,general_prose
kentrans_396_swh,swh_Latn,rag_Latn,Ilichinjiwa juu ya kaburi ya Yule aliyeaga ndiposa Yule mtu aliyeaga ale ama anywe damu ya ngombe wake,Vasinzilanga hakilindwa kyo mundu zana hayatevwa ku umundu mwene wakutsa ulie naho anwa ku masahi ge eng'ombe yiyi.,general_prose
kentrans_3216_swh,swh_Latn,rag_Latn,Watu hawa wanataka kuchokozana.,Avandu yava venyaa vatindirane.,general_prose
kentrans_2465_swh,swh_Latn,rag_Latn,Wakalakiwa kwa nyumba ya wageni,Vingilizwa nu inyumba ya vageni,general_prose
kentrans_3570_swh,swh_Latn,rag_Latn,Tumetenda dhambi na kuasi nawe hujasamehe.,"42 Ku site lwako nokwebaala, ive si u sameha mba.",general_prose
kentrans_397_swh,swh_Latn,rag_Latn,Kulingana na miiko kama mjane aliyeachwa alikuwa mzinzi mume wake akifariki kama bado hawajafanya kumbukumbu hakufaa kukaribia kaburi la mumewe,Lilonda ku niva umukali walekwa uyu niiva yakola ku ovoheyi musatsa wewe nakutsi nivakili kulomba olovego sasiena ku hakilindwa yiki mba.,general_prose
kentrans_1417_swh,swh_Latn,rag_Latn,"Mioyo yetu safisha, tufanane na wewe","Girunkanya myoyo gyetu, gyi dukidzwe kuli lve.",general_prose
kentrans_3525_swh,swh_Latn,rag_Latn,"Umewaua katika siku ya hasira yako; Umeua, wala hukuona huruma.","U viiti KU lidiku lyobutima bubwo, u viiti, na si u vereye tsimbavasi mba.",general_prose
kentrans_1960_swh,swh_Latn,rag_Latn,Mmoja angechaguliwa kutoka kundini na wakishakubaliana kupigani basi wengine wangetokea.,Mulala ahenza undi mu lusoma lundi ma amutovola. Navugiriye mavandi vatula mu muse.,general_prose
kentrans_619_swh,swh_Latn,rag_Latn,Ulisoma hadithi ya msalabani,75 WA SOMA LUGANO LWO MUSALA,general_prose
kentrans_2342_swh,swh_Latn,rag_Latn,Kuosha nyoyo zilizo chafu,Kwogidza myoyo midamano;,general_prose
kentrans_1346_swh,swh_Latn,rag_Latn,"Kwake siku ya leo, tunataka kuomba","Kwenya ku musaale, ku lidiku yili,",general_prose
kentrans_1876_swh,swh_Latn,rag_Latn,Unajua mtu yeyote ambaye hutembea nyumbani kwako usiku?,Wamanya ku umundu umanya agendaa hango vudiku?,general_prose
kentrans_909_swh,swh_Latn,rag_Latn,"Naye Mwana wa Mungu,","Naye Mwana wa Nyasaye,",general_prose
luhya_multi_6_multi_swh,swh_Latn,rag_Latn,Ng’ombe pia anafaa apate jinsi anavyokula na wanapokuwa nyumbani wao husumbua sana kwa maana hakuna mahali karibu ambapo pana nyasi ambayo ng’ombe wanafaa kula na washibe.,. Ing’ombe yosi yenyekhana inyole olwa iria nibari ingo kanyasichia muno khubera aumao abundu aambi ari nende obunyasi bwa ing’ombe ikhoyere khuria khuikura.,Conversational
kentrans_2567_swh,swh_Latn,rag_Latn,Nimekutana na shangazi kama amevalia nguo nyeupe -Kumbekumbe,Ndangana na senge niyiviki tsinguvu tsindavu - Tsiswa,general_prose
kentrans_1600_swh,swh_Latn,rag_Latn,Siku moja walipokuwa wakitembea walitaja vitu mbalimbali.,Lidiku lirala lwavaali nivavayaa vaatala kuliiva lievindu lugano lugano.,general_prose
kentrans_37_swh,swh_Latn,rag_Latn,kwa Ndeda,Mara ndeda,general_prose
kentrans_2957_swh,swh_Latn,rag_Latn,Lile limeona kipaza sauti,Lira liiroli lirere,general_prose
kentrans_3191_swh,swh_Latn,rag_Latn,Wayo safi na nzuri huonekanaje?,Induvatiru indavu neindahi irolekaa ndi?,general_prose
kentrans_2376_swh,swh_Latn,rag_Latn,chagua leo baraka,Tovola lero ligasizwa,general_prose
kentrans_3228_swh,swh_Latn,rag_Latn,Tumbiri hupanda kwa miti.,Ingugi ininaa kumisaala.,general_prose
kentrans_1024_swh,swh_Latn,rag_Latn,Agano hili,Lilagano lilye yili,general_prose
kentrans_1623_swh,swh_Latn,rag_Latn,Alienda siku nyingine na kuimba kama Anakamuna alikuwa akiimba.,Yaatsia lidiku lindi niyiimba kuli Anakamuna yimbanga.,general_prose
kentrans_1171_swh,swh_Latn,rag_Latn,Zisizo pungukiwa,E tsi ka nyala khuhwa.,general_prose
kentrans_3033_swh,swh_Latn,rag_Latn,Wanaona panya wawili.,Vaalola vivuudu viviri.,general_prose
kentrans_2480_swh,swh_Latn,rag_Latn,Twaangaza kama taa,Kumulikanga kuli itaya,general_prose
kentrans_2748_swh,swh_Latn,rag_Latn,Kifungua mimba.,Mwana wa mbiri.,general_prose
kentrans_1948_swh,swh_Latn,rag_Latn,Wakati huo mvua haikuwa na watu walikuwa watu walifurahia michezo iliyowapa furaha.,Inyinga yiyi imbula yalange niyagoti na vandu valange no vusangali kokola mikinu josi jo kuyanzitsa.,general_prose
kentrans_700_swh,swh_Latn,rag_Latn,Mwenye nguvu zote,Wetsingulu tsyosi,general_prose
kentrans_3056_swh,swh_Latn,rag_Latn,Ameona fungu moja.,aloli livoho lirala,general_prose
kentrans_753_swh,swh_Latn,rag_Latn,Nifike naye nyumbani kwake.,Nduuke naye hango he.,general_prose
kentrans_413_swh,swh_Latn,rag_Latn,AMININA,AMEN,general_prose
kentrans_1568_swh,swh_Latn,rag_Latn,MAMA NA WATOTO WAKE,MUKEERE NAVAANA VEEVE,general_prose
kentrans_1701_swh,swh_Latn,rag_Latn,"Akipatikana mtu atakayemuua, Kiongozi atampa mali nyingi na bintiye.","Umundu naanyooleka umwita, Mwami alamuha vutugi vunyingi kandi alamuha mukaana weeve.",general_prose
kentrans_856_swh,swh_Latn,rag_Latn,Na sote tutafurahia,Na voosi ku la sangala,general_prose
kentrans_640_swh,swh_Latn,rag_Latn,Msalaba wa Yesu,MUSALABA GWA YESU,general_prose
kentrans_115_swh,swh_Latn,rag_Latn,Yafaa awe njia nyembamba iwapelekao watu pazuri.,Adukana ave inzila inungi ihila avandu ahalahi.,general_prose
kentrans_418_swh,swh_Latn,rag_Latn,Viongozi waligawanya maeneo mbalimbali ambayo yalilindwa na askari na wale waliofanya makosa walikamatwa na kupelekwa kwa viongozi wa utawala.,Avami vagavulanyia kivala mu vidonye vidididi na sia kedonye chali nu musigali walindanga avandu nu kuvagimira lwa vakoli magoso ahirira mwami.,general_prose
kentrans_1677_swh,swh_Latn,rag_Latn,Mama huyo alikuwa na huzuni kwa kuwa hakuona mvulana mzuriwa kumuoa mwanawe,Mukeere Uyo yaali novoveereri ligali kigira siyaalolaa muyayi mulahi ulimuhira mba.,general_prose
kentrans_2899_swh,swh_Latn,rag_Latn,"Kitoto kimoja kilichukua wembe kikaanza kuchezea,mwishowe kilipoteza.","Akaana kalala kavugula logembe nikatanga kukinira, Kamanya nikagotitsa.",general_prose
luhya_multi_49_multi_swh,swh_Latn,rag_Latn,"""Waisiraeli,tii sheria ambazo mulipewa na Mwenyezi Mungu.","""Baisiraeli, ria kamalaka koosi niko Wele Omunyali amwekisia mwesi.""",Conversational
kentrans_90_swh,swh_Latn,rag_Latn,Mwanamke anayeezeka nyumba alikooleka mara nyingi hufukuzwa,"Uluswa umukali unini ku nyumba ukuvimba,akungangwa mulukali hayatsia",general_prose
kentrans_3144_swh,swh_Latn,rag_Latn,Walifanya mitihani jinsi walivyoweza.,Vaakola magera kuli vaalola.,general_prose
kentrans_3303_swh,swh_Latn,rag_Latn,Njia Hapo Debora na Baraka mbali na kelele za hao,Inzira.,general_prose
kentrans_2315_swh,swh_Latn,rag_Latn,Msiwe wakunywa na kulewa,Mutava vahambiki viwaini,general_prose
kentrans_780_swh,swh_Latn,rag_Latn,Atanikumbuka mbinguni.,A ii nzidzulira mwigulu.,general_prose
kentrans_2792_swh,swh_Latn,rag_Latn,Niliwapa wimbi wangu.,Ndagaha ovolo vwange.,general_prose
kentrans_1682_swh,swh_Latn,rag_Latn,Bado tungali vijana,"Kukiri,kukiri,vayayi",general_prose
kentrans_12_swh,swh_Latn,rag_Latn,Nyungu ndogo ya kupikia kuku ni mtoto wa nani,Kayambiva umwanavu?,general_prose
kentrans_2687_swh,swh_Latn,rag_Latn,Haa ni mimi kichoma nguo,Haa ninze ingoyi,general_prose
kentrans_285_swh,swh_Latn,rag_Latn,Nyota amefika kupewa ugali.,ENG’ERENG’ANI YITSI KUGEESA.,general_prose
kentrans_1114_swh,swh_Latn,rag_Latn,"Tuabudu, tuimbe, tukae kwa amani","Kwidzominya; Kwimbe ne mirembe,",general_prose
kentrans_1240_swh,swh_Latn,rag_Latn,"Kristo Mwana wa Mungu, kazaliwa na Maria","Kristo wivulwa na Maria, Mwana wi Nyasaye",general_prose
kentrans_1492_swh,swh_Latn,rag_Latn,"Baada ya kunyoa, ajuza pamoja na msichana waliokota kuni.",Inyima wokuvega mkeere yateenya nomukaana.,general_prose
kentrans_3575_swh,swh_Latn,rag_Latn,"Tumeteseka kwa hofu kuu na shida ya ghafula, uharibifu na maangamizi.","47 Ubutii na bogo vi duki ku kwinye, ubudivi na bwoneku.",general_prose
kentrans_3573_swh,swh_Latn,rag_Latn,Umetufanya takataka na uchafu miongoni mwa watu.,45 U koli kuva kuli amandu na vindu vya tebwa hagati ha avandu.,general_prose
kentrans_2985_swh,swh_Latn,rag_Latn,Bata,Libada,general_prose
kentrans_3465_swh,swh_Latn,rag_Latn,"Ameutupa kutoka mbinguni uzuri wa Israeli, wala hakukumbuka kiti chake cha miguu yake katika siku ya hasira yake.","Bulahi bwa Israeli ya bwagulula Hadi kutwula migulu, na so yidzulitsa intebe yevirenge vivye my lidiku lyobutima bwibwe.",general_prose
kentrans_1620_swh,swh_Latn,rag_Latn,"“Wewe una furaha mno, umekula nini?”","""Yive uveeye nuvusangali muno, ukaliiyeki?""",general_prose
kentrans_2669_swh,swh_Latn,rag_Latn,Niliwapiga,Ndatubama uba!,general_prose
kentrans_2984_swh,swh_Latn,rag_Latn,Chapii,Lubada,general_prose
kentrans_3255_swh,swh_Latn,rag_Latn,Mwenge huwa na mwangaza kidogo,Lumuli luveeye nuvulavu vukekeke.,general_prose
kentrans_1739_swh,swh_Latn,rag_Latn,Teleka aliangua vipi vinda vyake ?,Isimindwa yaalulanga ndi avaana vayo?,general_prose
kentrans_888_swh,swh_Latn,rag_Latn,Rehema zake.,Tsimbibagi titsye.,general_prose
kentrans_2446_swh,swh_Latn,rag_Latn,"Toeni kwa furaha, Mungu asema",Muhane nu vuyanzi Yahova avolanga,general_prose
kentrans_938_swh,swh_Latn,rag_Latn,Msaada umepokea kwa sababu nakupenda.,Bukhonyi bu lerherwi ndi Shigira nda khu yanza.,general_prose
kentrans_497_swh,swh_Latn,rag_Latn,Mwanaume katika ujane wake alikuwa akiishi katika chumba cha malazi. Mwanamke naye alikuwa akiishi katika hori la ng’ombe.,2. Mundu musatsa yakunzakalilanga ivuliri. Mundu mukali ya kunzakalilanga mu kego.,general_prose
kentrans_2546_swh,swh_Latn,rag_Latn,Niko na mzungu ni Malaya -Pesa,Mbeye nu musungu nu mulaya - Tsisendi,general_prose
kentrans_1837_swh,swh_Latn,rag_Latn,Walikuwa wakienda kuishi kwa nyumba ya mwanamke aliyefikia kikomo kwa uwezo wa kupata watoto au kwa mwanamke mjane ambaye hakuolewa tena kwa sababu ya kufikia kikomo kwa uzazi.,Avakana vatsitsanga kogona mu nyumba yo mukeere waleka liivula naho wo musakulu wewe yakutsa ma yavula kwiranywa kigira sia nyala kandi kwivula dave.,general_prose
kentrans_336_swh,swh_Latn,rag_Latn,Sababu yake ni kuwa Mungu anataka kuwapa mtoto mwingine mzuri kuliko huyo aliyeaga.,Kivuni Nyasaye yenya avahe umwana undi umulahi kuvita ukutsi uyu.,general_prose
kentrans_3087_swh,swh_Latn,rag_Latn,Mama ni mwanamke mzuri,Mama aveeye mukali mulahi,general_prose
kentrans_516_swh,swh_Latn,rag_Latn,Wakati mwingine akikataaalikuwa akienda kwao alikopatana na mume mwingine.,Tsinyinga tsindi nasuyi avikilivwa vene yamanyanga atsia wavo manyolelayo musatsa wundi.,general_prose
kentrans_1400_swh,swh_Latn,rag_Latn,"Sisi sote na twimbe, Nao wale wajumbe",Ga la va ga vandu voosi. Krito Mwami wivuliywi.,general_prose
kentrans_1063_swh,swh_Latn,rag_Latn,Nashangaa sana kwa ajili ya mambo wawil;,"Ndolanga nijenya muno, Makhuwa gaviri;",general_prose
kentrans_3064_swh,swh_Latn,rag_Latn,Anaona apeane vizuri.,Alolaa ahane vulahi,general_prose
kentrans_3582_swh,swh_Latn,rag_Latn,"maji yalifunika juu ya kichwa changu, nami nikafikiri nilikuwa karibu kukatiliwa.","54 Amadzi ga viti igulu womutwe gwange, Nda vola, mmali kuheridzwa.",general_prose
kentrans_3577_swh,swh_Latn,rag_Latn,"Macho yangu yatatiririka machozi bila kukoma, bila kupata nafuu","49 Imoni yange I sundukanga amadzi, si I lekeranga mba, si I kamulukanga.",general_prose
kentrans_3057_swh,swh_Latn,rag_Latn,Lile fungu ni dogo.,Livoho lira nirikekeke,general_prose
kentrans_3249_swh,swh_Latn,rag_Latn,Hulala penye magugu mutoni.,Ligonaa mulose.,general_prose
kentrans_1836_swh,swh_Latn,rag_Latn,Msichana akifika miaka kumi na mbili alikuwa akihama kutoka kwa nyumba ya mamake na kwenda kulala na wengine palipotengewa wasichana kulala.,Mukana naduka mu mihiga komi na mbili yamanya atula mu nyumba ya mama wewe atsia kogona na vandi mu chavogono.,general_prose
kentrans_2816_swh,swh_Latn,rag_Latn,Kuku wangu alitaga mayai.,Engoko yange yatera mavuyu.,general_prose
kentrans_1840_swh,swh_Latn,rag_Latn,"Nyumbani kazi ambayo angeweza kuifanya ni kutumwa kwa majirani kupalia moto, na kupakua mboga.","Hango muyinzi gwa yali anyala kokola nu kutumwa mu vatende kwanzala muliru, kwinula tsingutsa.",general_prose
kentrans_2261_swh,swh_Latn,rag_Latn,Na Kujitenga nao uovu,Na mulekane nuvudamanu vwosi.,general_prose
kentrans_357_swh,swh_Latn,rag_Latn,Tena unaweza kuona nyumba na watu wanaotembea juu yake.,Kandi unyala kulola tsinyumba na vandu nivagenda ku.,general_prose
kentrans_3629_swh,swh_Latn,rag_Latn,"Mwisho wetu umekaribia, siku zetu zimetimia maana mwisho wetu umefika.",Kiheri kyetu kiveye himbi amadiku getu ga dukidzi livalidza lyago kigira keheri kyetu kiduki.,general_prose
kentrans_1362_swh,swh_Latn,rag_Latn,Naye malaika kawapasha,Na ingelosi ya va volera:,general_prose
kentrans_1687_swh,swh_Latn,rag_Latn,Alipofika kati kati mwa bonde alianza kujigamba,Yaaduka mumuse hagati natanga kwiyaya naatumba.,general_prose
kentrans_551_swh,swh_Latn,rag_Latn,4. Mwanaume kukaa jikoni.,4. Musatsa kugunza ivwasi.,general_prose
kentrans_2629_swh,swh_Latn,rag_Latn,Jamani Ndiegu.,Ndiegu vava.,general_prose
kentrans_2723_swh,swh_Latn,rag_Latn,Hatuli mawe.,Na sikulitsa amagina dave.,general_prose
kentrans_2765_swh,swh_Latn,rag_Latn,Yamemaliza watoto.,Gamaliye avaana nzie nzie,general_prose
kentrans_2506_swh,swh_Latn,rag_Latn,Umeaibisha mfalme -Uja uzito,"Waleganyia omwami - Injene, Inda",general_prose
